ISO-10303-21;
HEADER;
/* Generated by software containing ST-Developer
 * from STEP Tools, Inc. (www.steptools.com) 
 */

FILE_DESCRIPTION(
/* description */ (''),
/* implementation_level */ '2;1');

FILE_NAME(
/* name */ 'Tie Rod v3.step',
/* time_stamp */ '2023-11-03T21:38:02+10:00',
/* author */ (''),
/* organization */ (''),
/* preprocessor_version */ 'ST-DEVELOPER v20',
/* originating_system */ 'Autodesk Translation Framework v12.14.0.127',

/* authorisation */ '');

FILE_SCHEMA (('AUTOMOTIVE_DESIGN { 1 0 10303 214 3 1 1 }'));
ENDSEC;

DATA;
#10=MECHANICAL_DESIGN_GEOMETRIC_PRESENTATION_REPRESENTATION('',(#137,#138),
#5416);
#11=ITEM_DEFINED_TRANSFORMATION($,$,#1434,#1536);
#12=(
REPRESENTATION_RELATIONSHIP($,$,#5427,#5426)
REPRESENTATION_RELATIONSHIP_WITH_TRANSFORMATION(#11)
SHAPE_REPRESENTATION_RELATIONSHIP()
);
#13=CONTEXT_DEPENDENT_SHAPE_REPRESENTATION(#12,#5425);
#14=NEXT_ASSEMBLY_USAGE_OCCURRENCE('Ball:1','Ball:1','Ball:1',#5429,#5430,
'Ball:1');
#15=ELLIPSE('',#1532,6.32455519310842,2.);
#16=ELLIPSE('',#1534,6.32455519310842,2.);
#17=(
BOUNDED_SURFACE()
B_SPLINE_SURFACE(1,2,((#5339,#5340,#5341),(#5342,#5343,#5344)),
 .UNSPECIFIED.,.F.,.F.,.F.)
B_SPLINE_SURFACE_WITH_KNOTS((2,2),(3,3),(0.310627701765015,2.49838630815254),
(1.0471975511966,2.09439510239319),.UNSPECIFIED.)
GEOMETRIC_REPRESENTATION_ITEM()
RATIONAL_B_SPLINE_SURFACE(((1.,0.866025403784439,1.),(1.,0.866025403784439,
1.)))
REPRESENTATION_ITEM('')
SURFACE()
);
#18=(
BOUNDED_SURFACE()
B_SPLINE_SURFACE(2,2,((#5349,#5350,#5351,#5352,#5353,#5354,#5355),(#5356,
#5357,#5358,#5359,#5360,#5361,#5362),(#5363,#5364,#5365,#5366,#5367,#5368,
#5369)),.UNSPECIFIED.,.F.,.F.,.F.)
B_SPLINE_SURFACE_WITH_KNOTS((3,3),(3,2,2,3),(0.,0.523598762693515),(0.,
1.29176790319645,2.58353580639289,3.87530370958934),.UNSPECIFIED.)
GEOMETRIC_REPRESENTATION_ITEM()
RATIONAL_B_SPLINE_SURFACE(((1.,0.798568024495141,1.,0.798568024495141,1.,
0.798568024495141,1.),(0.965925827959063,0.771357480242103,0.965925827959063,
0.771357480242103,0.965925827959063,0.771357480242103,0.965925827959063),
(1.,0.798568024495141,1.,0.798568024495141,1.,0.798568024495141,1.)))
REPRESENTATION_ITEM('')
SURFACE()
);
#19=(
BOUNDED_SURFACE()
B_SPLINE_SURFACE(2,2,((#5373,#5374,#5375,#5376,#5377,#5378,#5379),(#5380,
#5381,#5382,#5383,#5384,#5385,#5386),(#5387,#5388,#5389,#5390,#5391,#5392,
#5393)),.UNSPECIFIED.,.F.,.F.,.F.)
B_SPLINE_SURFACE_WITH_KNOTS((3,3),(3,2,2,3),(0.,0.523598762693514),(0.,
1.29176790319645,2.58353580639289,3.87530370958934),.UNSPECIFIED.)
GEOMETRIC_REPRESENTATION_ITEM()
RATIONAL_B_SPLINE_SURFACE(((1.,0.798568024495141,1.,0.798568024495141,1.,
0.798568024495141,1.),(0.96592582795908,0.771357480242116,0.96592582795908,
0.771357480242116,0.96592582795908,0.771357480242116,0.96592582795908),
(1.,0.798568024495141,1.,0.798568024495141,1.,0.798568024495141,1.)))
REPRESENTATION_ITEM('')
SURFACE()
);
#20=(
BOUNDED_SURFACE()
B_SPLINE_SURFACE(1,2,((#5395,#5396,#5397),(#5398,#5399,#5400)),
 .UNSPECIFIED.,.F.,.F.,.F.)
B_SPLINE_SURFACE_WITH_KNOTS((2,2),(3,3),(0.310627701765015,2.45033203812637),
(1.0471975511966,2.09439510239319),.UNSPECIFIED.)
GEOMETRIC_REPRESENTATION_ITEM()
RATIONAL_B_SPLINE_SURFACE(((1.,0.866025403784439,1.),(1.,0.866025403784439,
1.)))
REPRESENTATION_ITEM('')
SURFACE()
);
#21=B_SPLINE_SURFACE_WITH_KNOTS('',3,3,((#3739,#3740,#3741,#3742,#3743,
#3744,#3745,#3746,#3747,#3748,#3749,#3750,#3751,#3752,#3753,#3754,#3755,
#3756,#3757,#3758,#3759,#3760,#3761,#3762,#3763,#3764,#3765,#3766,#3767,
#3768,#3769,#3770,#3771,#3772,#3773,#3774,#3775,#3776,#3777,#3778,#3779,
#3780,#3781,#3782,#3783,#3784,#3785,#3786,#3787,#3788,#3789,#3790,#3791,
#3792,#3793,#3794,#3795,#3796,#3797,#3798,#3799,#3800,#3801,#3802,#3803,
#3804,#3805,#3806,#3807,#3808,#3809,#3810,#3811,#3812,#3813,#3814,#3815,
#3816,#3817,#3818,#3819,#3820,#3821,#3822,#3823,#3824,#3825,#3826,#3827,
#3828,#3829,#3830,#3831,#3832,#3833,#3834,#3835,#3836,#3837,#3838,#3839,
#3840,#3841,#3842,#3843,#3844,#3845,#3846,#3847,#3848,#3849,#3850,#3851,
#3852,#3853,#3854,#3855,#3856,#3857,#3858,#3859,#3860,#3861,#3862,#3863,
#3864,#3865,#3866,#3867,#3868,#3869,#3870,#3871,#3872,#3873,#3874,#3875,
#3876,#3877,#3878,#3879,#3880,#3881,#3882,#3883,#3884,#3885),(#3886,#3887,
#3888,#3889,#3890,#3891,#3892,#3893,#3894,#3895,#3896,#3897,#3898,#3899,
#3900,#3901,#3902,#3903,#3904,#3905,#3906,#3907,#3908,#3909,#3910,#3911,
#3912,#3913,#3914,#3915,#3916,#3917,#3918,#3919,#3920,#3921,#3922,#3923,
#3924,#3925,#3926,#3927,#3928,#3929,#3930,#3931,#3932,#3933,#3934,#3935,
#3936,#3937,#3938,#3939,#3940,#3941,#3942,#3943,#3944,#3945,#3946,#3947,
#3948,#3949,#3950,#3951,#3952,#3953,#3954,#3955,#3956,#3957,#3958,#3959,
#3960,#3961,#3962,#3963,#3964,#3965,#3966,#3967,#3968,#3969,#3970,#3971,
#3972,#3973,#3974,#3975,#3976,#3977,#3978,#3979,#3980,#3981,#3982,#3983,
#3984,#3985,#3986,#3987,#3988,#3989,#3990,#3991,#3992,#3993,#3994,#3995,
#3996,#3997,#3998,#3999,#4000,#4001,#4002,#4003,#4004,#4005,#4006,#4007,
#4008,#4009,#4010,#4011,#4012,#4013,#4014,#4015,#4016,#4017,#4018,#4019,
#4020,#4021,#4022,#4023,#4024,#4025,#4026,#4027,#4028,#4029,#4030,#4031,
#4032),(#4033,#4034,#4035,#4036,#4037,#4038,#4039,#4040,#4041,#4042,#4043,
#4044,#4045,#4046,#4047,#4048,#4049,#4050,#4051,#4052,#4053,#4054,#4055,
#4056,#4057,#4058,#4059,#4060,#4061,#4062,#4063,#4064,#4065,#4066,#4067,
#4068,#4069,#4070,#4071,#4072,#4073,#4074,#4075,#4076,#4077,#4078,#4079,
#4080,#4081,#4082,#4083,#4084,#4085,#4086,#4087,#4088,#4089,#4090,#4091,
#4092,#4093,#4094,#4095,#4096,#4097,#4098,#4099,#4100,#4101,#4102,#4103,
#4104,#4105,#4106,#4107,#4108,#4109,#4110,#4111,#4112,#4113,#4114,#4115,
#4116,#4117,#4118,#4119,#4120,#4121,#4122,#4123,#4124,#4125,#4126,#4127,
#4128,#4129,#4130,#4131,#4132,#4133,#4134,#4135,#4136,#4137,#4138,#4139,
#4140,#4141,#4142,#4143,#4144,#4145,#4146,#4147,#4148,#4149,#4150,#4151,
#4152,#4153,#4154,#4155,#4156,#4157,#4158,#4159,#4160,#4161,#4162,#4163,
#4164,#4165,#4166,#4167,#4168,#4169,#4170,#4171,#4172,#4173,#4174,#4175,
#4176,#4177,#4178,#4179),(#4180,#4181,#4182,#4183,#4184,#4185,#4186,#4187,
#4188,#4189,#4190,#4191,#4192,#4193,#4194,#4195,#4196,#4197,#4198,#4199,
#4200,#4201,#4202,#4203,#4204,#4205,#4206,#4207,#4208,#4209,#4210,#4211,
#4212,#4213,#4214,#4215,#4216,#4217,#4218,#4219,#4220,#4221,#4222,#4223,
#4224,#4225,#4226,#4227,#4228,#4229,#4230,#4231,#4232,#4233,#4234,#4235,
#4236,#4237,#4238,#4239,#4240,#4241,#4242,#4243,#4244,#4245,#4246,#4247,
#4248,#4249,#4250,#4251,#4252,#4253,#4254,#4255,#4256,#4257,#4258,#4259,
#4260,#4261,#4262,#4263,#4264,#4265,#4266,#4267,#4268,#4269,#4270,#4271,
#4272,#4273,#4274,#4275,#4276,#4277,#4278,#4279,#4280,#4281,#4282,#4283,
#4284,#4285,#4286,#4287,#4288,#4289,#4290,#4291,#4292,#4293,#4294,#4295,
#4296,#4297,#4298,#4299,#4300,#4301,#4302,#4303,#4304,#4305,#4306,#4307,
#4308,#4309,#4310,#4311,#4312,#4313,#4314,#4315,#4316,#4317,#4318,#4319,
#4320,#4321,#4322,#4323,#4324,#4325,#4326)),.UNSPECIFIED.,.F.,.F.,.F.,(4,
4),(4,1,1,1,1,1,1,1,1,1,1,1,1,1,1,1,1,1,1,1,1,1,1,1,1,1,1,1,1,1,1,1,1,1,
1,1,1,1,1,1,1,1,1,1,1,1,1,1,1,1,1,1,1,1,1,1,1,1,1,1,1,1,1,1,1,1,1,1,1,1,
1,1,1,1,1,1,1,1,1,1,1,1,1,1,1,1,1,1,1,1,1,1,1,1,1,1,1,1,1,1,1,1,1,1,1,1,
1,1,1,1,1,1,1,1,1,1,1,1,1,1,1,1,1,1,1,1,1,1,1,1,1,1,1,1,1,1,1,1,1,1,1,1,
1,1,4),(0.,0.0260384971404521),(11.8317818718443,12.8277313731965,13.8236808745486,
14.8196303759008,15.815579877253,16.8115293786052,17.8074788799574,18.8034283813096,
19.7993778826618,20.7953273840139,21.7912768853661,22.7872263867183,23.7831758880705,
24.7791253894227,25.7750748907749,26.7710243921271,27.7669738934792,28.7629233948314,
29.7588728961836,30.7548223975358,31.750771898888,32.7467214002402,33.7426709015924,
34.7386204029445,35.7345699042967,36.7305194056489,37.7264689070011,38.7224184083533,
39.7183679097055,40.7143174110577,41.7102669124098,42.706216413762,43.7021659151142,
44.6981154164664,45.6940649178186,46.6900144191708,47.685963920523,48.6819134218751,
49.6778629232273,50.6738124245795,51.6697619259317,52.6657114272839,53.6616609286361,
54.6576104299883,55.6535599313404,56.6495094326926,57.6454589340448,58.641408435397,
59.6373579367492,60.6333074381014,61.6292569394536,62.6252064408057,63.6211559421579,
64.6171054435101,65.6130549448623,66.6090044462145,67.6049539475667,68.6009034489189,
69.596852950271,70.5928024516232,71.5887519529754,72.5847014543276,73.5806509556798,
74.576600457032,75.5725499583842,76.5684994597363,77.5644489610885,78.5603984624407,
79.5563479637929,80.5522974651451,81.5482469664973,82.5441964678495,83.5401459692016,
84.5360954705538,85.532044971906,86.5279944732582,87.5239439746104,88.5198934759626,
89.5158429773148,90.5117924786669,91.5077419800191,92.5036914813713,93.4996409827235,
94.4955904840757,95.4915399854279,96.4874894867801,97.4834389881322,98.4793884894844,
99.4753379908366,100.471287492189,101.467236993541,102.463186494893,103.459135996245,
104.455085497598,105.45103499895,106.446984500302,107.442934001654,108.438883503006,
109.434833004358,110.430782505711,111.426732007063,112.422681508415,113.418631009767,
114.414580511119,115.410530012472,116.406479513824,117.402429015176,118.398378516528,
119.39432801788,120.390277519233,121.386227020585,122.382176521937,123.378126023289,
124.374075524641,125.370025025993,126.365974527346,127.361924028698,128.35787353005,
129.353823031402,130.349772532754,131.345722034107,132.341671535459,133.337621036811,
134.333570538163,135.329520039515,136.325469540867,137.32141904222,138.317368543572,
139.313318044924,140.309267546276,141.305217047628,142.301166548981,143.297116050333,
144.293065551685,145.289015053037,146.284964554389,147.280914055742,148.276863557094,
149.272813058446,150.268762559798,151.26471206115,152.260661562502,153.256611063855,
154.252560565207,155.248510066559),.UNSPECIFIED.);
#22=B_SPLINE_SURFACE_WITH_KNOTS('',3,3,((#4431,#4432,#4433,#4434,#4435,
#4436,#4437,#4438,#4439,#4440,#4441,#4442,#4443,#4444,#4445,#4446,#4447,
#4448,#4449,#4450,#4451,#4452,#4453,#4454,#4455,#4456,#4457,#4458,#4459,
#4460,#4461,#4462,#4463,#4464,#4465,#4466,#4467,#4468,#4469,#4470,#4471,
#4472,#4473,#4474,#4475,#4476,#4477,#4478,#4479,#4480,#4481,#4482,#4483,
#4484,#4485,#4486,#4487,#4488,#4489,#4490,#4491,#4492,#4493,#4494,#4495,
#4496,#4497,#4498,#4499,#4500,#4501,#4502,#4503,#4504,#4505,#4506,#4507,
#4508,#4509,#4510,#4511,#4512,#4513,#4514,#4515,#4516,#4517,#4518,#4519,
#4520,#4521,#4522,#4523,#4524,#4525,#4526,#4527,#4528,#4529,#4530,#4531,
#4532,#4533,#4534,#4535,#4536,#4537,#4538,#4539,#4540,#4541,#4542,#4543,
#4544,#4545,#4546,#4547,#4548,#4549,#4550,#4551,#4552,#4553,#4554,#4555,
#4556,#4557,#4558,#4559,#4560,#4561,#4562,#4563,#4564,#4565,#4566,#4567,
#4568,#4569,#4570,#4571,#4572,#4573,#4574,#4575,#4576,#4577),(#4578,#4579,
#4580,#4581,#4582,#4583,#4584,#4585,#4586,#4587,#4588,#4589,#4590,#4591,
#4592,#4593,#4594,#4595,#4596,#4597,#4598,#4599,#4600,#4601,#4602,#4603,
#4604,#4605,#4606,#4607,#4608,#4609,#4610,#4611,#4612,#4613,#4614,#4615,
#4616,#4617,#4618,#4619,#4620,#4621,#4622,#4623,#4624,#4625,#4626,#4627,
#4628,#4629,#4630,#4631,#4632,#4633,#4634,#4635,#4636,#4637,#4638,#4639,
#4640,#4641,#4642,#4643,#4644,#4645,#4646,#4647,#4648,#4649,#4650,#4651,
#4652,#4653,#4654,#4655,#4656,#4657,#4658,#4659,#4660,#4661,#4662,#4663,
#4664,#4665,#4666,#4667,#4668,#4669,#4670,#4671,#4672,#4673,#4674,#4675,
#4676,#4677,#4678,#4679,#4680,#4681,#4682,#4683,#4684,#4685,#4686,#4687,
#4688,#4689,#4690,#4691,#4692,#4693,#4694,#4695,#4696,#4697,#4698,#4699,
#4700,#4701,#4702,#4703,#4704,#4705,#4706,#4707,#4708,#4709,#4710,#4711,
#4712,#4713,#4714,#4715,#4716,#4717,#4718,#4719,#4720,#4721,#4722,#4723,
#4724),(#4725,#4726,#4727,#4728,#4729,#4730,#4731,#4732,#4733,#4734,#4735,
#4736,#4737,#4738,#4739,#4740,#4741,#4742,#4743,#4744,#4745,#4746,#4747,
#4748,#4749,#4750,#4751,#4752,#4753,#4754,#4755,#4756,#4757,#4758,#4759,
#4760,#4761,#4762,#4763,#4764,#4765,#4766,#4767,#4768,#4769,#4770,#4771,
#4772,#4773,#4774,#4775,#4776,#4777,#4778,#4779,#4780,#4781,#4782,#4783,
#4784,#4785,#4786,#4787,#4788,#4789,#4790,#4791,#4792,#4793,#4794,#4795,
#4796,#4797,#4798,#4799,#4800,#4801,#4802,#4803,#4804,#4805,#4806,#4807,
#4808,#4809,#4810,#4811,#4812,#4813,#4814,#4815,#4816,#4817,#4818,#4819,
#4820,#4821,#4822,#4823,#4824,#4825,#4826,#4827,#4828,#4829,#4830,#4831,
#4832,#4833,#4834,#4835,#4836,#4837,#4838,#4839,#4840,#4841,#4842,#4843,
#4844,#4845,#4846,#4847,#4848,#4849,#4850,#4851,#4852,#4853,#4854,#4855,
#4856,#4857,#4858,#4859,#4860,#4861,#4862,#4863,#4864,#4865,#4866,#4867,
#4868,#4869,#4870,#4871),(#4872,#4873,#4874,#4875,#4876,#4877,#4878,#4879,
#4880,#4881,#4882,#4883,#4884,#4885,#4886,#4887,#4888,#4889,#4890,#4891,
#4892,#4893,#4894,#4895,#4896,#4897,#4898,#4899,#4900,#4901,#4902,#4903,
#4904,#4905,#4906,#4907,#4908,#4909,#4910,#4911,#4912,#4913,#4914,#4915,
#4916,#4917,#4918,#4919,#4920,#4921,#4922,#4923,#4924,#4925,#4926,#4927,
#4928,#4929,#4930,#4931,#4932,#4933,#4934,#4935,#4936,#4937,#4938,#4939,
#4940,#4941,#4942,#4943,#4944,#4945,#4946,#4947,#4948,#4949,#4950,#4951,
#4952,#4953,#4954,#4955,#4956,#4957,#4958,#4959,#4960,#4961,#4962,#4963,
#4964,#4965,#4966,#4967,#4968,#4969,#4970,#4971,#4972,#4973,#4974,#4975,
#4976,#4977,#4978,#4979,#4980,#4981,#4982,#4983,#4984,#4985,#4986,#4987,
#4988,#4989,#4990,#4991,#4992,#4993,#4994,#4995,#4996,#4997,#4998,#4999,
#5000,#5001,#5002,#5003,#5004,#5005,#5006,#5007,#5008,#5009,#5010,#5011,
#5012,#5013,#5014,#5015,#5016,#5017,#5018)),.UNSPECIFIED.,.F.,.F.,.F.,(4,
4),(4,1,1,1,1,1,1,1,1,1,1,1,1,1,1,1,1,1,1,1,1,1,1,1,1,1,1,1,1,1,1,1,1,1,
1,1,1,1,1,1,1,1,1,1,1,1,1,1,1,1,1,1,1,1,1,1,1,1,1,1,1,1,1,1,1,1,1,1,1,1,
1,1,1,1,1,1,1,1,1,1,1,1,1,1,1,1,1,1,1,1,1,1,1,1,1,1,1,1,1,1,1,1,1,1,1,1,
1,1,1,1,1,1,1,1,1,1,1,1,1,1,1,1,1,1,1,1,1,1,1,1,1,1,1,1,1,1,1,1,1,1,1,1,
1,1,4),(0.,0.0260384971404521),(14.3974932272897,15.3934427286419,16.3893922299941,
17.3853417313463,18.3812912326985,19.3772407340506,20.3731902354028,21.369139736755,
22.3650892381072,23.3610387394594,24.3569882408116,25.3529377421638,26.3488872435159,
27.3448367448681,28.3407862462203,29.3367357475725,30.3326852489247,31.3286347502769,
32.324584251629,33.3205337529812,34.3164832543334,35.3124327556856,36.3083822570378,
37.30433175839,38.3002812597422,39.2962307610943,40.2921802624465,41.2881297637987,
42.2840792651509,43.2800287665031,44.2759782678553,45.2719277692075,46.2678772705597,
47.2638267719118,48.259776273264,49.2557257746162,50.2516752759684,51.2476247773206,
52.2435742786728,53.239523780025,54.2354732813771,55.2314227827293,56.2273722840815,
57.2233217854337,58.2192712867859,59.2152207881381,60.2111702894903,61.2071197908424,
62.2030692921946,63.1990187935468,64.194968294899,65.1909177962512,66.1868672976034,
67.1828167989555,68.1787663003077,69.1747158016599,70.1706653030121,71.1666148043643,
72.1625643057165,73.1585138070687,74.1544633084208,75.150412809773,76.1463623111252,
77.1423118124774,78.1382613138296,79.1342108151818,80.130160316534,81.1261098178861,
82.1220593192383,83.1180088205905,84.1139583219427,85.1099078232949,86.1058573246471,
87.1018068259993,88.0977563273514,89.0937058287036,90.0896553300558,91.085604831408,
92.0815543327602,93.0775038341124,94.0734533354646,95.0694028368167,96.0653523381689,
97.0613018395211,98.0572513408733,99.0532008422255,100.049150343578,101.04509984493,
102.041049346282,103.036998847634,104.032948348986,105.028897850339,106.024847351691,
107.020796853043,108.016746354395,109.012695855747,110.0086453571,111.004594858452,
112.000544359804,112.996493861156,113.992443362508,114.98839286386,115.984342365213,
116.980291866565,117.976241367917,118.972190869269,119.968140370621,120.964089871974,
121.960039373326,122.955988874678,123.95193837603,124.947887877382,125.943837378735,
126.939786880087,127.935736381439,128.931685882791,129.927635384143,130.923584885495,
131.919534386848,132.9154838882,133.911433389552,134.907382890904,135.903332392256,
136.899281893609,137.895231394961,138.891180896313,139.887130397665,140.883079899017,
141.879029400369,142.874978901722,143.870928403074,144.866877904426,145.862827405778,
146.85877690713,147.854726408483,148.850675909835,149.846625411187,150.842574912539,
151.838524413891,152.834473915244,153.830423416596,154.826372917948,155.8223224193,
156.818271920652,157.814221422004),.UNSPECIFIED.);
#23=B_SPLINE_SURFACE_WITH_KNOTS('',3,3,((#5122,#5123,#5124,#5125),(#5126,
#5127,#5128,#5129),(#5130,#5131,#5132,#5133),(#5134,#5135,#5136,#5137),
(#5138,#5139,#5140,#5141)),.UNSPECIFIED.,.F.,.F.,.F.,(4,1,4),(4,4),(0.166666666666656,
0.25,0.333333333333345),(0.,0.219820386953633),.UNSPECIFIED.);
#24=B_SPLINE_SURFACE_WITH_KNOTS('',3,3,((#5143,#5144,#5145,#5146),(#5147,
#5148,#5149,#5150),(#5151,#5152,#5153,#5154),(#5155,#5156,#5157,#5158),
(#5159,#5160,#5161,#5162)),.UNSPECIFIED.,.F.,.F.,.F.,(4,1,4),(4,4),(-7.06789929214114E-17,
0.08333333333334,0.16666666666668),(0.,0.219823511459332),.UNSPECIFIED.);
#25=B_SPLINE_SURFACE_WITH_KNOTS('',3,3,((#5164,#5165,#5166,#5167),(#5168,
#5169,#5170,#5171),(#5172,#5173,#5174,#5175),(#5176,#5177,#5178,#5179),
(#5180,#5181,#5182,#5183)),.UNSPECIFIED.,.F.,.F.,.F.,(4,1,4),(4,4),(0.333333333333345,
0.416666666666679,0.500000000000012),(0.,0.219823334084334),
 .UNSPECIFIED.);
#26=B_SPLINE_SURFACE_WITH_KNOTS('',3,3,((#5206,#5207,#5208,#5209),(#5210,
#5211,#5212,#5213),(#5214,#5215,#5216,#5217),(#5218,#5219,#5220,#5221),
(#5222,#5223,#5224,#5225)),.UNSPECIFIED.,.F.,.F.,.F.,(4,1,4),(4,4),(-0.166666666666657,
-0.0833333333333287,0.),(0.,0.219823334084296),.UNSPECIFIED.);
#27=B_SPLINE_SURFACE_WITH_KNOTS('',3,3,((#5227,#5228,#5229,#5230),(#5231,
#5232,#5233,#5234),(#5235,#5236,#5237,#5238),(#5239,#5240,#5241,#5242),
(#5243,#5244,#5245,#5246)),.UNSPECIFIED.,.F.,.F.,.F.,(4,1,4),(4,4),(0.666666666666676,
0.75,0.833333333333343),(0.,0.219820386953582),.UNSPECIFIED.);
#28=B_SPLINE_SURFACE_WITH_KNOTS('',3,3,((#5269,#5270,#5271,#5272),(#5273,
#5274,#5275,#5276),(#5277,#5278,#5279,#5280),(#5281,#5282,#5283,#5284),
(#5285,#5286,#5287,#5288)),.UNSPECIFIED.,.F.,.F.,.F.,(4,1,4),(4,4),(0.500000000000008,
0.583333333333344,0.66666666666668),(0.,0.219823511459332),
 .UNSPECIFIED.);
#29=B_SPLINE_CURVE_WITH_KNOTS('',3,(#1843,#1844,#1845,#1846,#1847,#1848,
#1849,#1850,#1851,#1852,#1853,#1854,#1855),.UNSPECIFIED.,.F.,.F.,(4,3,3,
3,4),(139.54054679861,140.428879690658,141.42482919201,142.420778693363,
143.416728194715),.UNSPECIFIED.);
#30=B_SPLINE_CURVE_WITH_KNOTS('',3,(#1858,#1859,#1860,#1861,#1862,#1863,
#1864,#1865,#1866,#1867,#1868,#1869,#1870,#1871,#1872,#1873,#1874,#1875,
#1876),.UNSPECIFIED.,.F.,.F.,(4,3,3,3,3,3,4),(-141.371669411541,-140.428879690658,
-139.432930189306,-138.436980687954,-137.441031186602,-136.445081685249,
-135.823072846876),.UNSPECIFIED.);
#31=B_SPLINE_CURVE_WITH_KNOTS('',3,(#1881,#1882,#1883,#1884,#1885,#1886,
#1887,#1888,#1889,#1890,#1891,#1892,#1893,#1894,#1895,#1896,#1897,#1898,
#1899,#1900,#1901,#1902,#1903,#1904,#1905),.UNSPECIFIED.,.F.,.F.,(4,3,3,
3,3,3,3,3,4),(133.257361491431,133.457233181193,134.453182682545,135.449132183897,
136.445081685249,137.441031186602,138.436980687954,139.432930189306,139.54054679861),
 .UNSPECIFIED.);
#32=B_SPLINE_CURVE_WITH_KNOTS('',3,(#1906,#1907,#1908,#1909,#1910,#1911,
#1912,#1913,#1914,#1915,#1916,#1917,#1918,#1919,#1920,#1921,#1922,#1923,
#1924,#1925,#1926,#1927),.UNSPECIFIED.,.F.,.F.,(4,3,3,3,3,3,3,4),(-135.823072846876,
-135.449132183897,-134.453182682545,-133.457233181193,-132.461283679841,
-131.465334178489,-130.469384677136,-129.539887539696),.UNSPECIFIED.);
#33=B_SPLINE_CURVE_WITH_KNOTS('',3,(#1932,#1933,#1934,#1935,#1936,#1937,
#1938,#1939,#1940,#1941,#1942,#1943,#1944,#1945,#1946,#1947,#1948,#1949,
#1950,#1951,#1952,#1953),.UNSPECIFIED.,.F.,.F.,(4,3,3,3,3,3,3,4),(126.974176184251,
127.48153617308,128.477485674432,129.473435175784,130.469384677136,131.465334178489,
132.461283679841,133.257361491431),.UNSPECIFIED.);
#34=B_SPLINE_CURVE_WITH_KNOTS('',3,(#1954,#1955,#1956,#1957,#1958,#1959,
#1960,#1961,#1962,#1963,#1964,#1965,#1966,#1967,#1968,#1969,#1970,#1971,
#1972,#1973,#1974,#1975,#1976,#1977,#1978),.UNSPECIFIED.,.F.,.F.,(4,3,3,
3,3,3,3,3,4),(-129.539887539696,-129.473435175784,-128.477485674432,-127.48153617308,
-126.485586671728,-125.489637170375,-124.493687669023,-123.497738167671,
-123.256702232517),.UNSPECIFIED.);
#35=B_SPLINE_CURVE_WITH_KNOTS('',3,(#1983,#1984,#1985,#1986,#1987,#1988,
#1989,#1990,#1991,#1992,#1993,#1994,#1995,#1996,#1997,#1998,#1999,#2000,
#2001,#2002,#2003,#2004),.UNSPECIFIED.,.F.,.F.,(4,3,3,3,3,3,3,4),(120.690990877071,
121.505839164967,122.501788666319,123.497738167671,124.493687669023,125.489637170375,
126.485586671728,126.974176184251),.UNSPECIFIED.);
#36=B_SPLINE_CURVE_WITH_KNOTS('',3,(#2005,#2006,#2007,#2008,#2009,#2010,
#2011,#2012,#2013,#2014,#2015,#2016,#2017,#2018,#2019,#2020,#2021,#2022,
#2023,#2024,#2025,#2026),.UNSPECIFIED.,.F.,.F.,(4,3,3,3,3,3,3,4),(-123.256702232517,
-122.501788666319,-121.505839164967,-120.509889663614,-119.513940162262,
-118.51799066091,-117.522041159558,-116.973516925337),.UNSPECIFIED.);
#37=B_SPLINE_CURVE_WITH_KNOTS('',3,(#2031,#2032,#2033,#2034,#2035,#2036,
#2037,#2038,#2039,#2040,#2041,#2042,#2043,#2044,#2045,#2046,#2047,#2048,
#2049,#2050,#2051,#2052,#2053,#2054,#2055),.UNSPECIFIED.,.F.,.F.,(4,3,3,
3,3,3,3,3,4),(114.407805569892,114.534192655501,115.530142156854,116.526091658206,
117.522041159558,118.51799066091,119.513940162262,120.509889663614,120.690990877071),
 .UNSPECIFIED.);
#38=B_SPLINE_CURVE_WITH_KNOTS('',3,(#2056,#2057,#2058,#2059,#2060,#2061,
#2062,#2063,#2064,#2065,#2066,#2067,#2068,#2069,#2070,#2071,#2072,#2073,
#2074,#2075,#2076,#2077),.UNSPECIFIED.,.F.,.F.,(4,3,3,3,3,3,3,4),(-116.973516925337,
-116.526091658206,-115.530142156854,-114.534192655501,-113.538243154149,
-112.542293652797,-111.546344151445,-110.690331618158),.UNSPECIFIED.);
#39=B_SPLINE_CURVE_WITH_KNOTS('',3,(#2082,#2083,#2084,#2085,#2086,#2087,
#2088,#2089,#2090,#2091,#2092,#2093,#2094,#2095,#2096,#2097,#2098,#2099,
#2100,#2101,#2102,#2103),.UNSPECIFIED.,.F.,.F.,(4,3,3,3,3,3,3,4),(108.124620262712,
108.558495647388,109.55444514874,110.550394650093,111.546344151445,112.542293652797,
113.538243154149,114.407805569892),.UNSPECIFIED.);
#40=B_SPLINE_CURVE_WITH_KNOTS('',3,(#2104,#2105,#2106,#2107,#2108,#2109,
#2110,#2111,#2112,#2113,#2114,#2115,#2116,#2117,#2118,#2119,#2120,#2121,
#2122,#2123,#2124,#2125,#2126,#2127,#2128),.UNSPECIFIED.,.F.,.F.,(4,3,3,
3,3,3,3,3,4),(-110.690331618158,-110.550394650093,-109.55444514874,-108.558495647388,
-107.562546146036,-106.566596644684,-105.570647143332,-104.574697641979,
-104.407146310978),.UNSPECIFIED.);
#41=B_SPLINE_CURVE_WITH_KNOTS('',3,(#2133,#2134,#2135,#2136,#2137,#2138,
#2139,#2140,#2141,#2142,#2143,#2144,#2145,#2146,#2147,#2148,#2149,#2150,
#2151,#2152,#2153,#2154),.UNSPECIFIED.,.F.,.F.,(4,3,3,3,3,3,3,4),(101.841434955533,
102.582798639275,103.578748140627,104.57469764198,105.570647143332,106.566596644684,
107.562546146036,108.124620262712),.UNSPECIFIED.);
#42=B_SPLINE_CURVE_WITH_KNOTS('',3,(#2155,#2156,#2157,#2158,#2159,#2160,
#2161,#2162,#2163,#2164,#2165,#2166,#2167,#2168,#2169,#2170,#2171,#2172,
#2173,#2174,#2175,#2176),.UNSPECIFIED.,.F.,.F.,(4,3,3,3,3,3,3,4),(-104.407146310978,
-103.578748140627,-102.582798639275,-101.586849137923,-100.590899636571,
-99.5949501352186,-98.5990006338664,-98.1239610037985),.UNSPECIFIED.);
#43=B_SPLINE_CURVE_WITH_KNOTS('',3,(#2181,#2182,#2183,#2184,#2185,#2186,
#2187,#2188,#2189,#2190,#2191,#2192,#2193,#2194,#2195,#2196,#2197,#2198,
#2199,#2200,#2201,#2202,#2203,#2204,#2205),.UNSPECIFIED.,.F.,.F.,(4,3,3,
3,3,3,3,3,4),(95.558249648353,95.6111521298098,96.607101631162,97.6030511325142,
98.5990006338664,99.5949501352186,100.590899636571,101.586849137923,101.841434955533),
 .UNSPECIFIED.);
#44=B_SPLINE_CURVE_WITH_KNOTS('',3,(#2206,#2207,#2208,#2209,#2210,#2211,
#2212,#2213,#2214,#2215,#2216,#2217,#2218,#2219,#2220,#2221,#2222,#2223,
#2224,#2225,#2226,#2227),.UNSPECIFIED.,.F.,.F.,(4,3,3,3,3,3,3,4),(-98.1239610037985,
-97.6030511325142,-96.607101631162,-95.6111521298098,-94.6152026284577,
-93.6192531271055,-92.6233036257533,-91.8407756966189),.UNSPECIFIED.);
#45=B_SPLINE_CURVE_WITH_KNOTS('',3,(#2232,#2233,#2234,#2235,#2236,#2237,
#2238,#2239,#2240,#2241,#2242,#2243,#2244,#2245,#2246,#2247,#2248,#2249,
#2250,#2251,#2252,#2253),.UNSPECIFIED.,.F.,.F.,(4,3,3,3,3,3,3,4),(89.2750643411734,
89.6354551216967,90.6314046230489,91.6273541244011,92.6233036257533,93.6192531271055,
94.6152026284576,95.558249648353),.UNSPECIFIED.);
#46=B_SPLINE_CURVE_WITH_KNOTS('',3,(#2254,#2255,#2256,#2257,#2258,#2259,
#2260,#2261,#2262,#2263,#2264,#2265,#2266,#2267,#2268,#2269,#2270,#2271,
#2272,#2273,#2274,#2275,#2276,#2277,#2278),.UNSPECIFIED.,.F.,.F.,(4,3,3,
3,3,3,3,3,4),(-91.8407756966189,-91.6273541244011,-90.6314046230489,-89.6354551216967,
-88.6395056203445,-87.6435561189924,-86.6476066176402,-85.651657116288,
-85.5575903894393),.UNSPECIFIED.);
#47=B_SPLINE_CURVE_WITH_KNOTS('',3,(#2283,#2284,#2285,#2286,#2287,#2288,
#2289,#2290,#2291,#2292,#2293,#2294,#2295,#2296,#2297,#2298,#2299,#2300,
#2301,#2302,#2303,#2304),.UNSPECIFIED.,.F.,.F.,(4,3,3,3,3,3,3,4),(82.9918790339938,
83.6597581135836,84.6557076149358,85.651657116288,86.6476066176402,87.6435561189924,
88.6395056203445,89.2750643411734),.UNSPECIFIED.);
#48=B_SPLINE_CURVE_WITH_KNOTS('',3,(#2305,#2306,#2307,#2308,#2309,#2310,
#2311,#2312,#2313,#2314,#2315,#2316,#2317,#2318,#2319,#2320,#2321,#2322,
#2323,#2324,#2325,#2326),.UNSPECIFIED.,.F.,.F.,(4,3,3,3,3,3,3,4),(-85.5575903894393,
-84.6557076149358,-83.6597581135836,-82.6638086122314,-81.6678591108792,
-80.6719096095271,-79.6759601081749,-79.2744050822597),.UNSPECIFIED.);
#49=B_SPLINE_CURVE_WITH_KNOTS('',3,(#2331,#2332,#2333,#2334,#2335,#2336,
#2337,#2338,#2339,#2340,#2341,#2342,#2343,#2344,#2345,#2346,#2347,#2348,
#2349,#2350,#2351,#2352),.UNSPECIFIED.,.F.,.F.,(4,3,3,3,3,3,3,4),(76.7086937268142,
77.6840611054705,78.6800106068227,79.6759601081749,80.671909609527,81.6678591108792,
82.6638086122314,82.9918790339938),.UNSPECIFIED.);
#50=B_SPLINE_CURVE_WITH_KNOTS('',3,(#2353,#2354,#2355,#2356,#2357,#2358,
#2359,#2360,#2361,#2362,#2363,#2364,#2365,#2366,#2367,#2368,#2369,#2370,
#2371,#2372,#2373,#2374),.UNSPECIFIED.,.F.,.F.,(4,3,3,3,3,3,3,4),(-79.2744050822597,
-78.6800106068227,-77.6840611054705,-76.6881116041183,-75.6921621027661,
-74.6962126014139,-73.7002631000617,-72.9912197750802),.UNSPECIFIED.);
#51=B_SPLINE_CURVE_WITH_KNOTS('',3,(#2379,#2380,#2381,#2382,#2383,#2384,
#2385,#2386,#2387,#2388,#2389,#2390,#2391,#2392,#2393,#2394,#2395,#2396,
#2397,#2398,#2399,#2400,#2401,#2402,#2403),.UNSPECIFIED.,.F.,.F.,(4,3,3,
3,3,3,3,3,4),(70.4255084196347,70.7124145960052,71.7083640973574,72.7043135987096,
73.7002631000617,74.6962126014139,75.6921621027661,76.6881116041183,76.7086937268142),
 .UNSPECIFIED.);
#52=B_SPLINE_CURVE_WITH_KNOTS('',3,(#2404,#2405,#2406,#2407,#2408,#2409,
#2410,#2411,#2412,#2413,#2414,#2415,#2416,#2417,#2418,#2419,#2420,#2421,
#2422,#2423,#2424,#2425,#2426,#2427,#2428),.UNSPECIFIED.,.F.,.F.,(4,3,3,
3,3,3,3,3,4),(-72.9912197750802,-72.7043135987096,-71.7083640973574,-70.7124145960052,
-69.716465094653,-68.7205155933008,-67.7245660919486,-66.7286165905964,
-66.7080344679006),.UNSPECIFIED.);
#53=B_SPLINE_CURVE_WITH_KNOTS('',3,(#2433,#2434,#2435,#2436,#2437,#2438,
#2439,#2440,#2441,#2442,#2443,#2444,#2445,#2446,#2447,#2448,#2449,#2450,
#2451,#2452,#2453,#2454),.UNSPECIFIED.,.F.,.F.,(4,3,3,3,3,3,3,4),(64.142323112455,
64.7367175878921,65.7326670892443,66.7286165905964,67.7245660919486,68.7205155933008,
69.716465094653,70.4255084196347),.UNSPECIFIED.);
#54=B_SPLINE_CURVE_WITH_KNOTS('',3,(#2455,#2456,#2457,#2458,#2459,#2460,
#2461,#2462,#2463,#2464,#2465,#2466,#2467,#2468,#2469,#2470,#2471,#2472,
#2473,#2474,#2475,#2476),.UNSPECIFIED.,.F.,.F.,(4,3,3,3,3,3,3,4),(-66.7080344679006,
-65.7326670892443,-64.7367175878921,-63.7407680865399,-62.7448185851877,
-61.7488690838355,-60.7529195824833,-60.424849160721),.UNSPECIFIED.);
#55=B_SPLINE_CURVE_WITH_KNOTS('',3,(#2481,#2482,#2483,#2484,#2485,#2486,
#2487,#2488,#2489,#2490,#2491,#2492,#2493,#2494,#2495,#2496,#2497,#2498,
#2499,#2500,#2501,#2502),.UNSPECIFIED.,.F.,.F.,(4,3,3,3,3,3,3,4),(57.8591378052755,
58.761020579779,59.7569700811311,60.7529195824833,61.7488690838355,62.7448185851877,
63.7407680865399,64.142323112455),.UNSPECIFIED.);
#56=B_SPLINE_CURVE_WITH_KNOTS('',3,(#2503,#2504,#2505,#2506,#2507,#2508,
#2509,#2510,#2511,#2512,#2513,#2514,#2515,#2516,#2517,#2518,#2519,#2520,
#2521,#2522,#2523,#2524),.UNSPECIFIED.,.F.,.F.,(4,3,3,3,3,3,3,4),(-60.424849160721,
-59.7569700811312,-58.761020579779,-57.7650710784268,-56.7691215770746,
-55.7731720757224,-54.7772225743702,-54.1416638535414),.UNSPECIFIED.);
#57=B_SPLINE_CURVE_WITH_KNOTS('',3,(#2529,#2530,#2531,#2532,#2533,#2534,
#2535,#2536,#2537,#2538,#2539,#2540,#2541,#2542,#2543,#2544,#2545,#2546,
#2547,#2548,#2549,#2550,#2551,#2552,#2553),.UNSPECIFIED.,.F.,.F.,(4,3,3,
3,3,3,3,3,4),(51.5759524980959,51.7893740703136,52.7853235716658,53.781273073018,
54.7772225743702,55.7731720757224,56.7691215770746,57.7650710784268,57.8591378052755),
 .UNSPECIFIED.);
#58=B_SPLINE_CURVE_WITH_KNOTS('',3,(#2554,#2555,#2556,#2557,#2558,#2559,
#2560,#2561,#2562,#2563,#2564,#2565,#2566,#2567,#2568,#2569,#2570,#2571,
#2572,#2573,#2574,#2575),.UNSPECIFIED.,.F.,.F.,(4,3,3,3,3,3,3,4),(-54.1416638535414,
-53.781273073018,-52.7853235716658,-51.7893740703137,-50.7934245689615,
-49.7974750676093,-48.8015255662571,-47.8584785463618),.UNSPECIFIED.);
#59=B_SPLINE_CURVE_WITH_KNOTS('',3,(#2580,#2581,#2582,#2583,#2584,#2585,
#2586,#2587,#2588,#2589,#2590,#2591,#2592,#2593,#2594,#2595,#2596,#2597,
#2598,#2599,#2600,#2601),.UNSPECIFIED.,.F.,.F.,(4,3,3,3,3,3,3,4),(45.2927671909163,
45.8136770622005,46.8096265635527,47.8055760649049,48.8015255662571,49.7974750676093,
50.7934245689615,51.5759524980959),.UNSPECIFIED.);
#60=B_SPLINE_CURVE_WITH_KNOTS('',3,(#2602,#2603,#2604,#2605,#2606,#2607,
#2608,#2609,#2610,#2611,#2612,#2613,#2614,#2615,#2616,#2617,#2618,#2619,
#2620,#2621,#2622,#2623,#2624,#2625,#2626),.UNSPECIFIED.,.F.,.F.,(4,3,3,
3,3,3,3,3,4),(-47.8584785463618,-47.8055760649049,-46.8096265635527,-45.8136770622006,
-44.8177275608484,-43.8217780594962,-42.825828558144,-41.8298790567918,
-41.5752932391822),.UNSPECIFIED.);
#61=B_SPLINE_CURVE_WITH_KNOTS('',3,(#2631,#2632,#2633,#2634,#2635,#2636,
#2637,#2638,#2639,#2640,#2641,#2642,#2643,#2644,#2645,#2646,#2647,#2648,
#2649,#2650,#2651,#2652),.UNSPECIFIED.,.F.,.F.,(4,3,3,3,3,3,3,4),(39.0095818837367,
39.8379800540874,40.8339295554396,41.8298790567918,42.825828558144,43.8217780594962,
44.8177275608484,45.2927671909163),.UNSPECIFIED.);
#62=B_SPLINE_CURVE_WITH_KNOTS('',3,(#2653,#2654,#2655,#2656,#2657,#2658,
#2659,#2660,#2661,#2662,#2663,#2664,#2665,#2666,#2667,#2668,#2669,#2670,
#2671,#2672,#2673,#2674),.UNSPECIFIED.,.F.,.F.,(4,3,3,3,3,3,3,4),(-41.5752932391822,
-40.8339295554396,-39.8379800540874,-38.8420305527352,-37.8460810513831,
-36.8501315500309,-35.8541820486787,-35.2921079320026),.UNSPECIFIED.);
#63=B_SPLINE_CURVE_WITH_KNOTS('',3,(#2679,#2680,#2681,#2682,#2683,#2684,
#2685,#2686,#2687,#2688,#2689,#2690,#2691,#2692,#2693,#2694,#2695,#2696,
#2697,#2698,#2699,#2700,#2701,#2702,#2703),.UNSPECIFIED.,.F.,.F.,(4,3,3,
3,3,3,3,3,4),(32.7263965765571,32.8663335446221,33.8622830459743,34.8582325473265,
35.8541820486787,36.8501315500309,37.8460810513831,38.8420305527352,39.0095818837367),
 .UNSPECIFIED.);
#64=B_SPLINE_CURVE_WITH_KNOTS('',3,(#2704,#2705,#2706,#2707,#2708,#2709,
#2710,#2711,#2712,#2713,#2714,#2715,#2716,#2717,#2718,#2719,#2720,#2721,
#2722,#2723,#2724,#2725),.UNSPECIFIED.,.F.,.F.,(4,3,3,3,3,3,3,4),(-35.2921079320026,
-34.8582325473265,-33.8622830459743,-32.8663335446221,-31.8703840432699,
-30.8744345419178,-29.8784850405656,-29.008922624823),.UNSPECIFIED.);
#65=B_SPLINE_CURVE_WITH_KNOTS('',3,(#2730,#2731,#2732,#2733,#2734,#2735,
#2736,#2737,#2738,#2739,#2740,#2741,#2742,#2743,#2744,#2745,#2746,#2747,
#2748,#2749,#2750,#2751),.UNSPECIFIED.,.F.,.F.,(4,3,3,3,3,3,3,4),(26.4432112693775,
26.890636536509,27.8865860378612,28.8825355392134,29.8784850405656,30.8744345419178,
31.8703840432699,32.7263965765571),.UNSPECIFIED.);
#66=B_SPLINE_CURVE_WITH_KNOTS('',3,(#2752,#2753,#2754,#2755,#2756,#2757,
#2758,#2759,#2760,#2761,#2762,#2763,#2764,#2765,#2766,#2767,#2768,#2769,
#2770,#2771,#2772,#2773,#2774,#2775,#2776),.UNSPECIFIED.,.F.,.F.,(4,3,3,
3,3,3,3,3,4),(-29.008922624823,-28.8825355392134,-27.8865860378612,-26.890636536509,
-25.8946870351568,-24.8987375338046,-23.9027880324525,-22.9068385311003,
-22.7257373176434),.UNSPECIFIED.);
#67=B_SPLINE_CURVE_WITH_KNOTS('',3,(#2781,#2782,#2783,#2784,#2785,#2786,
#2787,#2788,#2789,#2790,#2791,#2792,#2793,#2794,#2795,#2796,#2797,#2798,
#2799,#2800,#2801,#2802),.UNSPECIFIED.,.F.,.F.,(4,3,3,3,3,3,3,4),(20.1600259621979,
20.9149395283959,21.9108890297481,22.9068385311003,23.9027880324525,24.8987375338046,
25.8946870351568,26.4432112693775),.UNSPECIFIED.);
#68=B_SPLINE_CURVE_WITH_KNOTS('',3,(#2803,#2804,#2805,#2806,#2807,#2808,
#2809,#2810,#2811,#2812,#2813,#2814,#2815,#2816,#2817,#2818,#2819,#2820,
#2821,#2822,#2823,#2824),.UNSPECIFIED.,.F.,.F.,(4,3,3,3,3,3,3,4),(-22.7257373176434,
-21.9108890297481,-20.9149395283959,-19.9189900270437,-18.9230405256915,
-17.9270910243393,-16.9311415229872,-16.4425520104638),.UNSPECIFIED.);
#69=B_SPLINE_CURVE_WITH_KNOTS('',3,(#2829,#2830,#2831,#2832,#2833,#2834,
#2835,#2836,#2837,#2838,#2839,#2840,#2841,#2842,#2843,#2844,#2845,#2846,
#2847,#2848,#2849,#2850,#2851,#2852,#2853),.UNSPECIFIED.,.F.,.F.,(4,3,3,
3,3,3,3,3,4),(13.8768406550183,13.9432930189306,14.9392425202828,15.935192021635,
16.9311415229872,17.9270910243393,18.9230405256915,19.9189900270437,20.1600259621979),
 .UNSPECIFIED.);
#70=B_SPLINE_CURVE_WITH_KNOTS('',3,(#2854,#2855,#2856,#2857,#2858,#2859,
#2860,#2861,#2862,#2863,#2864,#2865,#2866,#2867,#2868,#2869,#2870,#2871,
#2872,#2873,#2874,#2875),.UNSPECIFIED.,.F.,.F.,(4,3,3,3,3,3,3,4),(-16.4425520104638,
-15.935192021635,-14.9392425202828,-13.9432930189306,-12.9473435175784,
-11.9513940162262,-10.955444514874,-10.1593667032842),.UNSPECIFIED.);
#71=B_SPLINE_CURVE_WITH_KNOTS('',3,(#2881,#2882,#2883,#2884,#2885,#2886,
#2887,#2888,#2889,#2890,#2891,#2892,#2893),.UNSPECIFIED.,.F.,.F.,(4,3,3,
3,4),(-3.87618139610466,-2.98784850405656,-1.99189900270437,-0.995949501352186,
0.),.UNSPECIFIED.);
#72=B_SPLINE_CURVE_WITH_KNOTS('',3,(#2896,#2897,#2898,#2899,#2900,#2901,
#2902,#2903,#2904,#2905,#2906,#2907,#2908,#2909,#2910,#2911,#2912,#2913,
#2914),.UNSPECIFIED.,.F.,.F.,(4,3,3,3,3,3,4),(2.04505878317408,2.98784850405656,
3.98379800540874,4.97974750676093,5.97569700811311,6.9716465094653,7.59365534783875),
 .UNSPECIFIED.);
#73=B_SPLINE_CURVE_WITH_KNOTS('',3,(#2920,#2921,#2922,#2923,#2924),
 .UNSPECIFIED.,.F.,.F.,(4,1,4),(153.9380400259,154.252560565207,155.248510066559),
 .UNSPECIFIED.);
#74=B_SPLINE_CURVE_WITH_KNOTS('',3,(#2927,#2928,#2929,#2930,#2931),
 .UNSPECIFIED.,.F.,.F.,(4,1,4),(153.9380400259,154.826372917948,155.76916263883),
 .UNSPECIFIED.);
#75=B_SPLINE_CURVE_WITH_KNOTS('',3,(#2936,#2937,#2938,#2939,#2940,#2941,
#2942,#2943,#2944,#2945),.UNSPECIFIED.,.F.,.F.,(4,1,1,1,1,1,1,4),(147.65485471872,
148.276863557094,149.272813058446,150.268762559798,151.26471206115,152.260661562502,
153.256611063855,153.9380400259),.UNSPECIFIED.);
#76=B_SPLINE_CURVE_WITH_KNOTS('',3,(#2946,#2947,#2948,#2949,#2950,#2951,
#2952,#2953,#2954,#2955,#2956),.UNSPECIFIED.,.F.,.F.,(4,1,1,1,1,1,1,1,4),
(147.65485471872,147.854726408483,148.850675909835,149.846625411187,150.842574912539,
151.838524413891,152.834473915244,153.830423416596,153.9380400259),
 .UNSPECIFIED.);
#77=B_SPLINE_CURVE_WITH_KNOTS('',3,(#2961,#2962,#2963,#2964,#2965,#2966,
#2967,#2968,#2969,#2970),.UNSPECIFIED.,.F.,.F.,(4,1,1,1,1,1,1,4),(141.371669411541,
142.301166548981,143.297116050333,144.293065551685,145.289015053037,146.284964554389,
147.280914055742,147.65485471872),.UNSPECIFIED.);
#78=B_SPLINE_CURVE_WITH_KNOTS('',3,(#2971,#2972,#2973,#2974,#2975,#2976,
#2977,#2978,#2979,#2980),.UNSPECIFIED.,.F.,.F.,(4,1,1,1,1,1,1,4),(141.371669411541,
141.879029400369,142.874978901722,143.870928403074,144.866877904426,145.862827405778,
146.85877690713,147.65485471872),.UNSPECIFIED.);
#79=B_SPLINE_CURVE_WITH_KNOTS('',3,(#2985,#2986,#2987,#2988,#2989,#2990,
#2991,#2992,#2993,#2994,#2995),.UNSPECIFIED.,.F.,.F.,(4,1,1,1,1,1,1,1,4),
(135.088484104361,135.329520039515,136.325469540867,137.32141904222,138.317368543572,
139.313318044924,140.309267546276,141.305217047628,141.371669411541),
 .UNSPECIFIED.);
#80=B_SPLINE_CURVE_WITH_KNOTS('',3,(#2996,#2997,#2998,#2999,#3000,#3001,
#3002,#3003,#3004,#3005),.UNSPECIFIED.,.F.,.F.,(4,1,1,1,1,1,1,4),(135.088484104361,
135.903332392256,136.899281893609,137.895231394961,138.891180896313,139.887130397665,
140.883079899017,141.371669411541),.UNSPECIFIED.);
#81=B_SPLINE_CURVE_WITH_KNOTS('',3,(#3010,#3011,#3012,#3013,#3014,#3015,
#3016,#3017,#3018,#3019),.UNSPECIFIED.,.F.,.F.,(4,1,1,1,1,1,1,4),(128.805298797182,
129.353823031402,130.349772532754,131.345722034107,132.341671535459,133.337621036811,
134.333570538163,135.088484104361),.UNSPECIFIED.);
#82=B_SPLINE_CURVE_WITH_KNOTS('',3,(#3020,#3021,#3022,#3023,#3024,#3025,
#3026,#3027,#3028,#3029,#3030),.UNSPECIFIED.,.F.,.F.,(4,1,1,1,1,1,1,1,4),
(128.805298797182,128.931685882791,129.927635384143,130.923584885495,131.919534386848,
132.9154838882,133.911433389552,134.907382890904,135.088484104361),
 .UNSPECIFIED.);
#83=B_SPLINE_CURVE_WITH_KNOTS('',3,(#3035,#3036,#3037,#3038,#3039,#3040,
#3041,#3042,#3043,#3044),.UNSPECIFIED.,.F.,.F.,(4,1,1,1,1,1,1,4),(122.522113490002,
123.378126023289,124.374075524641,125.370025025993,126.365974527346,127.361924028698,
128.35787353005,128.805298797182),.UNSPECIFIED.);
#84=B_SPLINE_CURVE_WITH_KNOTS('',3,(#3045,#3046,#3047,#3048,#3049,#3050,
#3051,#3052,#3053,#3054),.UNSPECIFIED.,.F.,.F.,(4,1,1,1,1,1,1,4),(122.522113490002,
122.955988874678,123.95193837603,124.947887877382,125.943837378735,126.939786880087,
127.935736381439,128.805298797182),.UNSPECIFIED.);
#85=B_SPLINE_CURVE_WITH_KNOTS('',3,(#3059,#3060,#3061,#3062,#3063,#3064,
#3065,#3066,#3067,#3068,#3069),.UNSPECIFIED.,.F.,.F.,(4,1,1,1,1,1,1,1,4),
(116.238928182822,116.406479513824,117.402429015176,118.398378516528,119.39432801788,
120.390277519233,121.386227020585,122.382176521937,122.522113490002),
 .UNSPECIFIED.);
#86=B_SPLINE_CURVE_WITH_KNOTS('',3,(#3070,#3071,#3072,#3073,#3074,#3075,
#3076,#3077,#3078,#3079),.UNSPECIFIED.,.F.,.F.,(4,1,1,1,1,1,1,4),(116.238928182822,
116.980291866565,117.976241367917,118.972190869269,119.968140370621,120.964089871974,
121.960039373326,122.522113490002),.UNSPECIFIED.);
#87=B_SPLINE_CURVE_WITH_KNOTS('',3,(#3084,#3085,#3086,#3087,#3088,#3089,
#3090,#3091,#3092,#3093),.UNSPECIFIED.,.F.,.F.,(4,1,1,1,1,1,1,4),(109.955742875643,
110.430782505711,111.426732007063,112.422681508415,113.418631009767,114.414580511119,
115.410530012472,116.238928182822),.UNSPECIFIED.);
#88=B_SPLINE_CURVE_WITH_KNOTS('',3,(#3094,#3095,#3096,#3097,#3098,#3099,
#3100,#3101,#3102,#3103,#3104),.UNSPECIFIED.,.F.,.F.,(4,1,1,1,1,1,1,1,4),
(109.955742875643,110.0086453571,111.004594858452,112.000544359804,112.996493861156,
113.992443362508,114.98839286386,115.984342365213,116.238928182822),
 .UNSPECIFIED.);
#89=B_SPLINE_CURVE_WITH_KNOTS('',3,(#3109,#3110,#3111,#3112,#3113,#3114,
#3115,#3116,#3117,#3118),.UNSPECIFIED.,.F.,.F.,(4,1,1,1,1,1,1,4),(103.672557568463,
104.455085497598,105.45103499895,106.446984500302,107.442934001654,108.438883503006,
109.434833004358,109.955742875643),.UNSPECIFIED.);
#90=B_SPLINE_CURVE_WITH_KNOTS('',3,(#3119,#3120,#3121,#3122,#3123,#3124,
#3125,#3126,#3127,#3128),.UNSPECIFIED.,.F.,.F.,(4,1,1,1,1,1,1,4),(103.672557568463,
104.032948348986,105.028897850339,106.024847351691,107.020796853043,108.016746354395,
109.012695855747,109.955742875643),.UNSPECIFIED.);
#91=B_SPLINE_CURVE_WITH_KNOTS('',3,(#3133,#3134,#3135,#3136,#3137,#3138,
#3139,#3140,#3141,#3142,#3143),.UNSPECIFIED.,.F.,.F.,(4,1,1,1,1,1,1,1,4),
(97.3893722612836,97.4834389881322,98.4793884894844,99.4753379908366,100.471287492189,
101.467236993541,102.463186494893,103.459135996245,103.672557568463),
 .UNSPECIFIED.);
#92=B_SPLINE_CURVE_WITH_KNOTS('',3,(#3144,#3145,#3146,#3147,#3148,#3149,
#3150,#3151,#3152,#3153),.UNSPECIFIED.,.F.,.F.,(4,1,1,1,1,1,1,4),(97.3893722612836,
98.0572513408733,99.0532008422255,100.049150343578,101.04509984493,102.041049346282,
103.036998847634,103.672557568463),.UNSPECIFIED.);
#93=B_SPLINE_CURVE_WITH_KNOTS('',3,(#3158,#3159,#3160,#3161,#3162,#3163,
#3164,#3165,#3166,#3167),.UNSPECIFIED.,.F.,.F.,(4,1,1,1,1,1,1,4),(91.106186954104,
91.5077419800191,92.5036914813713,93.4996409827235,94.4955904840757,95.4915399854279,
96.4874894867801,97.3893722612836),.UNSPECIFIED.);
#94=B_SPLINE_CURVE_WITH_KNOTS('',3,(#3168,#3169,#3170,#3171,#3172,#3173,
#3174,#3175,#3176,#3177),.UNSPECIFIED.,.F.,.F.,(4,1,1,1,1,1,1,4),(91.106186954104,
92.0815543327602,93.0775038341124,94.0734533354646,95.0694028368167,96.0653523381689,
97.0613018395211,97.3893722612836),.UNSPECIFIED.);
#95=B_SPLINE_CURVE_WITH_KNOTS('',3,(#3182,#3183,#3184,#3185,#3186,#3187,
#3188,#3189,#3190,#3191),.UNSPECIFIED.,.F.,.F.,(4,1,1,1,1,1,1,4),(84.8230016469245,
85.532044971906,86.5279944732582,87.5239439746104,88.5198934759626,89.5158429773148,
90.5117924786669,91.106186954104),.UNSPECIFIED.);
#96=B_SPLINE_CURVE_WITH_KNOTS('',3,(#3192,#3193,#3194,#3195,#3196,#3197,
#3198,#3199,#3200,#3201,#3202),.UNSPECIFIED.,.F.,.F.,(4,1,1,1,1,1,1,1,4),
(84.8230016469245,85.1099078232949,86.1058573246471,87.1018068259993,88.0977563273514,
89.0937058287036,90.0896553300558,91.085604831408,91.106186954104),
 .UNSPECIFIED.);
#97=B_SPLINE_CURVE_WITH_KNOTS('',3,(#3207,#3208,#3209,#3210,#3211,#3212,
#3213,#3214,#3215,#3216,#3217),.UNSPECIFIED.,.F.,.F.,(4,1,1,1,1,1,1,1,4),
(78.5398163397449,78.5603984624407,79.5563479637929,80.5522974651451,81.5482469664973,
82.5441964678495,83.5401459692016,84.5360954705538,84.8230016469245),
 .UNSPECIFIED.);
#98=B_SPLINE_CURVE_WITH_KNOTS('',3,(#3218,#3219,#3220,#3221,#3222,#3223,
#3224,#3225,#3226,#3227),.UNSPECIFIED.,.F.,.F.,(4,1,1,1,1,1,1,4),(78.5398163397449,
79.1342108151818,80.130160316534,81.1261098178861,82.1220593192383,83.1180088205905,
84.1139583219427,84.8230016469245),.UNSPECIFIED.);
#99=B_SPLINE_CURVE_WITH_KNOTS('',3,(#3232,#3233,#3234,#3235,#3236,#3237,
#3238,#3239,#3240,#3241),.UNSPECIFIED.,.F.,.F.,(4,1,1,1,1,1,1,4),(72.2566310325653,
72.5847014543276,73.5806509556798,74.576600457032,75.5725499583842,76.5684994597363,
77.5644489610885,78.5398163397449),.UNSPECIFIED.);
#100=B_SPLINE_CURVE_WITH_KNOTS('',3,(#3242,#3243,#3244,#3245,#3246,#3247,
#3248,#3249,#3250,#3251),.UNSPECIFIED.,.F.,.F.,(4,1,1,1,1,1,1,4),(72.2566310325653,
73.1585138070687,74.1544633084208,75.150412809773,76.1463623111252,77.1423118124774,
78.1382613138296,78.5398163397449),.UNSPECIFIED.);
#101=B_SPLINE_CURVE_WITH_KNOTS('',3,(#3256,#3257,#3258,#3259,#3260,#3261,
#3262,#3263,#3264,#3265),.UNSPECIFIED.,.F.,.F.,(4,1,1,1,1,1,1,4),(65.9734457253857,
66.6090044462145,67.6049539475667,68.6009034489189,69.596852950271,70.5928024516232,
71.5887519529754,72.2566310325653),.UNSPECIFIED.);
#102=B_SPLINE_CURVE_WITH_KNOTS('',3,(#3266,#3267,#3268,#3269,#3270,#3271,
#3272,#3273,#3274,#3275,#3276),.UNSPECIFIED.,.F.,.F.,(4,1,1,1,1,1,1,1,4),
(65.9734457253857,66.1868672976034,67.1828167989555,68.1787663003077,69.1747158016599,
70.1706653030121,71.1666148043643,72.1625643057165,72.2566310325653),
 .UNSPECIFIED.);
#103=B_SPLINE_CURVE_WITH_KNOTS('',3,(#3281,#3282,#3283,#3284,#3285,#3286,
#3287,#3288,#3289,#3290),.UNSPECIFIED.,.F.,.F.,(4,1,1,1,1,1,1,4),(59.6902604182061,
60.6333074381014,61.6292569394536,62.6252064408057,63.6211559421579,64.6171054435101,
65.6130549448623,65.9734457253857),.UNSPECIFIED.);
#104=B_SPLINE_CURVE_WITH_KNOTS('',3,(#3291,#3292,#3293,#3294,#3295,#3296,
#3297,#3298,#3299,#3300),.UNSPECIFIED.,.F.,.F.,(4,1,1,1,1,1,1,4),(59.6902604182061,
60.2111702894903,61.2071197908424,62.2030692921946,63.1990187935468,64.194968294899,
65.1909177962512,65.9734457253857),.UNSPECIFIED.);
#105=B_SPLINE_CURVE_WITH_KNOTS('',3,(#3305,#3306,#3307,#3308,#3309,#3310,
#3311,#3312,#3313,#3314,#3315),.UNSPECIFIED.,.F.,.F.,(4,1,1,1,1,1,1,1,4),
(53.4070751110265,53.6616609286361,54.6576104299883,55.6535599313404,56.6495094326926,
57.6454589340448,58.641408435397,59.6373579367492,59.6902604182061),
 .UNSPECIFIED.);
#106=B_SPLINE_CURVE_WITH_KNOTS('',3,(#3316,#3317,#3318,#3319,#3320,#3321,
#3322,#3323,#3324,#3325),.UNSPECIFIED.,.F.,.F.,(4,1,1,1,1,1,1,4),(53.4070751110265,
54.2354732813771,55.2314227827293,56.2273722840815,57.2233217854337,58.2192712867859,
59.2152207881381,59.6902604182061),.UNSPECIFIED.);
#107=B_SPLINE_CURVE_WITH_KNOTS('',3,(#3330,#3331,#3332,#3333,#3334,#3335,
#3336,#3337,#3338,#3339),.UNSPECIFIED.,.F.,.F.,(4,1,1,1,1,1,1,4),(47.1238898038469,
47.685963920523,48.6819134218751,49.6778629232273,50.6738124245795,51.6697619259317,
52.6657114272839,53.4070751110265),.UNSPECIFIED.);
#108=B_SPLINE_CURVE_WITH_KNOTS('',3,(#3340,#3341,#3342,#3343,#3344,#3345,
#3346,#3347,#3348,#3349,#3350),.UNSPECIFIED.,.F.,.F.,(4,1,1,1,1,1,1,1,4),
(47.1238898038469,47.2638267719118,48.259776273264,49.2557257746162,50.2516752759684,
51.2476247773206,52.2435742786728,53.239523780025,53.4070751110265),
 .UNSPECIFIED.);
#109=B_SPLINE_CURVE_WITH_KNOTS('',3,(#3355,#3356,#3357,#3358,#3359,#3360,
#3361,#3362,#3363,#3364),.UNSPECIFIED.,.F.,.F.,(4,1,1,1,1,1,1,4),(40.8407044966673,
41.7102669124098,42.706216413762,43.7021659151142,44.6981154164664,45.6940649178186,
46.6900144191708,47.1238898038469),.UNSPECIFIED.);
#110=B_SPLINE_CURVE_WITH_KNOTS('',3,(#3365,#3366,#3367,#3368,#3369,#3370,
#3371,#3372,#3373,#3374),.UNSPECIFIED.,.F.,.F.,(4,1,1,1,1,1,1,4),(40.8407044966673,
41.2881297637987,42.2840792651509,43.2800287665031,44.2759782678553,45.2719277692075,
46.2678772705597,47.1238898038469),.UNSPECIFIED.);
#111=B_SPLINE_CURVE_WITH_KNOTS('',3,(#3379,#3380,#3381,#3382,#3383,#3384,
#3385,#3386,#3387,#3388,#3389),.UNSPECIFIED.,.F.,.F.,(4,1,1,1,1,1,1,1,4),
(34.5575191894877,34.7386204029445,35.7345699042967,36.7305194056489,37.7264689070011,
38.7224184083533,39.7183679097055,40.7143174110577,40.8407044966673),
 .UNSPECIFIED.);
#112=B_SPLINE_CURVE_WITH_KNOTS('',3,(#3390,#3391,#3392,#3393,#3394,#3395,
#3396,#3397,#3398,#3399),.UNSPECIFIED.,.F.,.F.,(4,1,1,1,1,1,1,4),(34.5575191894877,
35.3124327556856,36.3083822570378,37.30433175839,38.3002812597422,39.2962307610943,
40.2921802624465,40.8407044966673),.UNSPECIFIED.);
#113=B_SPLINE_CURVE_WITH_KNOTS('',3,(#3404,#3405,#3406,#3407,#3408,#3409,
#3410,#3411,#3412,#3413),.UNSPECIFIED.,.F.,.F.,(4,1,1,1,1,1,1,4),(28.2743338823081,
28.7629233948314,29.7588728961836,30.7548223975358,31.750771898888,32.7467214002402,
33.7426709015924,34.5575191894877),.UNSPECIFIED.);
#114=B_SPLINE_CURVE_WITH_KNOTS('',3,(#3414,#3415,#3416,#3417,#3418,#3419,
#3420,#3421,#3422,#3423,#3424),.UNSPECIFIED.,.F.,.F.,(4,1,1,1,1,1,1,1,4),
(28.2743338823081,28.3407862462203,29.3367357475725,30.3326852489247,31.3286347502769,
32.324584251629,33.3205337529812,34.3164832543334,34.5575191894877),
 .UNSPECIFIED.);
#115=B_SPLINE_CURVE_WITH_KNOTS('',3,(#3429,#3430,#3431,#3432,#3433,#3434,
#3435,#3436,#3437,#3438),.UNSPECIFIED.,.F.,.F.,(4,1,1,1,1,1,1,4),(21.9911485751285,
22.7872263867183,23.7831758880705,24.7791253894227,25.7750748907749,26.7710243921271,
27.7669738934792,28.2743338823081),.UNSPECIFIED.);
#116=B_SPLINE_CURVE_WITH_KNOTS('',3,(#3439,#3440,#3441,#3442,#3443,#3444,
#3445,#3446,#3447,#3448),.UNSPECIFIED.,.F.,.F.,(4,1,1,1,1,1,1,4),(21.9911485751285,
22.3650892381072,23.3610387394594,24.3569882408116,25.3529377421638,26.3488872435159,
27.3448367448681,28.2743338823081),.UNSPECIFIED.);
#117=B_SPLINE_CURVE_WITH_KNOTS('',3,(#3454,#3455,#3456,#3457,#3458),
 .UNSPECIFIED.,.F.,.F.,(4,1,4),(14.3974932272897,15.3934427286419,15.707963267949),
 .UNSPECIFIED.);
#118=B_SPLINE_CURVE_WITH_KNOTS('',3,(#3461,#3462,#3463,#3464,#3465),
 .UNSPECIFIED.,.F.,.F.,(4,1,4),(13.8768406550184,14.8196303759008,15.707963267949),
 .UNSPECIFIED.);
#119=B_SPLINE_CURVE_WITH_KNOTS('',3,(#3506,#3507,#3508,#3509,#3510,#3511,
#3512,#3513,#3514,#3515,#3516,#3517,#3518,#3519,#3520,#3521,#3522,#3523,
#3524,#3525),.UNSPECIFIED.,.F.,.F.,(4,2,2,2,2,2,2,2,2,4),(0.,0.0507427597553778,
0.084832189000689,0.0994758415935426,0.109410129252103,0.118897241958555,
0.13145308714243,0.157103402041085,0.210293178071039,0.221411171506727),
 .UNSPECIFIED.);
#120=B_SPLINE_CURVE_WITH_KNOTS('',3,(#3530,#3531,#3532,#3533,#3534,#3535,
#3536,#3537,#3538,#3539,#3540,#3541,#3542,#3543,#3544,#3545,#3546,#3547,
#3548,#3549),.UNSPECIFIED.,.F.,.F.,(4,2,2,2,2,2,2,2,2,4),(0.,0.0507228692322634,
0.0848223375150531,0.0994696940947768,0.109404907885405,0.118891412399473,
0.131444442423899,0.157085991930353,0.210286613214483,0.221409124713616),
 .UNSPECIFIED.);
#121=B_SPLINE_CURVE_WITH_KNOTS('',3,(#3553,#3554,#3555,#3556,#3557,#3558,
#3559,#3560,#3561,#3562,#3563,#3564,#3565,#3566,#3567,#3568,#3569,#3570,
#3571,#3572),.UNSPECIFIED.,.F.,.F.,(4,2,2,2,2,2,2,2,2,4),(0.,0.0507209959204097,
0.0848233978103264,0.0994696412627975,0.109403867520323,0.118889708739027,
0.131442703686727,0.157086251723803,0.210278239384825,0.221405128787164),
 .UNSPECIFIED.);
#122=B_SPLINE_CURVE_WITH_KNOTS('',3,(#3574,#3575,#3576,#3577,#3578,#3579,
#3580,#3581,#3582,#3583,#3584,#3585,#3586,#3587,#3588,#3589,#3590,#3591,
#3592,#3593,#3594,#3595,#3596,#3597,#3598,#3599,#3600,#3601,#3602,#3603,
#3604,#3605,#3606,#3607,#3608,#3609,#3610,#3611,#3612,#3613,#3614,#3615,
#3616,#3617,#3618,#3619,#3620,#3621,#3622,#3623,#3624,#3625,#3626,#3627,
#3628,#3629,#3630,#3631,#3632,#3633,#3634,#3635,#3636,#3637,#3638,#3639,
#3640,#3641,#3642,#3643,#3644,#3645,#3646),.UNSPECIFIED.,.F.,.F.,(4,3,3,
3,3,3,3,3,3,3,3,3,3,3,3,3,3,3,3,3,3,3,3,3,4),(0.,0.0133301079908314,0.0267901934860381,
0.0357992194272794,0.0393107863211643,0.0419221925672137,0.0549520960334933,
0.0676280032697462,0.0760793982490335,0.0791005713953572,0.0913640087984306,
0.0988624010159692,0.109873270863436,0.113455786068787,0.115959454803045,
0.128142911522217,0.140224837651022,0.147075536098863,0.14993060650185,
0.161499309667466,0.16900939624274,0.172019516554099,0.183074762584313,
0.186949359795705,0.191341112058194),.UNSPECIFIED.);
#123=B_SPLINE_CURVE_WITH_KNOTS('',3,(#3647,#3648,#3649,#3650,#3651,#3652,
#3653,#3654,#3655,#3656,#3657,#3658,#3659,#3660,#3661,#3662,#3663,#3664,
#3665,#3666,#3667,#3668,#3669,#3670,#3671,#3672,#3673,#3674,#3675,#3676,
#3677,#3678,#3679,#3680,#3681,#3682,#3683,#3684,#3685,#3686,#3687,#3688,
#3689,#3690,#3691,#3692,#3693,#3694,#3695,#3696,#3697,#3698,#3699,#3700,
#3701,#3702,#3703,#3704,#3705,#3706,#3707,#3708,#3709,#3710,#3711,#3712,
#3713,#3714,#3715,#3716),.UNSPECIFIED.,.F.,.F.,(4,3,3,3,3,3,3,3,3,3,3,3,
3,3,3,3,3,3,3,3,3,3,3,4),(0.,0.0110181650389447,0.0223437963978002,0.030679105916886,
0.0338495653687853,0.045568470017157,0.0559621247470369,0.0637573657944468,
0.0662861287734328,0.0786838975390565,0.0871430889366765,0.0993549933233262,
0.101646054124495,0.113994536203333,0.126688848820206,0.133957533221415,
0.137482803027898,0.140379749018705,0.153589900684962,0.162230799509658,
0.166308094874779,0.179761557426161,0.184838324029874,0.190345339459161),
 .UNSPECIFIED.);
#124=B_SPLINE_CURVE_WITH_KNOTS('',3,(#3718,#3719,#3720,#3721,#3722,#3723,
#3724,#3725,#3726,#3727,#3728),.UNSPECIFIED.,.F.,.F.,(4,1,1,1,1,1,1,1,4),
(15.707963267949,15.815579877253,16.8115293786052,17.8074788799574,18.8034283813096,
19.7993778826618,20.7953273840139,21.7912768853661,21.9911485751285),
 .UNSPECIFIED.);
#125=B_SPLINE_CURVE_WITH_KNOTS('',3,(#3729,#3730,#3731,#3732,#3733,#3734,
#3735,#3736,#3737,#3738),.UNSPECIFIED.,.F.,.F.,(4,1,1,1,1,1,1,4),(15.707963267949,
16.3893922299941,17.3853417313463,18.3812912326985,19.3772407340506,20.3731902354028,
21.369139736755,21.9911485751285),.UNSPECIFIED.);
#126=B_SPLINE_CURVE_WITH_KNOTS('',3,(#4327,#4328,#4329,#4330,#4331,#4332,
#4333,#4334,#4335,#4336,#4337,#4338,#4339,#4340,#4341,#4342,#4343,#4344,
#4345,#4346,#4347,#4348,#4349,#4350,#4351,#4352,#4353,#4354,#4355,#4356,
#4357,#4358,#4359,#4360,#4361,#4362,#4363,#4364,#4365,#4366,#4367,#4368,
#4369,#4370,#4371,#4372,#4373,#4374,#4375,#4376,#4377,#4378,#4379,#4380,
#4381,#4382,#4383,#4384,#4385,#4386,#4387,#4388,#4389,#4390,#4391,#4392,
#4393,#4394,#4395,#4396,#4397,#4398,#4399,#4400,#4401,#4402,#4403,#4404,
#4405),.UNSPECIFIED.,.F.,.F.,(4,3,3,3,3,3,3,3,3,3,3,3,3,3,3,3,3,3,3,3,3,
3,3,3,3,3,4),(-0.190345339459128,-0.17690536439968,-0.165529372265293,-0.1622218070308,
-0.149025151614141,-0.141867420353083,-0.138901727547465,-0.135935710068155,
-0.123242021082861,-0.110819829881992,-0.104813544187753,-0.101530875789594,
-0.0990620805678272,-0.092098417682418,-0.0796936478710895,-0.0702786438294451,
-0.0670047969045951,-0.0644614100278374,-0.0524798963188746,-0.0404533261236395,
-0.0351110864033739,-0.0325388457244837,-0.0301602409301732,-0.0188287158581226,
-0.00789614048775264,-0.0043736155379344,0.),.UNSPECIFIED.);
#127=B_SPLINE_CURVE_WITH_KNOTS('',3,(#4406,#4407,#4408,#4409,#4410,#4411,
#4412,#4413,#4414,#4415,#4416,#4417,#4418,#4419,#4420,#4421,#4422,#4423,
#4424,#4425,#4426,#4427,#4428,#4429,#4430),.UNSPECIFIED.,.F.,.F.,(4,3,3,
3,3,3,3,3,4),(-10.1593667032842,-9.95949501352186,-8.96354551216967,-7.96759601081749,
-6.9716465094653,-5.97569700811311,-4.97974750676093,-3.98379800540874,
-3.87618139610466),.UNSPECIFIED.);
#128=B_SPLINE_CURVE_WITH_KNOTS('',3,(#5019,#5020,#5021,#5022,#5023,#5024,
#5025,#5026,#5027,#5028,#5029,#5030,#5031,#5032,#5033,#5034,#5035,#5036,
#5037,#5038,#5039,#5040,#5041,#5042,#5043,#5044,#5045,#5046,#5047,#5048,
#5049,#5050,#5051,#5052,#5053,#5054,#5055,#5056,#5057,#5058,#5059,#5060,
#5061,#5062,#5063,#5064,#5065,#5066,#5067,#5068,#5069,#5070,#5071,#5072,
#5073,#5074,#5075,#5076,#5077,#5078,#5079,#5080,#5081,#5082,#5083,#5084,
#5085,#5086,#5087,#5088,#5089,#5090,#5091,#5092,#5093,#5094,#5095,#5096,
#5097),.UNSPECIFIED.,.F.,.F.,(4,3,3,3,3,3,3,3,3,3,3,3,3,3,3,3,3,3,3,3,3,
3,3,3,3,3,4),(-0.19134111205822,-0.180403945801037,-0.173410697169737,-0.170278736967077,
-0.1673245177787,-0.155680244843994,-0.150775869216478,-0.147954403843077,
-0.135853262170636,-0.123671193693491,-0.117755686139063,-0.114611086765649,
-0.111959220667501,-0.103843782000756,-0.0915552459036313,-0.0808027768186471,
-0.0778249188084251,-0.0755687162472803,-0.0628725235947158,-0.0498748190591401,
-0.0435299667806529,-0.04025553089244,-0.0377339118941218,-0.0242996683095124,
-0.0109549194212226,-0.00553549322375781,0.),.UNSPECIFIED.);
#129=B_SPLINE_CURVE_WITH_KNOTS('',3,(#5098,#5099,#5100,#5101,#5102,#5103,
#5104,#5105,#5106,#5107,#5108,#5109,#5110,#5111,#5112,#5113,#5114,#5115,
#5116,#5117,#5118,#5119),.UNSPECIFIED.,.F.,.F.,(4,3,3,3,3,3,3,4),(7.59365534783875,
7.96759601081748,8.96354551216967,9.95949501352186,10.955444514874,11.9513940162262,
12.9473435175784,13.8768406550183),.UNSPECIFIED.);
#130=B_SPLINE_CURVE_WITH_KNOTS('',3,(#5185,#5186,#5187,#5188,#5189,#5190,
#5191,#5192,#5193,#5194,#5195,#5196,#5197,#5198,#5199,#5200,#5201,#5202,
#5203,#5204),.UNSPECIFIED.,.F.,.F.,(4,2,2,2,2,2,2,2,2,4),(0.,0.050742759755336,
0.0848321890005582,0.0994758415933734,0.109410129251909,0.118897241958338,
0.131453087142173,0.157103402040741,0.210293178070521,0.221411171506182),
 .UNSPECIFIED.);
#131=B_SPLINE_CURVE_WITH_KNOTS('',3,(#5248,#5249,#5250,#5251,#5252,#5253,
#5254,#5255,#5256,#5257,#5258,#5259,#5260,#5261,#5262,#5263,#5264,#5265,
#5266,#5267),.UNSPECIFIED.,.F.,.F.,(4,2,2,2,2,2,2,2,2,4),(0.,0.0507209959204079,
0.0848233978103151,0.0994696412627798,0.109403867520308,0.118889708739018,
0.131442703686723,0.157086251723821,0.21027823938488,0.221405128787204),
 .UNSPECIFIED.);
#132=B_SPLINE_CURVE_WITH_KNOTS('',3,(#5289,#5290,#5291,#5292,#5293,#5294,
#5295,#5296,#5297,#5298,#5299,#5300,#5301,#5302,#5303,#5304,#5305,#5306,
#5307,#5308),.UNSPECIFIED.,.F.,.F.,(4,2,2,2,2,2,2,2,2,4),(0.,0.0507228692322635,
0.084822337515052,0.0994696940947784,0.109404907885409,0.118891412399463,
0.131444442423871,0.157085991930301,0.210286613214379,0.221409124713701),
 .UNSPECIFIED.);
#133=SHAPE_REPRESENTATION_RELATIONSHIP('SRR','None',#5427,#135);
#134=SHAPE_REPRESENTATION_RELATIONSHIP('SRR','None',#5426,#136);
#135=ADVANCED_BREP_SHAPE_REPRESENTATION('',(#139),#5415);
#136=ADVANCED_BREP_SHAPE_REPRESENTATION('',(#140),#5414);
#137=STYLED_ITEM('',(#5442),#139);
#138=STYLED_ITEM('',(#5441),#140);
#139=MANIFOLD_SOLID_BREP('Body1',#1419);
#140=MANIFOLD_SOLID_BREP('Tie Rod',#1420);
#141=SPHERICAL_SURFACE('',#1442,2.5);
#142=SPHERICAL_SURFACE('',#1515,2.5);
#143=LINE('',#1831,#220);
#144=LINE('',#1841,#221);
#145=LINE('',#1880,#222);
#146=LINE('',#1931,#223);
#147=LINE('',#1982,#224);
#148=LINE('',#2030,#225);
#149=LINE('',#2081,#226);
#150=LINE('',#2132,#227);
#151=LINE('',#2180,#228);
#152=LINE('',#2231,#229);
#153=LINE('',#2282,#230);
#154=LINE('',#2330,#231);
#155=LINE('',#2378,#232);
#156=LINE('',#2432,#233);
#157=LINE('',#2480,#234);
#158=LINE('',#2528,#235);
#159=LINE('',#2579,#236);
#160=LINE('',#2630,#237);
#161=LINE('',#2678,#238);
#162=LINE('',#2729,#239);
#163=LINE('',#2780,#240);
#164=LINE('',#2828,#241);
#165=LINE('',#2879,#242);
#166=LINE('',#2918,#243);
#167=LINE('',#2935,#244);
#168=LINE('',#2960,#245);
#169=LINE('',#2984,#246);
#170=LINE('',#3009,#247);
#171=LINE('',#3034,#248);
#172=LINE('',#3058,#249);
#173=LINE('',#3083,#250);
#174=LINE('',#3108,#251);
#175=LINE('',#3132,#252);
#176=LINE('',#3157,#253);
#177=LINE('',#3181,#254);
#178=LINE('',#3206,#255);
#179=LINE('',#3231,#256);
#180=LINE('',#3255,#257);
#181=LINE('',#3280,#258);
#182=LINE('',#3304,#259);
#183=LINE('',#3329,#260);
#184=LINE('',#3354,#261);
#185=LINE('',#3378,#262);
#186=LINE('',#3403,#263);
#187=LINE('',#3428,#264);
#188=LINE('',#3452,#265);
#189=LINE('',#3469,#266);
#190=LINE('',#3471,#267);
#191=LINE('',#3473,#268);
#192=LINE('',#3474,#269);
#193=LINE('',#3477,#270);
#194=LINE('',#3479,#271);
#195=LINE('',#3480,#272);
#196=LINE('',#3483,#273);
#197=LINE('',#3485,#274);
#198=LINE('',#3486,#275);
#199=LINE('',#3489,#276);
#200=LINE('',#3491,#277);
#201=LINE('',#3492,#278);
#202=LINE('',#3495,#279);
#203=LINE('',#3497,#280);
#204=LINE('',#3498,#281);
#205=LINE('',#3500,#282);
#206=LINE('',#3501,#283);
#207=LINE('',#3504,#284);
#208=LINE('',#3526,#285);
#209=LINE('',#3529,#286);
#210=LINE('',#3552,#287);
#211=LINE('',#5311,#288);
#212=LINE('',#5312,#289);
#213=LINE('',#5324,#290);
#214=LINE('',#5326,#291);
#215=LINE('',#5328,#292);
#216=LINE('',#5333,#293);
#217=LINE('',#5337,#294);
#218=LINE('',#5338,#295);
#219=LINE('',#5407,#296);
#220=VECTOR('',#1549,1.);
#221=VECTOR('',#1562,1.);
#222=VECTOR('',#1567,1.);
#223=VECTOR('',#1570,1.);
#224=VECTOR('',#1573,1.);
#225=VECTOR('',#1576,1.);
#226=VECTOR('',#1579,1.);
#227=VECTOR('',#1582,1.);
#228=VECTOR('',#1585,1.);
#229=VECTOR('',#1588,1.);
#230=VECTOR('',#1591,1.);
#231=VECTOR('',#1594,1.);
#232=VECTOR('',#1597,1.);
#233=VECTOR('',#1600,1.);
#234=VECTOR('',#1603,1.);
#235=VECTOR('',#1606,1.);
#236=VECTOR('',#1609,1.);
#237=VECTOR('',#1612,1.);
#238=VECTOR('',#1615,1.);
#239=VECTOR('',#1618,1.);
#240=VECTOR('',#1621,1.);
#241=VECTOR('',#1624,1.);
#242=VECTOR('',#1627,1.);
#243=VECTOR('',#1632,1.037);
#244=VECTOR('',#1637,1.037);
#245=VECTOR('',#1640,1.037);
#246=VECTOR('',#1643,1.037);
#247=VECTOR('',#1646,1.037);
#248=VECTOR('',#1649,1.037);
#249=VECTOR('',#1652,1.037);
#250=VECTOR('',#1655,1.037);
#251=VECTOR('',#1658,1.037);
#252=VECTOR('',#1661,1.037);
#253=VECTOR('',#1664,1.037);
#254=VECTOR('',#1667,1.037);
#255=VECTOR('',#1670,1.037);
#256=VECTOR('',#1673,1.037);
#257=VECTOR('',#1676,1.037);
#258=VECTOR('',#1679,1.037);
#259=VECTOR('',#1682,1.037);
#260=VECTOR('',#1685,1.037);
#261=VECTOR('',#1688,1.037);
#262=VECTOR('',#1691,1.037);
#263=VECTOR('',#1694,1.037);
#264=VECTOR('',#1697,1.037);
#265=VECTOR('',#1700,1.037);
#266=VECTOR('',#1705,10.);
#267=VECTOR('',#1706,10.);
#268=VECTOR('',#1707,10.);
#269=VECTOR('',#1708,10.);
#270=VECTOR('',#1711,10.);
#271=VECTOR('',#1712,10.);
#272=VECTOR('',#1713,10.);
#273=VECTOR('',#1716,10.);
#274=VECTOR('',#1717,10.);
#275=VECTOR('',#1718,10.);
#276=VECTOR('',#1721,10.);
#277=VECTOR('',#1722,10.);
#278=VECTOR('',#1723,10.);
#279=VECTOR('',#1726,10.);
#280=VECTOR('',#1727,10.);
#281=VECTOR('',#1728,10.);
#282=VECTOR('',#1731,10.);
#283=VECTOR('',#1732,10.);
#284=VECTOR('',#1735,10.);
#285=VECTOR('',#1736,10.);
#286=VECTOR('',#1739,10.);
#287=VECTOR('',#1742,10.);
#288=VECTOR('',#1765,10.);
#289=VECTOR('',#1766,10.);
#290=VECTOR('',#1781,10.);
#291=VECTOR('',#1782,10.);
#292=VECTOR('',#1783,10.);
#293=VECTOR('',#1788,10.);
#294=VECTOR('',#1791,10.);
#295=VECTOR('',#1792,10.);
#296=VECTOR('',#1815,2.);
#297=CYLINDRICAL_SURFACE('',#1438,1.);
#298=CYLINDRICAL_SURFACE('',#1444,0.8115);
#299=CYLINDRICAL_SURFACE('',#1446,0.8115);
#300=CYLINDRICAL_SURFACE('',#1447,0.8115);
#301=CYLINDRICAL_SURFACE('',#1448,0.8115);
#302=CYLINDRICAL_SURFACE('',#1449,0.8115);
#303=CYLINDRICAL_SURFACE('',#1450,0.8115);
#304=CYLINDRICAL_SURFACE('',#1451,0.8115);
#305=CYLINDRICAL_SURFACE('',#1452,0.8115);
#306=CYLINDRICAL_SURFACE('',#1453,0.8115);
#307=CYLINDRICAL_SURFACE('',#1454,0.8115);
#308=CYLINDRICAL_SURFACE('',#1455,0.8115);
#309=CYLINDRICAL_SURFACE('',#1456,0.8115);
#310=CYLINDRICAL_SURFACE('',#1457,0.8115);
#311=CYLINDRICAL_SURFACE('',#1458,0.8115);
#312=CYLINDRICAL_SURFACE('',#1459,0.8115);
#313=CYLINDRICAL_SURFACE('',#1460,0.8115);
#314=CYLINDRICAL_SURFACE('',#1461,0.8115);
#315=CYLINDRICAL_SURFACE('',#1462,0.8115);
#316=CYLINDRICAL_SURFACE('',#1463,0.8115);
#317=CYLINDRICAL_SURFACE('',#1464,0.8115);
#318=CYLINDRICAL_SURFACE('',#1465,0.8115);
#319=CYLINDRICAL_SURFACE('',#1466,0.8115);
#320=CYLINDRICAL_SURFACE('',#1468,1.037);
#321=CYLINDRICAL_SURFACE('',#1470,1.037);
#322=CYLINDRICAL_SURFACE('',#1471,1.037);
#323=CYLINDRICAL_SURFACE('',#1472,1.037);
#324=CYLINDRICAL_SURFACE('',#1473,1.037);
#325=CYLINDRICAL_SURFACE('',#1474,1.037);
#326=CYLINDRICAL_SURFACE('',#1475,1.037);
#327=CYLINDRICAL_SURFACE('',#1476,1.037);
#328=CYLINDRICAL_SURFACE('',#1477,1.037);
#329=CYLINDRICAL_SURFACE('',#1478,1.037);
#330=CYLINDRICAL_SURFACE('',#1479,1.037);
#331=CYLINDRICAL_SURFACE('',#1480,1.037);
#332=CYLINDRICAL_SURFACE('',#1481,1.037);
#333=CYLINDRICAL_SURFACE('',#1482,1.037);
#334=CYLINDRICAL_SURFACE('',#1483,1.037);
#335=CYLINDRICAL_SURFACE('',#1484,1.037);
#336=CYLINDRICAL_SURFACE('',#1485,1.037);
#337=CYLINDRICAL_SURFACE('',#1486,1.037);
#338=CYLINDRICAL_SURFACE('',#1487,1.037);
#339=CYLINDRICAL_SURFACE('',#1488,1.037);
#340=CYLINDRICAL_SURFACE('',#1489,1.037);
#341=CYLINDRICAL_SURFACE('',#1490,1.037);
#342=CYLINDRICAL_SURFACE('',#1491,1.037);
#343=CYLINDRICAL_SURFACE('',#1503,1.037);
#344=CYLINDRICAL_SURFACE('',#1504,0.8115);
#345=CYLINDRICAL_SURFACE('',#1533,2.);
#346=FACE_BOUND('',#435,.T.);
#347=FACE_BOUND('',#438,.T.);
#348=FACE_BOUND('',#495,.T.);
#349=FACE_BOUND('',#512,.T.);
#350=FACE_BOUND('',#514,.T.);
#351=FACE_OUTER_BOUND('',#434,.T.);
#352=FACE_OUTER_BOUND('',#436,.T.);
#353=FACE_OUTER_BOUND('',#437,.T.);
#354=FACE_OUTER_BOUND('',#439,.T.);
#355=FACE_OUTER_BOUND('',#440,.T.);
#356=FACE_OUTER_BOUND('',#441,.T.);
#357=FACE_OUTER_BOUND('',#442,.T.);
#358=FACE_OUTER_BOUND('',#443,.T.);
#359=FACE_OUTER_BOUND('',#444,.T.);
#360=FACE_OUTER_BOUND('',#445,.T.);
#361=FACE_OUTER_BOUND('',#446,.T.);
#362=FACE_OUTER_BOUND('',#447,.T.);
#363=FACE_OUTER_BOUND('',#448,.T.);
#364=FACE_OUTER_BOUND('',#449,.T.);
#365=FACE_OUTER_BOUND('',#450,.T.);
#366=FACE_OUTER_BOUND('',#451,.T.);
#367=FACE_OUTER_BOUND('',#452,.T.);
#368=FACE_OUTER_BOUND('',#453,.T.);
#369=FACE_OUTER_BOUND('',#454,.T.);
#370=FACE_OUTER_BOUND('',#455,.T.);
#371=FACE_OUTER_BOUND('',#456,.T.);
#372=FACE_OUTER_BOUND('',#457,.T.);
#373=FACE_OUTER_BOUND('',#458,.T.);
#374=FACE_OUTER_BOUND('',#459,.T.);
#375=FACE_OUTER_BOUND('',#460,.T.);
#376=FACE_OUTER_BOUND('',#461,.T.);
#377=FACE_OUTER_BOUND('',#462,.T.);
#378=FACE_OUTER_BOUND('',#463,.T.);
#379=FACE_OUTER_BOUND('',#464,.T.);
#380=FACE_OUTER_BOUND('',#465,.T.);
#381=FACE_OUTER_BOUND('',#466,.T.);
#382=FACE_OUTER_BOUND('',#467,.T.);
#383=FACE_OUTER_BOUND('',#468,.T.);
#384=FACE_OUTER_BOUND('',#469,.T.);
#385=FACE_OUTER_BOUND('',#470,.T.);
#386=FACE_OUTER_BOUND('',#471,.T.);
#387=FACE_OUTER_BOUND('',#472,.T.);
#388=FACE_OUTER_BOUND('',#473,.T.);
#389=FACE_OUTER_BOUND('',#474,.T.);
#390=FACE_OUTER_BOUND('',#475,.T.);
#391=FACE_OUTER_BOUND('',#476,.T.);
#392=FACE_OUTER_BOUND('',#477,.T.);
#393=FACE_OUTER_BOUND('',#478,.T.);
#394=FACE_OUTER_BOUND('',#479,.T.);
#395=FACE_OUTER_BOUND('',#480,.T.);
#396=FACE_OUTER_BOUND('',#481,.T.);
#397=FACE_OUTER_BOUND('',#482,.T.);
#398=FACE_OUTER_BOUND('',#483,.T.);
#399=FACE_OUTER_BOUND('',#484,.T.);
#400=FACE_OUTER_BOUND('',#485,.T.);
#401=FACE_OUTER_BOUND('',#486,.T.);
#402=FACE_OUTER_BOUND('',#487,.T.);
#403=FACE_OUTER_BOUND('',#488,.T.);
#404=FACE_OUTER_BOUND('',#489,.T.);
#405=FACE_OUTER_BOUND('',#490,.T.);
#406=FACE_OUTER_BOUND('',#491,.T.);
#407=FACE_OUTER_BOUND('',#492,.T.);
#408=FACE_OUTER_BOUND('',#493,.T.);
#409=FACE_OUTER_BOUND('',#494,.T.);
#410=FACE_OUTER_BOUND('',#496,.T.);
#411=FACE_OUTER_BOUND('',#497,.T.);
#412=FACE_OUTER_BOUND('',#498,.T.);
#413=FACE_OUTER_BOUND('',#499,.T.);
#414=FACE_OUTER_BOUND('',#500,.T.);
#415=FACE_OUTER_BOUND('',#501,.T.);
#416=FACE_OUTER_BOUND('',#502,.T.);
#417=FACE_OUTER_BOUND('',#503,.T.);
#418=FACE_OUTER_BOUND('',#504,.T.);
#419=FACE_OUTER_BOUND('',#505,.T.);
#420=FACE_OUTER_BOUND('',#506,.T.);
#421=FACE_OUTER_BOUND('',#507,.T.);
#422=FACE_OUTER_BOUND('',#508,.T.);
#423=FACE_OUTER_BOUND('',#509,.T.);
#424=FACE_OUTER_BOUND('',#510,.T.);
#425=FACE_OUTER_BOUND('',#511,.T.);
#426=FACE_OUTER_BOUND('',#513,.T.);
#427=FACE_OUTER_BOUND('',#515,.T.);
#428=FACE_OUTER_BOUND('',#516,.T.);
#429=FACE_OUTER_BOUND('',#517,.T.);
#430=FACE_OUTER_BOUND('',#518,.T.);
#431=FACE_OUTER_BOUND('',#519,.T.);
#432=FACE_OUTER_BOUND('',#520,.T.);
#433=FACE_OUTER_BOUND('',#521,.T.);
#434=EDGE_LOOP('',(#894));
#435=EDGE_LOOP('',(#895));
#436=EDGE_LOOP('',(#896,#897,#898,#899));
#437=EDGE_LOOP('',(#900));
#438=EDGE_LOOP('',(#901));
#439=EDGE_LOOP('',(#902,#903,#904,#905));
#440=EDGE_LOOP('',(#906,#907,#908,#909));
#441=EDGE_LOOP('',(#910,#911,#912,#913));
#442=EDGE_LOOP('',(#914,#915,#916,#917));
#443=EDGE_LOOP('',(#918,#919,#920,#921));
#444=EDGE_LOOP('',(#922,#923,#924,#925));
#445=EDGE_LOOP('',(#926,#927,#928,#929));
#446=EDGE_LOOP('',(#930,#931,#932,#933));
#447=EDGE_LOOP('',(#934,#935,#936,#937));
#448=EDGE_LOOP('',(#938,#939,#940,#941));
#449=EDGE_LOOP('',(#942,#943,#944,#945));
#450=EDGE_LOOP('',(#946,#947,#948,#949));
#451=EDGE_LOOP('',(#950,#951,#952,#953));
#452=EDGE_LOOP('',(#954,#955,#956,#957));
#453=EDGE_LOOP('',(#958,#959,#960,#961));
#454=EDGE_LOOP('',(#962,#963,#964,#965));
#455=EDGE_LOOP('',(#966,#967,#968,#969));
#456=EDGE_LOOP('',(#970,#971,#972,#973));
#457=EDGE_LOOP('',(#974,#975,#976,#977));
#458=EDGE_LOOP('',(#978,#979,#980,#981));
#459=EDGE_LOOP('',(#982,#983,#984,#985));
#460=EDGE_LOOP('',(#986,#987,#988,#989));
#461=EDGE_LOOP('',(#990,#991,#992,#993));
#462=EDGE_LOOP('',(#994,#995,#996,#997));
#463=EDGE_LOOP('',(#998,#999,#1000,#1001));
#464=EDGE_LOOP('',(#1002,#1003,#1004,#1005));
#465=EDGE_LOOP('',(#1006,#1007,#1008,#1009));
#466=EDGE_LOOP('',(#1010,#1011,#1012,#1013));
#467=EDGE_LOOP('',(#1014,#1015,#1016,#1017));
#468=EDGE_LOOP('',(#1018,#1019,#1020,#1021));
#469=EDGE_LOOP('',(#1022,#1023,#1024,#1025));
#470=EDGE_LOOP('',(#1026,#1027,#1028,#1029));
#471=EDGE_LOOP('',(#1030,#1031,#1032,#1033));
#472=EDGE_LOOP('',(#1034,#1035,#1036,#1037));
#473=EDGE_LOOP('',(#1038,#1039,#1040,#1041));
#474=EDGE_LOOP('',(#1042,#1043,#1044,#1045));
#475=EDGE_LOOP('',(#1046,#1047,#1048,#1049));
#476=EDGE_LOOP('',(#1050,#1051,#1052,#1053));
#477=EDGE_LOOP('',(#1054,#1055,#1056,#1057));
#478=EDGE_LOOP('',(#1058,#1059,#1060,#1061));
#479=EDGE_LOOP('',(#1062,#1063,#1064,#1065));
#480=EDGE_LOOP('',(#1066,#1067,#1068,#1069));
#481=EDGE_LOOP('',(#1070,#1071,#1072,#1073));
#482=EDGE_LOOP('',(#1074,#1075,#1076,#1077));
#483=EDGE_LOOP('',(#1078,#1079,#1080,#1081));
#484=EDGE_LOOP('',(#1082,#1083,#1084,#1085));
#485=EDGE_LOOP('',(#1086,#1087,#1088,#1089));
#486=EDGE_LOOP('',(#1090,#1091,#1092,#1093));
#487=EDGE_LOOP('',(#1094,#1095,#1096,#1097));
#488=EDGE_LOOP('',(#1098,#1099,#1100,#1101));
#489=EDGE_LOOP('',(#1102,#1103,#1104,#1105));
#490=EDGE_LOOP('',(#1106,#1107,#1108,#1109));
#491=EDGE_LOOP('',(#1110,#1111,#1112,#1113));
#492=EDGE_LOOP('',(#1114,#1115,#1116,#1117));
#493=EDGE_LOOP('',(#1118,#1119,#1120,#1121));
#494=EDGE_LOOP('',(#1122,#1123,#1124,#1125,#1126,#1127));
#495=EDGE_LOOP('',(#1128,#1129,#1130,#1131));
#496=EDGE_LOOP('',(#1132,#1133,#1134,#1135));
#497=EDGE_LOOP('',(#1136,#1137,#1138,#1139,#1140,#1141,#1142,#1143,#1144,
#1145,#1146,#1147,#1148,#1149,#1150,#1151,#1152,#1153,#1154,#1155,#1156,
#1157,#1158,#1159,#1160,#1161,#1162,#1163,#1164,#1165,#1166,#1167,#1168,
#1169,#1170,#1171,#1172,#1173,#1174,#1175,#1176,#1177,#1178,#1179,#1180,
#1181,#1182,#1183,#1184));
#498=EDGE_LOOP('',(#1185,#1186,#1187,#1188,#1189,#1190,#1191,#1192,#1193,
#1194,#1195,#1196,#1197,#1198,#1199,#1200,#1201,#1202,#1203,#1204,#1205,
#1206,#1207,#1208,#1209,#1210,#1211,#1212,#1213,#1214,#1215,#1216,#1217,
#1218,#1219,#1220,#1221,#1222,#1223,#1224,#1225,#1226,#1227,#1228,#1229,
#1230,#1231,#1232,#1233));
#499=EDGE_LOOP('',(#1234,#1235,#1236,#1237));
#500=EDGE_LOOP('',(#1238,#1239,#1240,#1241));
#501=EDGE_LOOP('',(#1242,#1243));
#502=EDGE_LOOP('',(#1244,#1245));
#503=EDGE_LOOP('',(#1246,#1247));
#504=EDGE_LOOP('',(#1248,#1249));
#505=EDGE_LOOP('',(#1250,#1251));
#506=EDGE_LOOP('',(#1252,#1253));
#507=EDGE_LOOP('',(#1254,#1255,#1256,#1257));
#508=EDGE_LOOP('',(#1258,#1259,#1260,#1261));
#509=EDGE_LOOP('',(#1262,#1263,#1264,#1265));
#510=EDGE_LOOP('',(#1266,#1267,#1268,#1269));
#511=EDGE_LOOP('',(#1270,#1271,#1272,#1273));
#512=EDGE_LOOP('',(#1274));
#513=EDGE_LOOP('',(#1275,#1276,#1277,#1278));
#514=EDGE_LOOP('',(#1279));
#515=EDGE_LOOP('',(#1280,#1281,#1282,#1283,#1284));
#516=EDGE_LOOP('',(#1285,#1286,#1287,#1288));
#517=EDGE_LOOP('',(#1289,#1290,#1291,#1292));
#518=EDGE_LOOP('',(#1293,#1294,#1295,#1296,#1297,#1298));
#519=EDGE_LOOP('',(#1299,#1300));
#520=EDGE_LOOP('',(#1301,#1302,#1303,#1304,#1305,#1306,#1307,#1308,#1309,
#1310,#1311,#1312,#1313));
#521=EDGE_LOOP('',(#1314,#1315));
#522=CIRCLE('',#1436,1.5);
#523=CIRCLE('',#1437,1.);
#524=CIRCLE('',#1439,1.);
#525=CIRCLE('',#1441,1.5);
#526=CIRCLE('',#1443,2.5);
#527=CIRCLE('',#1445,0.8115);
#528=CIRCLE('',#1467,0.8115);
#529=CIRCLE('',#1469,1.037);
#530=CIRCLE('',#1492,1.037);
#531=CIRCLE('',#1506,2.);
#532=CIRCLE('',#1507,2.);
#533=CIRCLE('',#1508,2.);
#534=CIRCLE('',#1509,2.);
#535=CIRCLE('',#1510,2.);
#536=CIRCLE('',#1511,2.);
#537=CIRCLE('',#1516,2.29128784747792);
#538=CIRCLE('',#1517,2.5);
#539=CIRCLE('',#1518,2.29128784747792);
#540=CIRCLE('',#1520,3.50119955272476);
#541=CIRCLE('',#1522,3.50119955272476);
#542=CIRCLE('',#1523,2.00000000000001);
#543=CIRCLE('',#1524,2.);
#544=CIRCLE('',#1525,2.);
#545=CIRCLE('',#1526,2.);
#546=CIRCLE('',#1527,3.75);
#547=CIRCLE('',#1528,2.);
#548=CIRCLE('',#1529,2.);
#549=CIRCLE('',#1530,2.);
#550=VERTEX_POINT('',#1825);
#551=VERTEX_POINT('',#1827);
#552=VERTEX_POINT('',#1830);
#553=VERTEX_POINT('',#1834);
#554=VERTEX_POINT('',#1839);
#555=VERTEX_POINT('',#1840);
#556=VERTEX_POINT('',#1842);
#557=VERTEX_POINT('',#1856);
#558=VERTEX_POINT('',#1878);
#559=VERTEX_POINT('',#1879);
#560=VERTEX_POINT('',#1929);
#561=VERTEX_POINT('',#1930);
#562=VERTEX_POINT('',#1980);
#563=VERTEX_POINT('',#1981);
#564=VERTEX_POINT('',#2028);
#565=VERTEX_POINT('',#2029);
#566=VERTEX_POINT('',#2079);
#567=VERTEX_POINT('',#2080);
#568=VERTEX_POINT('',#2130);
#569=VERTEX_POINT('',#2131);
#570=VERTEX_POINT('',#2178);
#571=VERTEX_POINT('',#2179);
#572=VERTEX_POINT('',#2229);
#573=VERTEX_POINT('',#2230);
#574=VERTEX_POINT('',#2280);
#575=VERTEX_POINT('',#2281);
#576=VERTEX_POINT('',#2328);
#577=VERTEX_POINT('',#2329);
#578=VERTEX_POINT('',#2376);
#579=VERTEX_POINT('',#2377);
#580=VERTEX_POINT('',#2430);
#581=VERTEX_POINT('',#2431);
#582=VERTEX_POINT('',#2478);
#583=VERTEX_POINT('',#2479);
#584=VERTEX_POINT('',#2526);
#585=VERTEX_POINT('',#2527);
#586=VERTEX_POINT('',#2577);
#587=VERTEX_POINT('',#2578);
#588=VERTEX_POINT('',#2628);
#589=VERTEX_POINT('',#2629);
#590=VERTEX_POINT('',#2676);
#591=VERTEX_POINT('',#2677);
#592=VERTEX_POINT('',#2727);
#593=VERTEX_POINT('',#2728);
#594=VERTEX_POINT('',#2778);
#595=VERTEX_POINT('',#2779);
#596=VERTEX_POINT('',#2826);
#597=VERTEX_POINT('',#2827);
#598=VERTEX_POINT('',#2877);
#599=VERTEX_POINT('',#2878);
#600=VERTEX_POINT('',#2880);
#601=VERTEX_POINT('',#2894);
#602=VERTEX_POINT('',#2916);
#603=VERTEX_POINT('',#2917);
#604=VERTEX_POINT('',#2919);
#605=VERTEX_POINT('',#2925);
#606=VERTEX_POINT('',#2933);
#607=VERTEX_POINT('',#2934);
#608=VERTEX_POINT('',#2958);
#609=VERTEX_POINT('',#2959);
#610=VERTEX_POINT('',#2982);
#611=VERTEX_POINT('',#2983);
#612=VERTEX_POINT('',#3007);
#613=VERTEX_POINT('',#3008);
#614=VERTEX_POINT('',#3032);
#615=VERTEX_POINT('',#3033);
#616=VERTEX_POINT('',#3056);
#617=VERTEX_POINT('',#3057);
#618=VERTEX_POINT('',#3081);
#619=VERTEX_POINT('',#3082);
#620=VERTEX_POINT('',#3106);
#621=VERTEX_POINT('',#3107);
#622=VERTEX_POINT('',#3130);
#623=VERTEX_POINT('',#3131);
#624=VERTEX_POINT('',#3155);
#625=VERTEX_POINT('',#3156);
#626=VERTEX_POINT('',#3179);
#627=VERTEX_POINT('',#3180);
#628=VERTEX_POINT('',#3204);
#629=VERTEX_POINT('',#3205);
#630=VERTEX_POINT('',#3229);
#631=VERTEX_POINT('',#3230);
#632=VERTEX_POINT('',#3253);
#633=VERTEX_POINT('',#3254);
#634=VERTEX_POINT('',#3278);
#635=VERTEX_POINT('',#3279);
#636=VERTEX_POINT('',#3302);
#637=VERTEX_POINT('',#3303);
#638=VERTEX_POINT('',#3327);
#639=VERTEX_POINT('',#3328);
#640=VERTEX_POINT('',#3352);
#641=VERTEX_POINT('',#3353);
#642=VERTEX_POINT('',#3376);
#643=VERTEX_POINT('',#3377);
#644=VERTEX_POINT('',#3401);
#645=VERTEX_POINT('',#3402);
#646=VERTEX_POINT('',#3426);
#647=VERTEX_POINT('',#3427);
#648=VERTEX_POINT('',#3450);
#649=VERTEX_POINT('',#3451);
#650=VERTEX_POINT('',#3453);
#651=VERTEX_POINT('',#3459);
#652=VERTEX_POINT('',#3467);
#653=VERTEX_POINT('',#3468);
#654=VERTEX_POINT('',#3470);
#655=VERTEX_POINT('',#3472);
#656=VERTEX_POINT('',#3476);
#657=VERTEX_POINT('',#3478);
#658=VERTEX_POINT('',#3482);
#659=VERTEX_POINT('',#3484);
#660=VERTEX_POINT('',#3488);
#661=VERTEX_POINT('',#3490);
#662=VERTEX_POINT('',#3494);
#663=VERTEX_POINT('',#3496);
#664=VERTEX_POINT('',#3503);
#665=VERTEX_POINT('',#3505);
#666=VERTEX_POINT('',#3528);
#667=VERTEX_POINT('',#3551);
#668=VERTEX_POINT('',#5184);
#669=VERTEX_POINT('',#5247);
#670=VERTEX_POINT('',#5316);
#671=VERTEX_POINT('',#5318);
#672=VERTEX_POINT('',#5322);
#673=VERTEX_POINT('',#5323);
#674=VERTEX_POINT('',#5325);
#675=VERTEX_POINT('',#5327);
#676=VERTEX_POINT('',#5331);
#677=VERTEX_POINT('',#5332);
#678=VERTEX_POINT('',#5334);
#679=VERTEX_POINT('',#5336);
#680=VERTEX_POINT('',#5346);
#681=VERTEX_POINT('',#5370);
#682=VERTEX_POINT('',#5401);
#683=EDGE_CURVE('',#550,#550,#522,.T.);
#684=EDGE_CURVE('',#551,#551,#523,.T.);
#685=EDGE_CURVE('',#551,#552,#143,.T.);
#686=EDGE_CURVE('',#552,#552,#524,.T.);
#687=EDGE_CURVE('',#553,#553,#525,.T.);
#688=EDGE_CURVE('',#553,#550,#526,.T.);
#689=EDGE_CURVE('',#554,#555,#144,.T.);
#690=EDGE_CURVE('',#555,#556,#29,.T.);
#691=EDGE_CURVE('',#556,#557,#527,.T.);
#692=EDGE_CURVE('',#557,#554,#30,.T.);
#693=EDGE_CURVE('',#558,#559,#145,.T.);
#694=EDGE_CURVE('',#559,#555,#31,.T.);
#695=EDGE_CURVE('',#554,#558,#32,.T.);
#696=EDGE_CURVE('',#560,#561,#146,.T.);
#697=EDGE_CURVE('',#561,#559,#33,.T.);
#698=EDGE_CURVE('',#558,#560,#34,.T.);
#699=EDGE_CURVE('',#562,#563,#147,.T.);
#700=EDGE_CURVE('',#563,#561,#35,.T.);
#701=EDGE_CURVE('',#560,#562,#36,.T.);
#702=EDGE_CURVE('',#564,#565,#148,.T.);
#703=EDGE_CURVE('',#565,#563,#37,.T.);
#704=EDGE_CURVE('',#562,#564,#38,.T.);
#705=EDGE_CURVE('',#566,#567,#149,.T.);
#706=EDGE_CURVE('',#567,#565,#39,.T.);
#707=EDGE_CURVE('',#564,#566,#40,.T.);
#708=EDGE_CURVE('',#568,#569,#150,.T.);
#709=EDGE_CURVE('',#569,#567,#41,.T.);
#710=EDGE_CURVE('',#566,#568,#42,.T.);
#711=EDGE_CURVE('',#570,#571,#151,.T.);
#712=EDGE_CURVE('',#571,#569,#43,.T.);
#713=EDGE_CURVE('',#568,#570,#44,.T.);
#714=EDGE_CURVE('',#572,#573,#152,.T.);
#715=EDGE_CURVE('',#573,#571,#45,.T.);
#716=EDGE_CURVE('',#570,#572,#46,.T.);
#717=EDGE_CURVE('',#574,#575,#153,.T.);
#718=EDGE_CURVE('',#575,#573,#47,.T.);
#719=EDGE_CURVE('',#572,#574,#48,.T.);
#720=EDGE_CURVE('',#576,#577,#154,.T.);
#721=EDGE_CURVE('',#577,#575,#49,.T.);
#722=EDGE_CURVE('',#574,#576,#50,.T.);
#723=EDGE_CURVE('',#578,#579,#155,.T.);
#724=EDGE_CURVE('',#579,#577,#51,.T.);
#725=EDGE_CURVE('',#576,#578,#52,.T.);
#726=EDGE_CURVE('',#580,#581,#156,.T.);
#727=EDGE_CURVE('',#581,#579,#53,.T.);
#728=EDGE_CURVE('',#578,#580,#54,.T.);
#729=EDGE_CURVE('',#582,#583,#157,.T.);
#730=EDGE_CURVE('',#583,#581,#55,.T.);
#731=EDGE_CURVE('',#580,#582,#56,.T.);
#732=EDGE_CURVE('',#584,#585,#158,.T.);
#733=EDGE_CURVE('',#585,#583,#57,.T.);
#734=EDGE_CURVE('',#582,#584,#58,.T.);
#735=EDGE_CURVE('',#586,#587,#159,.T.);
#736=EDGE_CURVE('',#587,#585,#59,.T.);
#737=EDGE_CURVE('',#584,#586,#60,.T.);
#738=EDGE_CURVE('',#588,#589,#160,.T.);
#739=EDGE_CURVE('',#589,#587,#61,.T.);
#740=EDGE_CURVE('',#586,#588,#62,.T.);
#741=EDGE_CURVE('',#590,#591,#161,.T.);
#742=EDGE_CURVE('',#591,#589,#63,.T.);
#743=EDGE_CURVE('',#588,#590,#64,.T.);
#744=EDGE_CURVE('',#592,#593,#162,.T.);
#745=EDGE_CURVE('',#593,#591,#65,.T.);
#746=EDGE_CURVE('',#590,#592,#66,.T.);
#747=EDGE_CURVE('',#594,#595,#163,.T.);
#748=EDGE_CURVE('',#595,#593,#67,.T.);
#749=EDGE_CURVE('',#592,#594,#68,.T.);
#750=EDGE_CURVE('',#596,#597,#164,.T.);
#751=EDGE_CURVE('',#597,#595,#69,.T.);
#752=EDGE_CURVE('',#594,#596,#70,.T.);
#753=EDGE_CURVE('',#598,#599,#165,.T.);
#754=EDGE_CURVE('',#598,#600,#71,.T.);
#755=EDGE_CURVE('',#601,#600,#528,.F.);
#756=EDGE_CURVE('',#601,#599,#72,.T.);
#757=EDGE_CURVE('',#602,#603,#166,.T.);
#758=EDGE_CURVE('',#603,#604,#73,.T.);
#759=EDGE_CURVE('',#605,#604,#529,.T.);
#760=EDGE_CURVE('',#602,#605,#74,.T.);
#761=EDGE_CURVE('',#606,#607,#167,.T.);
#762=EDGE_CURVE('',#607,#603,#75,.T.);
#763=EDGE_CURVE('',#606,#602,#76,.T.);
#764=EDGE_CURVE('',#608,#609,#168,.T.);
#765=EDGE_CURVE('',#609,#607,#77,.T.);
#766=EDGE_CURVE('',#608,#606,#78,.T.);
#767=EDGE_CURVE('',#610,#611,#169,.T.);
#768=EDGE_CURVE('',#611,#609,#79,.T.);
#769=EDGE_CURVE('',#610,#608,#80,.T.);
#770=EDGE_CURVE('',#612,#613,#170,.T.);
#771=EDGE_CURVE('',#613,#611,#81,.T.);
#772=EDGE_CURVE('',#612,#610,#82,.T.);
#773=EDGE_CURVE('',#614,#615,#171,.T.);
#774=EDGE_CURVE('',#615,#613,#83,.T.);
#775=EDGE_CURVE('',#614,#612,#84,.T.);
#776=EDGE_CURVE('',#616,#617,#172,.T.);
#777=EDGE_CURVE('',#617,#615,#85,.T.);
#778=EDGE_CURVE('',#616,#614,#86,.T.);
#779=EDGE_CURVE('',#618,#619,#173,.T.);
#780=EDGE_CURVE('',#619,#617,#87,.T.);
#781=EDGE_CURVE('',#618,#616,#88,.T.);
#782=EDGE_CURVE('',#620,#621,#174,.T.);
#783=EDGE_CURVE('',#621,#619,#89,.T.);
#784=EDGE_CURVE('',#620,#618,#90,.T.);
#785=EDGE_CURVE('',#622,#623,#175,.T.);
#786=EDGE_CURVE('',#623,#621,#91,.T.);
#787=EDGE_CURVE('',#622,#620,#92,.T.);
#788=EDGE_CURVE('',#624,#625,#176,.T.);
#789=EDGE_CURVE('',#625,#623,#93,.T.);
#790=EDGE_CURVE('',#624,#622,#94,.T.);
#791=EDGE_CURVE('',#626,#627,#177,.T.);
#792=EDGE_CURVE('',#627,#625,#95,.T.);
#793=EDGE_CURVE('',#626,#624,#96,.T.);
#794=EDGE_CURVE('',#628,#629,#178,.T.);
#795=EDGE_CURVE('',#629,#627,#97,.T.);
#796=EDGE_CURVE('',#628,#626,#98,.T.);
#797=EDGE_CURVE('',#630,#631,#179,.T.);
#798=EDGE_CURVE('',#631,#629,#99,.T.);
#799=EDGE_CURVE('',#630,#628,#100,.T.);
#800=EDGE_CURVE('',#632,#633,#180,.T.);
#801=EDGE_CURVE('',#633,#631,#101,.T.);
#802=EDGE_CURVE('',#632,#630,#102,.T.);
#803=EDGE_CURVE('',#634,#635,#181,.T.);
#804=EDGE_CURVE('',#635,#633,#103,.T.);
#805=EDGE_CURVE('',#634,#632,#104,.T.);
#806=EDGE_CURVE('',#636,#637,#182,.T.);
#807=EDGE_CURVE('',#637,#635,#105,.T.);
#808=EDGE_CURVE('',#636,#634,#106,.T.);
#809=EDGE_CURVE('',#638,#639,#183,.T.);
#810=EDGE_CURVE('',#639,#637,#107,.T.);
#811=EDGE_CURVE('',#638,#636,#108,.T.);
#812=EDGE_CURVE('',#640,#641,#184,.T.);
#813=EDGE_CURVE('',#641,#639,#109,.T.);
#814=EDGE_CURVE('',#640,#638,#110,.T.);
#815=EDGE_CURVE('',#642,#643,#185,.T.);
#816=EDGE_CURVE('',#643,#641,#111,.T.);
#817=EDGE_CURVE('',#642,#640,#112,.T.);
#818=EDGE_CURVE('',#644,#645,#186,.T.);
#819=EDGE_CURVE('',#645,#643,#113,.T.);
#820=EDGE_CURVE('',#644,#642,#114,.T.);
#821=EDGE_CURVE('',#646,#647,#187,.T.);
#822=EDGE_CURVE('',#647,#645,#115,.T.);
#823=EDGE_CURVE('',#646,#644,#116,.T.);
#824=EDGE_CURVE('',#648,#649,#188,.T.);
#825=EDGE_CURVE('',#650,#648,#117,.T.);
#826=EDGE_CURVE('',#651,#650,#530,.T.);
#827=EDGE_CURVE('',#651,#649,#118,.T.);
#828=EDGE_CURVE('',#652,#653,#189,.T.);
#829=EDGE_CURVE('',#653,#654,#190,.T.);
#830=EDGE_CURVE('',#654,#655,#191,.T.);
#831=EDGE_CURVE('',#655,#652,#192,.T.);
#832=EDGE_CURVE('',#653,#656,#193,.T.);
#833=EDGE_CURVE('',#656,#657,#194,.T.);
#834=EDGE_CURVE('',#657,#654,#195,.T.);
#835=EDGE_CURVE('',#658,#657,#196,.T.);
#836=EDGE_CURVE('',#656,#659,#197,.T.);
#837=EDGE_CURVE('',#659,#658,#198,.T.);
#838=EDGE_CURVE('',#660,#658,#199,.T.);
#839=EDGE_CURVE('',#659,#661,#200,.T.);
#840=EDGE_CURVE('',#661,#660,#201,.T.);
#841=EDGE_CURVE('',#662,#660,#202,.T.);
#842=EDGE_CURVE('',#661,#663,#203,.T.);
#843=EDGE_CURVE('',#663,#662,#204,.T.);
#844=EDGE_CURVE('',#655,#662,#205,.T.);
#845=EDGE_CURVE('',#663,#652,#206,.T.);
#846=EDGE_CURVE('',#662,#664,#207,.T.);
#847=EDGE_CURVE('',#664,#665,#119,.T.);
#848=EDGE_CURVE('',#660,#665,#208,.T.);
#849=EDGE_CURVE('',#655,#666,#209,.T.);
#850=EDGE_CURVE('',#666,#664,#120,.T.);
#851=EDGE_CURVE('',#654,#667,#210,.T.);
#852=EDGE_CURVE('',#667,#666,#121,.T.);
#853=EDGE_CURVE('',#650,#601,#122,.T.);
#854=EDGE_CURVE('',#600,#651,#123,.T.);
#855=EDGE_CURVE('',#649,#647,#124,.T.);
#856=EDGE_CURVE('',#648,#646,#125,.T.);
#857=EDGE_CURVE('',#604,#557,#126,.T.);
#858=EDGE_CURVE('',#596,#598,#127,.T.);
#859=EDGE_CURVE('',#556,#605,#128,.T.);
#860=EDGE_CURVE('',#599,#597,#129,.T.);
#861=EDGE_CURVE('',#666,#667,#531,.T.);
#862=EDGE_CURVE('',#664,#666,#532,.T.);
#863=EDGE_CURVE('',#668,#667,#130,.T.);
#864=EDGE_CURVE('',#667,#668,#533,.T.);
#865=EDGE_CURVE('',#665,#664,#534,.T.);
#866=EDGE_CURVE('',#665,#669,#131,.T.);
#867=EDGE_CURVE('',#669,#665,#535,.T.);
#868=EDGE_CURVE('',#669,#668,#132,.T.);
#869=EDGE_CURVE('',#668,#669,#536,.T.);
#870=EDGE_CURVE('',#658,#669,#211,.T.);
#871=EDGE_CURVE('',#657,#668,#212,.T.);
#872=EDGE_CURVE('',#670,#670,#537,.T.);
#873=EDGE_CURVE('',#670,#671,#538,.T.);
#874=EDGE_CURVE('',#671,#671,#539,.T.);
#875=EDGE_CURVE('',#672,#673,#213,.T.);
#876=EDGE_CURVE('',#673,#674,#214,.T.);
#877=EDGE_CURVE('',#674,#675,#215,.T.);
#878=EDGE_CURVE('',#675,#672,#540,.T.);
#879=EDGE_CURVE('',#676,#677,#216,.T.);
#880=EDGE_CURVE('',#677,#678,#541,.T.);
#881=EDGE_CURVE('',#678,#679,#217,.T.);
#882=EDGE_CURVE('',#679,#676,#218,.T.);
#883=EDGE_CURVE('',#673,#676,#542,.T.);
#884=EDGE_CURVE('',#680,#672,#543,.T.);
#885=EDGE_CURVE('',#677,#680,#544,.T.);
#886=EDGE_CURVE('',#681,#675,#545,.T.);
#887=EDGE_CURVE('',#681,#680,#546,.T.);
#888=EDGE_CURVE('',#678,#681,#547,.T.);
#889=EDGE_CURVE('',#674,#682,#548,.T.);
#890=EDGE_CURVE('',#682,#679,#549,.T.);
#891=EDGE_CURVE('',#676,#679,#15,.T.);
#892=EDGE_CURVE('',#682,#665,#219,.T.);
#893=EDGE_CURVE('',#674,#673,#16,.T.);
#894=ORIENTED_EDGE('',*,*,#683,.T.);
#895=ORIENTED_EDGE('',*,*,#684,.F.);
#896=ORIENTED_EDGE('',*,*,#684,.T.);
#897=ORIENTED_EDGE('',*,*,#685,.T.);
#898=ORIENTED_EDGE('',*,*,#686,.F.);
#899=ORIENTED_EDGE('',*,*,#685,.F.);
#900=ORIENTED_EDGE('',*,*,#687,.F.);
#901=ORIENTED_EDGE('',*,*,#686,.T.);
#902=ORIENTED_EDGE('',*,*,#687,.T.);
#903=ORIENTED_EDGE('',*,*,#688,.T.);
#904=ORIENTED_EDGE('',*,*,#683,.F.);
#905=ORIENTED_EDGE('',*,*,#688,.F.);
#906=ORIENTED_EDGE('',*,*,#689,.T.);
#907=ORIENTED_EDGE('',*,*,#690,.T.);
#908=ORIENTED_EDGE('',*,*,#691,.T.);
#909=ORIENTED_EDGE('',*,*,#692,.T.);
#910=ORIENTED_EDGE('',*,*,#693,.T.);
#911=ORIENTED_EDGE('',*,*,#694,.T.);
#912=ORIENTED_EDGE('',*,*,#689,.F.);
#913=ORIENTED_EDGE('',*,*,#695,.T.);
#914=ORIENTED_EDGE('',*,*,#696,.T.);
#915=ORIENTED_EDGE('',*,*,#697,.T.);
#916=ORIENTED_EDGE('',*,*,#693,.F.);
#917=ORIENTED_EDGE('',*,*,#698,.T.);
#918=ORIENTED_EDGE('',*,*,#699,.T.);
#919=ORIENTED_EDGE('',*,*,#700,.T.);
#920=ORIENTED_EDGE('',*,*,#696,.F.);
#921=ORIENTED_EDGE('',*,*,#701,.T.);
#922=ORIENTED_EDGE('',*,*,#702,.T.);
#923=ORIENTED_EDGE('',*,*,#703,.T.);
#924=ORIENTED_EDGE('',*,*,#699,.F.);
#925=ORIENTED_EDGE('',*,*,#704,.T.);
#926=ORIENTED_EDGE('',*,*,#705,.T.);
#927=ORIENTED_EDGE('',*,*,#706,.T.);
#928=ORIENTED_EDGE('',*,*,#702,.F.);
#929=ORIENTED_EDGE('',*,*,#707,.T.);
#930=ORIENTED_EDGE('',*,*,#708,.T.);
#931=ORIENTED_EDGE('',*,*,#709,.T.);
#932=ORIENTED_EDGE('',*,*,#705,.F.);
#933=ORIENTED_EDGE('',*,*,#710,.T.);
#934=ORIENTED_EDGE('',*,*,#711,.T.);
#935=ORIENTED_EDGE('',*,*,#712,.T.);
#936=ORIENTED_EDGE('',*,*,#708,.F.);
#937=ORIENTED_EDGE('',*,*,#713,.T.);
#938=ORIENTED_EDGE('',*,*,#714,.T.);
#939=ORIENTED_EDGE('',*,*,#715,.T.);
#940=ORIENTED_EDGE('',*,*,#711,.F.);
#941=ORIENTED_EDGE('',*,*,#716,.T.);
#942=ORIENTED_EDGE('',*,*,#717,.T.);
#943=ORIENTED_EDGE('',*,*,#718,.T.);
#944=ORIENTED_EDGE('',*,*,#714,.F.);
#945=ORIENTED_EDGE('',*,*,#719,.T.);
#946=ORIENTED_EDGE('',*,*,#720,.T.);
#947=ORIENTED_EDGE('',*,*,#721,.T.);
#948=ORIENTED_EDGE('',*,*,#717,.F.);
#949=ORIENTED_EDGE('',*,*,#722,.T.);
#950=ORIENTED_EDGE('',*,*,#723,.T.);
#951=ORIENTED_EDGE('',*,*,#724,.T.);
#952=ORIENTED_EDGE('',*,*,#720,.F.);
#953=ORIENTED_EDGE('',*,*,#725,.T.);
#954=ORIENTED_EDGE('',*,*,#726,.T.);
#955=ORIENTED_EDGE('',*,*,#727,.T.);
#956=ORIENTED_EDGE('',*,*,#723,.F.);
#957=ORIENTED_EDGE('',*,*,#728,.T.);
#958=ORIENTED_EDGE('',*,*,#729,.T.);
#959=ORIENTED_EDGE('',*,*,#730,.T.);
#960=ORIENTED_EDGE('',*,*,#726,.F.);
#961=ORIENTED_EDGE('',*,*,#731,.T.);
#962=ORIENTED_EDGE('',*,*,#732,.T.);
#963=ORIENTED_EDGE('',*,*,#733,.T.);
#964=ORIENTED_EDGE('',*,*,#729,.F.);
#965=ORIENTED_EDGE('',*,*,#734,.T.);
#966=ORIENTED_EDGE('',*,*,#735,.T.);
#967=ORIENTED_EDGE('',*,*,#736,.T.);
#968=ORIENTED_EDGE('',*,*,#732,.F.);
#969=ORIENTED_EDGE('',*,*,#737,.T.);
#970=ORIENTED_EDGE('',*,*,#738,.T.);
#971=ORIENTED_EDGE('',*,*,#739,.T.);
#972=ORIENTED_EDGE('',*,*,#735,.F.);
#973=ORIENTED_EDGE('',*,*,#740,.T.);
#974=ORIENTED_EDGE('',*,*,#741,.T.);
#975=ORIENTED_EDGE('',*,*,#742,.T.);
#976=ORIENTED_EDGE('',*,*,#738,.F.);
#977=ORIENTED_EDGE('',*,*,#743,.T.);
#978=ORIENTED_EDGE('',*,*,#744,.T.);
#979=ORIENTED_EDGE('',*,*,#745,.T.);
#980=ORIENTED_EDGE('',*,*,#741,.F.);
#981=ORIENTED_EDGE('',*,*,#746,.T.);
#982=ORIENTED_EDGE('',*,*,#747,.T.);
#983=ORIENTED_EDGE('',*,*,#748,.T.);
#984=ORIENTED_EDGE('',*,*,#744,.F.);
#985=ORIENTED_EDGE('',*,*,#749,.T.);
#986=ORIENTED_EDGE('',*,*,#750,.T.);
#987=ORIENTED_EDGE('',*,*,#751,.T.);
#988=ORIENTED_EDGE('',*,*,#747,.F.);
#989=ORIENTED_EDGE('',*,*,#752,.T.);
#990=ORIENTED_EDGE('',*,*,#753,.F.);
#991=ORIENTED_EDGE('',*,*,#754,.T.);
#992=ORIENTED_EDGE('',*,*,#755,.F.);
#993=ORIENTED_EDGE('',*,*,#756,.T.);
#994=ORIENTED_EDGE('',*,*,#757,.T.);
#995=ORIENTED_EDGE('',*,*,#758,.T.);
#996=ORIENTED_EDGE('',*,*,#759,.F.);
#997=ORIENTED_EDGE('',*,*,#760,.F.);
#998=ORIENTED_EDGE('',*,*,#761,.T.);
#999=ORIENTED_EDGE('',*,*,#762,.T.);
#1000=ORIENTED_EDGE('',*,*,#757,.F.);
#1001=ORIENTED_EDGE('',*,*,#763,.F.);
#1002=ORIENTED_EDGE('',*,*,#764,.T.);
#1003=ORIENTED_EDGE('',*,*,#765,.T.);
#1004=ORIENTED_EDGE('',*,*,#761,.F.);
#1005=ORIENTED_EDGE('',*,*,#766,.F.);
#1006=ORIENTED_EDGE('',*,*,#767,.T.);
#1007=ORIENTED_EDGE('',*,*,#768,.T.);
#1008=ORIENTED_EDGE('',*,*,#764,.F.);
#1009=ORIENTED_EDGE('',*,*,#769,.F.);
#1010=ORIENTED_EDGE('',*,*,#770,.T.);
#1011=ORIENTED_EDGE('',*,*,#771,.T.);
#1012=ORIENTED_EDGE('',*,*,#767,.F.);
#1013=ORIENTED_EDGE('',*,*,#772,.F.);
#1014=ORIENTED_EDGE('',*,*,#773,.T.);
#1015=ORIENTED_EDGE('',*,*,#774,.T.);
#1016=ORIENTED_EDGE('',*,*,#770,.F.);
#1017=ORIENTED_EDGE('',*,*,#775,.F.);
#1018=ORIENTED_EDGE('',*,*,#776,.T.);
#1019=ORIENTED_EDGE('',*,*,#777,.T.);
#1020=ORIENTED_EDGE('',*,*,#773,.F.);
#1021=ORIENTED_EDGE('',*,*,#778,.F.);
#1022=ORIENTED_EDGE('',*,*,#779,.T.);
#1023=ORIENTED_EDGE('',*,*,#780,.T.);
#1024=ORIENTED_EDGE('',*,*,#776,.F.);
#1025=ORIENTED_EDGE('',*,*,#781,.F.);
#1026=ORIENTED_EDGE('',*,*,#782,.T.);
#1027=ORIENTED_EDGE('',*,*,#783,.T.);
#1028=ORIENTED_EDGE('',*,*,#779,.F.);
#1029=ORIENTED_EDGE('',*,*,#784,.F.);
#1030=ORIENTED_EDGE('',*,*,#785,.T.);
#1031=ORIENTED_EDGE('',*,*,#786,.T.);
#1032=ORIENTED_EDGE('',*,*,#782,.F.);
#1033=ORIENTED_EDGE('',*,*,#787,.F.);
#1034=ORIENTED_EDGE('',*,*,#788,.T.);
#1035=ORIENTED_EDGE('',*,*,#789,.T.);
#1036=ORIENTED_EDGE('',*,*,#785,.F.);
#1037=ORIENTED_EDGE('',*,*,#790,.F.);
#1038=ORIENTED_EDGE('',*,*,#791,.T.);
#1039=ORIENTED_EDGE('',*,*,#792,.T.);
#1040=ORIENTED_EDGE('',*,*,#788,.F.);
#1041=ORIENTED_EDGE('',*,*,#793,.F.);
#1042=ORIENTED_EDGE('',*,*,#794,.T.);
#1043=ORIENTED_EDGE('',*,*,#795,.T.);
#1044=ORIENTED_EDGE('',*,*,#791,.F.);
#1045=ORIENTED_EDGE('',*,*,#796,.F.);
#1046=ORIENTED_EDGE('',*,*,#797,.T.);
#1047=ORIENTED_EDGE('',*,*,#798,.T.);
#1048=ORIENTED_EDGE('',*,*,#794,.F.);
#1049=ORIENTED_EDGE('',*,*,#799,.F.);
#1050=ORIENTED_EDGE('',*,*,#800,.T.);
#1051=ORIENTED_EDGE('',*,*,#801,.T.);
#1052=ORIENTED_EDGE('',*,*,#797,.F.);
#1053=ORIENTED_EDGE('',*,*,#802,.F.);
#1054=ORIENTED_EDGE('',*,*,#803,.T.);
#1055=ORIENTED_EDGE('',*,*,#804,.T.);
#1056=ORIENTED_EDGE('',*,*,#800,.F.);
#1057=ORIENTED_EDGE('',*,*,#805,.F.);
#1058=ORIENTED_EDGE('',*,*,#806,.T.);
#1059=ORIENTED_EDGE('',*,*,#807,.T.);
#1060=ORIENTED_EDGE('',*,*,#803,.F.);
#1061=ORIENTED_EDGE('',*,*,#808,.F.);
#1062=ORIENTED_EDGE('',*,*,#809,.T.);
#1063=ORIENTED_EDGE('',*,*,#810,.T.);
#1064=ORIENTED_EDGE('',*,*,#806,.F.);
#1065=ORIENTED_EDGE('',*,*,#811,.F.);
#1066=ORIENTED_EDGE('',*,*,#812,.T.);
#1067=ORIENTED_EDGE('',*,*,#813,.T.);
#1068=ORIENTED_EDGE('',*,*,#809,.F.);
#1069=ORIENTED_EDGE('',*,*,#814,.F.);
#1070=ORIENTED_EDGE('',*,*,#815,.T.);
#1071=ORIENTED_EDGE('',*,*,#816,.T.);
#1072=ORIENTED_EDGE('',*,*,#812,.F.);
#1073=ORIENTED_EDGE('',*,*,#817,.F.);
#1074=ORIENTED_EDGE('',*,*,#818,.T.);
#1075=ORIENTED_EDGE('',*,*,#819,.T.);
#1076=ORIENTED_EDGE('',*,*,#815,.F.);
#1077=ORIENTED_EDGE('',*,*,#820,.F.);
#1078=ORIENTED_EDGE('',*,*,#821,.T.);
#1079=ORIENTED_EDGE('',*,*,#822,.T.);
#1080=ORIENTED_EDGE('',*,*,#818,.F.);
#1081=ORIENTED_EDGE('',*,*,#823,.F.);
#1082=ORIENTED_EDGE('',*,*,#824,.F.);
#1083=ORIENTED_EDGE('',*,*,#825,.F.);
#1084=ORIENTED_EDGE('',*,*,#826,.F.);
#1085=ORIENTED_EDGE('',*,*,#827,.T.);
#1086=ORIENTED_EDGE('',*,*,#828,.T.);
#1087=ORIENTED_EDGE('',*,*,#829,.T.);
#1088=ORIENTED_EDGE('',*,*,#830,.T.);
#1089=ORIENTED_EDGE('',*,*,#831,.T.);
#1090=ORIENTED_EDGE('',*,*,#832,.T.);
#1091=ORIENTED_EDGE('',*,*,#833,.T.);
#1092=ORIENTED_EDGE('',*,*,#834,.T.);
#1093=ORIENTED_EDGE('',*,*,#829,.F.);
#1094=ORIENTED_EDGE('',*,*,#835,.T.);
#1095=ORIENTED_EDGE('',*,*,#833,.F.);
#1096=ORIENTED_EDGE('',*,*,#836,.T.);
#1097=ORIENTED_EDGE('',*,*,#837,.T.);
#1098=ORIENTED_EDGE('',*,*,#838,.T.);
#1099=ORIENTED_EDGE('',*,*,#837,.F.);
#1100=ORIENTED_EDGE('',*,*,#839,.T.);
#1101=ORIENTED_EDGE('',*,*,#840,.T.);
#1102=ORIENTED_EDGE('',*,*,#841,.T.);
#1103=ORIENTED_EDGE('',*,*,#840,.F.);
#1104=ORIENTED_EDGE('',*,*,#842,.T.);
#1105=ORIENTED_EDGE('',*,*,#843,.T.);
#1106=ORIENTED_EDGE('',*,*,#844,.T.);
#1107=ORIENTED_EDGE('',*,*,#843,.F.);
#1108=ORIENTED_EDGE('',*,*,#845,.T.);
#1109=ORIENTED_EDGE('',*,*,#831,.F.);
#1110=ORIENTED_EDGE('',*,*,#841,.F.);
#1111=ORIENTED_EDGE('',*,*,#846,.T.);
#1112=ORIENTED_EDGE('',*,*,#847,.T.);
#1113=ORIENTED_EDGE('',*,*,#848,.F.);
#1114=ORIENTED_EDGE('',*,*,#844,.F.);
#1115=ORIENTED_EDGE('',*,*,#849,.T.);
#1116=ORIENTED_EDGE('',*,*,#850,.T.);
#1117=ORIENTED_EDGE('',*,*,#846,.F.);
#1118=ORIENTED_EDGE('',*,*,#830,.F.);
#1119=ORIENTED_EDGE('',*,*,#851,.T.);
#1120=ORIENTED_EDGE('',*,*,#852,.T.);
#1121=ORIENTED_EDGE('',*,*,#849,.F.);
#1122=ORIENTED_EDGE('',*,*,#828,.F.);
#1123=ORIENTED_EDGE('',*,*,#845,.F.);
#1124=ORIENTED_EDGE('',*,*,#842,.F.);
#1125=ORIENTED_EDGE('',*,*,#839,.F.);
#1126=ORIENTED_EDGE('',*,*,#836,.F.);
#1127=ORIENTED_EDGE('',*,*,#832,.F.);
#1128=ORIENTED_EDGE('',*,*,#853,.T.);
#1129=ORIENTED_EDGE('',*,*,#755,.T.);
#1130=ORIENTED_EDGE('',*,*,#854,.T.);
#1131=ORIENTED_EDGE('',*,*,#826,.T.);
#1132=ORIENTED_EDGE('',*,*,#824,.T.);
#1133=ORIENTED_EDGE('',*,*,#855,.T.);
#1134=ORIENTED_EDGE('',*,*,#821,.F.);
#1135=ORIENTED_EDGE('',*,*,#856,.F.);
#1136=ORIENTED_EDGE('',*,*,#857,.F.);
#1137=ORIENTED_EDGE('',*,*,#758,.F.);
#1138=ORIENTED_EDGE('',*,*,#762,.F.);
#1139=ORIENTED_EDGE('',*,*,#765,.F.);
#1140=ORIENTED_EDGE('',*,*,#768,.F.);
#1141=ORIENTED_EDGE('',*,*,#771,.F.);
#1142=ORIENTED_EDGE('',*,*,#774,.F.);
#1143=ORIENTED_EDGE('',*,*,#777,.F.);
#1144=ORIENTED_EDGE('',*,*,#780,.F.);
#1145=ORIENTED_EDGE('',*,*,#783,.F.);
#1146=ORIENTED_EDGE('',*,*,#786,.F.);
#1147=ORIENTED_EDGE('',*,*,#789,.F.);
#1148=ORIENTED_EDGE('',*,*,#792,.F.);
#1149=ORIENTED_EDGE('',*,*,#795,.F.);
#1150=ORIENTED_EDGE('',*,*,#798,.F.);
#1151=ORIENTED_EDGE('',*,*,#801,.F.);
#1152=ORIENTED_EDGE('',*,*,#804,.F.);
#1153=ORIENTED_EDGE('',*,*,#807,.F.);
#1154=ORIENTED_EDGE('',*,*,#810,.F.);
#1155=ORIENTED_EDGE('',*,*,#813,.F.);
#1156=ORIENTED_EDGE('',*,*,#816,.F.);
#1157=ORIENTED_EDGE('',*,*,#819,.F.);
#1158=ORIENTED_EDGE('',*,*,#822,.F.);
#1159=ORIENTED_EDGE('',*,*,#855,.F.);
#1160=ORIENTED_EDGE('',*,*,#827,.F.);
#1161=ORIENTED_EDGE('',*,*,#854,.F.);
#1162=ORIENTED_EDGE('',*,*,#754,.F.);
#1163=ORIENTED_EDGE('',*,*,#858,.F.);
#1164=ORIENTED_EDGE('',*,*,#752,.F.);
#1165=ORIENTED_EDGE('',*,*,#749,.F.);
#1166=ORIENTED_EDGE('',*,*,#746,.F.);
#1167=ORIENTED_EDGE('',*,*,#743,.F.);
#1168=ORIENTED_EDGE('',*,*,#740,.F.);
#1169=ORIENTED_EDGE('',*,*,#737,.F.);
#1170=ORIENTED_EDGE('',*,*,#734,.F.);
#1171=ORIENTED_EDGE('',*,*,#731,.F.);
#1172=ORIENTED_EDGE('',*,*,#728,.F.);
#1173=ORIENTED_EDGE('',*,*,#725,.F.);
#1174=ORIENTED_EDGE('',*,*,#722,.F.);
#1175=ORIENTED_EDGE('',*,*,#719,.F.);
#1176=ORIENTED_EDGE('',*,*,#716,.F.);
#1177=ORIENTED_EDGE('',*,*,#713,.F.);
#1178=ORIENTED_EDGE('',*,*,#710,.F.);
#1179=ORIENTED_EDGE('',*,*,#707,.F.);
#1180=ORIENTED_EDGE('',*,*,#704,.F.);
#1181=ORIENTED_EDGE('',*,*,#701,.F.);
#1182=ORIENTED_EDGE('',*,*,#698,.F.);
#1183=ORIENTED_EDGE('',*,*,#695,.F.);
#1184=ORIENTED_EDGE('',*,*,#692,.F.);
#1185=ORIENTED_EDGE('',*,*,#859,.F.);
#1186=ORIENTED_EDGE('',*,*,#690,.F.);
#1187=ORIENTED_EDGE('',*,*,#694,.F.);
#1188=ORIENTED_EDGE('',*,*,#697,.F.);
#1189=ORIENTED_EDGE('',*,*,#700,.F.);
#1190=ORIENTED_EDGE('',*,*,#703,.F.);
#1191=ORIENTED_EDGE('',*,*,#706,.F.);
#1192=ORIENTED_EDGE('',*,*,#709,.F.);
#1193=ORIENTED_EDGE('',*,*,#712,.F.);
#1194=ORIENTED_EDGE('',*,*,#715,.F.);
#1195=ORIENTED_EDGE('',*,*,#718,.F.);
#1196=ORIENTED_EDGE('',*,*,#721,.F.);
#1197=ORIENTED_EDGE('',*,*,#724,.F.);
#1198=ORIENTED_EDGE('',*,*,#727,.F.);
#1199=ORIENTED_EDGE('',*,*,#730,.F.);
#1200=ORIENTED_EDGE('',*,*,#733,.F.);
#1201=ORIENTED_EDGE('',*,*,#736,.F.);
#1202=ORIENTED_EDGE('',*,*,#739,.F.);
#1203=ORIENTED_EDGE('',*,*,#742,.F.);
#1204=ORIENTED_EDGE('',*,*,#745,.F.);
#1205=ORIENTED_EDGE('',*,*,#748,.F.);
#1206=ORIENTED_EDGE('',*,*,#751,.F.);
#1207=ORIENTED_EDGE('',*,*,#860,.F.);
#1208=ORIENTED_EDGE('',*,*,#756,.F.);
#1209=ORIENTED_EDGE('',*,*,#853,.F.);
#1210=ORIENTED_EDGE('',*,*,#825,.T.);
#1211=ORIENTED_EDGE('',*,*,#856,.T.);
#1212=ORIENTED_EDGE('',*,*,#823,.T.);
#1213=ORIENTED_EDGE('',*,*,#820,.T.);
#1214=ORIENTED_EDGE('',*,*,#817,.T.);
#1215=ORIENTED_EDGE('',*,*,#814,.T.);
#1216=ORIENTED_EDGE('',*,*,#811,.T.);
#1217=ORIENTED_EDGE('',*,*,#808,.T.);
#1218=ORIENTED_EDGE('',*,*,#805,.T.);
#1219=ORIENTED_EDGE('',*,*,#802,.T.);
#1220=ORIENTED_EDGE('',*,*,#799,.T.);
#1221=ORIENTED_EDGE('',*,*,#796,.T.);
#1222=ORIENTED_EDGE('',*,*,#793,.T.);
#1223=ORIENTED_EDGE('',*,*,#790,.T.);
#1224=ORIENTED_EDGE('',*,*,#787,.T.);
#1225=ORIENTED_EDGE('',*,*,#784,.T.);
#1226=ORIENTED_EDGE('',*,*,#781,.T.);
#1227=ORIENTED_EDGE('',*,*,#778,.T.);
#1228=ORIENTED_EDGE('',*,*,#775,.T.);
#1229=ORIENTED_EDGE('',*,*,#772,.T.);
#1230=ORIENTED_EDGE('',*,*,#769,.T.);
#1231=ORIENTED_EDGE('',*,*,#766,.T.);
#1232=ORIENTED_EDGE('',*,*,#763,.T.);
#1233=ORIENTED_EDGE('',*,*,#760,.T.);
#1234=ORIENTED_EDGE('',*,*,#753,.T.);
#1235=ORIENTED_EDGE('',*,*,#860,.T.);
#1236=ORIENTED_EDGE('',*,*,#750,.F.);
#1237=ORIENTED_EDGE('',*,*,#858,.T.);
#1238=ORIENTED_EDGE('',*,*,#859,.T.);
#1239=ORIENTED_EDGE('',*,*,#759,.T.);
#1240=ORIENTED_EDGE('',*,*,#857,.T.);
#1241=ORIENTED_EDGE('',*,*,#691,.F.);
#1242=ORIENTED_EDGE('',*,*,#852,.F.);
#1243=ORIENTED_EDGE('',*,*,#861,.F.);
#1244=ORIENTED_EDGE('',*,*,#850,.F.);
#1245=ORIENTED_EDGE('',*,*,#862,.F.);
#1246=ORIENTED_EDGE('',*,*,#863,.F.);
#1247=ORIENTED_EDGE('',*,*,#864,.F.);
#1248=ORIENTED_EDGE('',*,*,#847,.F.);
#1249=ORIENTED_EDGE('',*,*,#865,.F.);
#1250=ORIENTED_EDGE('',*,*,#866,.F.);
#1251=ORIENTED_EDGE('',*,*,#867,.F.);
#1252=ORIENTED_EDGE('',*,*,#868,.F.);
#1253=ORIENTED_EDGE('',*,*,#869,.F.);
#1254=ORIENTED_EDGE('',*,*,#835,.F.);
#1255=ORIENTED_EDGE('',*,*,#870,.T.);
#1256=ORIENTED_EDGE('',*,*,#868,.T.);
#1257=ORIENTED_EDGE('',*,*,#871,.F.);
#1258=ORIENTED_EDGE('',*,*,#834,.F.);
#1259=ORIENTED_EDGE('',*,*,#871,.T.);
#1260=ORIENTED_EDGE('',*,*,#863,.T.);
#1261=ORIENTED_EDGE('',*,*,#851,.F.);
#1262=ORIENTED_EDGE('',*,*,#838,.F.);
#1263=ORIENTED_EDGE('',*,*,#848,.T.);
#1264=ORIENTED_EDGE('',*,*,#866,.T.);
#1265=ORIENTED_EDGE('',*,*,#870,.F.);
#1266=ORIENTED_EDGE('',*,*,#872,.F.);
#1267=ORIENTED_EDGE('',*,*,#873,.T.);
#1268=ORIENTED_EDGE('',*,*,#874,.F.);
#1269=ORIENTED_EDGE('',*,*,#873,.F.);
#1270=ORIENTED_EDGE('',*,*,#875,.T.);
#1271=ORIENTED_EDGE('',*,*,#876,.T.);
#1272=ORIENTED_EDGE('',*,*,#877,.T.);
#1273=ORIENTED_EDGE('',*,*,#878,.T.);
#1274=ORIENTED_EDGE('',*,*,#874,.T.);
#1275=ORIENTED_EDGE('',*,*,#879,.T.);
#1276=ORIENTED_EDGE('',*,*,#880,.T.);
#1277=ORIENTED_EDGE('',*,*,#881,.T.);
#1278=ORIENTED_EDGE('',*,*,#882,.T.);
#1279=ORIENTED_EDGE('',*,*,#872,.T.);
#1280=ORIENTED_EDGE('',*,*,#883,.F.);
#1281=ORIENTED_EDGE('',*,*,#875,.F.);
#1282=ORIENTED_EDGE('',*,*,#884,.F.);
#1283=ORIENTED_EDGE('',*,*,#885,.F.);
#1284=ORIENTED_EDGE('',*,*,#879,.F.);
#1285=ORIENTED_EDGE('',*,*,#886,.F.);
#1286=ORIENTED_EDGE('',*,*,#887,.T.);
#1287=ORIENTED_EDGE('',*,*,#884,.T.);
#1288=ORIENTED_EDGE('',*,*,#878,.F.);
#1289=ORIENTED_EDGE('',*,*,#888,.F.);
#1290=ORIENTED_EDGE('',*,*,#880,.F.);
#1291=ORIENTED_EDGE('',*,*,#885,.T.);
#1292=ORIENTED_EDGE('',*,*,#887,.F.);
#1293=ORIENTED_EDGE('',*,*,#889,.T.);
#1294=ORIENTED_EDGE('',*,*,#890,.T.);
#1295=ORIENTED_EDGE('',*,*,#881,.F.);
#1296=ORIENTED_EDGE('',*,*,#888,.T.);
#1297=ORIENTED_EDGE('',*,*,#886,.T.);
#1298=ORIENTED_EDGE('',*,*,#877,.F.);
#1299=ORIENTED_EDGE('',*,*,#891,.F.);
#1300=ORIENTED_EDGE('',*,*,#882,.F.);
#1301=ORIENTED_EDGE('',*,*,#891,.T.);
#1302=ORIENTED_EDGE('',*,*,#890,.F.);
#1303=ORIENTED_EDGE('',*,*,#892,.T.);
#1304=ORIENTED_EDGE('',*,*,#865,.T.);
#1305=ORIENTED_EDGE('',*,*,#862,.T.);
#1306=ORIENTED_EDGE('',*,*,#861,.T.);
#1307=ORIENTED_EDGE('',*,*,#864,.T.);
#1308=ORIENTED_EDGE('',*,*,#869,.T.);
#1309=ORIENTED_EDGE('',*,*,#867,.T.);
#1310=ORIENTED_EDGE('',*,*,#892,.F.);
#1311=ORIENTED_EDGE('',*,*,#889,.F.);
#1312=ORIENTED_EDGE('',*,*,#893,.T.);
#1313=ORIENTED_EDGE('',*,*,#883,.T.);
#1314=ORIENTED_EDGE('',*,*,#893,.F.);
#1315=ORIENTED_EDGE('',*,*,#876,.F.);
#1316=PLANE('',#1435);
#1317=PLANE('',#1440);
#1318=PLANE('',#1493);
#1319=PLANE('',#1494);
#1320=PLANE('',#1495);
#1321=PLANE('',#1496);
#1322=PLANE('',#1497);
#1323=PLANE('',#1498);
#1324=PLANE('',#1499);
#1325=PLANE('',#1500);
#1326=PLANE('',#1501);
#1327=PLANE('',#1502);
#1328=PLANE('',#1505);
#1329=PLANE('',#1512);
#1330=PLANE('',#1513);
#1331=PLANE('',#1514);
#1332=PLANE('',#1519);
#1333=PLANE('',#1521);
#1334=PLANE('',#1531);
#1335=PLANE('',#1535);
#1336=ADVANCED_FACE('',(#351,#346),#1316,.T.);
#1337=ADVANCED_FACE('',(#352),#297,.F.);
#1338=ADVANCED_FACE('',(#353,#347),#1317,.T.);
#1339=ADVANCED_FACE('',(#354),#141,.T.);
#1340=ADVANCED_FACE('',(#355),#298,.F.);
#1341=ADVANCED_FACE('',(#356),#299,.F.);
#1342=ADVANCED_FACE('',(#357),#300,.F.);
#1343=ADVANCED_FACE('',(#358),#301,.F.);
#1344=ADVANCED_FACE('',(#359),#302,.F.);
#1345=ADVANCED_FACE('',(#360),#303,.F.);
#1346=ADVANCED_FACE('',(#361),#304,.F.);
#1347=ADVANCED_FACE('',(#362),#305,.F.);
#1348=ADVANCED_FACE('',(#363),#306,.F.);
#1349=ADVANCED_FACE('',(#364),#307,.F.);
#1350=ADVANCED_FACE('',(#365),#308,.F.);
#1351=ADVANCED_FACE('',(#366),#309,.F.);
#1352=ADVANCED_FACE('',(#367),#310,.F.);
#1353=ADVANCED_FACE('',(#368),#311,.F.);
#1354=ADVANCED_FACE('',(#369),#312,.F.);
#1355=ADVANCED_FACE('',(#370),#313,.F.);
#1356=ADVANCED_FACE('',(#371),#314,.F.);
#1357=ADVANCED_FACE('',(#372),#315,.F.);
#1358=ADVANCED_FACE('',(#373),#316,.F.);
#1359=ADVANCED_FACE('',(#374),#317,.F.);
#1360=ADVANCED_FACE('',(#375),#318,.F.);
#1361=ADVANCED_FACE('',(#376),#319,.F.);
#1362=ADVANCED_FACE('',(#377),#320,.F.);
#1363=ADVANCED_FACE('',(#378),#321,.F.);
#1364=ADVANCED_FACE('',(#379),#322,.F.);
#1365=ADVANCED_FACE('',(#380),#323,.F.);
#1366=ADVANCED_FACE('',(#381),#324,.F.);
#1367=ADVANCED_FACE('',(#382),#325,.F.);
#1368=ADVANCED_FACE('',(#383),#326,.F.);
#1369=ADVANCED_FACE('',(#384),#327,.F.);
#1370=ADVANCED_FACE('',(#385),#328,.F.);
#1371=ADVANCED_FACE('',(#386),#329,.F.);
#1372=ADVANCED_FACE('',(#387),#330,.F.);
#1373=ADVANCED_FACE('',(#388),#331,.F.);
#1374=ADVANCED_FACE('',(#389),#332,.F.);
#1375=ADVANCED_FACE('',(#390),#333,.F.);
#1376=ADVANCED_FACE('',(#391),#334,.F.);
#1377=ADVANCED_FACE('',(#392),#335,.F.);
#1378=ADVANCED_FACE('',(#393),#336,.F.);
#1379=ADVANCED_FACE('',(#394),#337,.F.);
#1380=ADVANCED_FACE('',(#395),#338,.F.);
#1381=ADVANCED_FACE('',(#396),#339,.F.);
#1382=ADVANCED_FACE('',(#397),#340,.F.);
#1383=ADVANCED_FACE('',(#398),#341,.F.);
#1384=ADVANCED_FACE('',(#399),#342,.F.);
#1385=ADVANCED_FACE('',(#400),#1318,.T.);
#1386=ADVANCED_FACE('',(#401),#1319,.T.);
#1387=ADVANCED_FACE('',(#402),#1320,.T.);
#1388=ADVANCED_FACE('',(#403),#1321,.T.);
#1389=ADVANCED_FACE('',(#404),#1322,.T.);
#1390=ADVANCED_FACE('',(#405),#1323,.T.);
#1391=ADVANCED_FACE('',(#406),#1324,.T.);
#1392=ADVANCED_FACE('',(#407),#1325,.T.);
#1393=ADVANCED_FACE('',(#408),#1326,.T.);
#1394=ADVANCED_FACE('',(#409,#348),#1327,.F.);
#1395=ADVANCED_FACE('',(#410),#343,.F.);
#1396=ADVANCED_FACE('',(#411),#21,.F.);
#1397=ADVANCED_FACE('',(#412),#22,.F.);
#1398=ADVANCED_FACE('',(#413),#344,.F.);
#1399=ADVANCED_FACE('',(#414),#1328,.T.);
#1400=ADVANCED_FACE('',(#415),#23,.F.);
#1401=ADVANCED_FACE('',(#416),#24,.F.);
#1402=ADVANCED_FACE('',(#417),#25,.F.);
#1403=ADVANCED_FACE('',(#418),#26,.F.);
#1404=ADVANCED_FACE('',(#419),#27,.F.);
#1405=ADVANCED_FACE('',(#420),#28,.F.);
#1406=ADVANCED_FACE('',(#421),#1329,.T.);
#1407=ADVANCED_FACE('',(#422),#1330,.T.);
#1408=ADVANCED_FACE('',(#423),#1331,.T.);
#1409=ADVANCED_FACE('',(#424),#142,.F.);
#1410=ADVANCED_FACE('',(#425,#349),#1332,.T.);
#1411=ADVANCED_FACE('',(#426,#350),#1333,.F.);
#1412=ADVANCED_FACE('',(#427),#17,.F.);
#1413=ADVANCED_FACE('',(#428),#18,.F.);
#1414=ADVANCED_FACE('',(#429),#19,.F.);
#1415=ADVANCED_FACE('',(#430),#20,.F.);
#1416=ADVANCED_FACE('',(#431),#1334,.T.);
#1417=ADVANCED_FACE('',(#432),#345,.T.);
#1418=ADVANCED_FACE('',(#433),#1335,.F.);
#1419=CLOSED_SHELL('',(#1336,#1337,#1338,#1339));
#1420=CLOSED_SHELL('',(#1340,#1341,#1342,#1343,#1344,#1345,#1346,#1347,
#1348,#1349,#1350,#1351,#1352,#1353,#1354,#1355,#1356,#1357,#1358,#1359,
#1360,#1361,#1362,#1363,#1364,#1365,#1366,#1367,#1368,#1369,#1370,#1371,
#1372,#1373,#1374,#1375,#1376,#1377,#1378,#1379,#1380,#1381,#1382,#1383,
#1384,#1385,#1386,#1387,#1388,#1389,#1390,#1391,#1392,#1393,#1394,#1395,
#1396,#1397,#1398,#1399,#1400,#1401,#1402,#1403,#1404,#1405,#1406,#1407,
#1408,#1409,#1410,#1411,#1412,#1413,#1414,#1415,#1416,#1417,#1418));
#1421=DERIVED_UNIT_ELEMENT(#1423,1.);
#1422=DERIVED_UNIT_ELEMENT(#5418,-3.);
#1423=(
MASS_UNIT()
NAMED_UNIT(*)
SI_UNIT(.KILO.,.GRAM.)
);
#1424=DERIVED_UNIT((#1421,#1422));
#1425=MEASURE_REPRESENTATION_ITEM('density measure',
POSITIVE_RATIO_MEASURE(7850.),#1424);
#1426=PROPERTY_DEFINITION_REPRESENTATION(#1431,#1428);
#1427=PROPERTY_DEFINITION_REPRESENTATION(#1432,#1429);
#1428=REPRESENTATION('material name',(#1430),#5415);
#1429=REPRESENTATION('density',(#1425),#5415);
#1430=DESCRIPTIVE_REPRESENTATION_ITEM('Steel','Steel');
#1431=PROPERTY_DEFINITION('material property','material name',#5430);
#1432=PROPERTY_DEFINITION('material property','density of part',#5430);
#1433=AXIS2_PLACEMENT_3D('',#1822,#1537,#1538);
#1434=AXIS2_PLACEMENT_3D('',#1823,#1539,#1540);
#1435=AXIS2_PLACEMENT_3D('',#1824,#1541,#1542);
#1436=AXIS2_PLACEMENT_3D('',#1826,#1543,#1544);
#1437=AXIS2_PLACEMENT_3D('',#1828,#1545,#1546);
#1438=AXIS2_PLACEMENT_3D('',#1829,#1547,#1548);
#1439=AXIS2_PLACEMENT_3D('',#1832,#1550,#1551);
#1440=AXIS2_PLACEMENT_3D('',#1833,#1552,#1553);
#1441=AXIS2_PLACEMENT_3D('',#1835,#1554,#1555);
#1442=AXIS2_PLACEMENT_3D('',#1836,#1556,#1557);
#1443=AXIS2_PLACEMENT_3D('',#1837,#1558,#1559);
#1444=AXIS2_PLACEMENT_3D('',#1838,#1560,#1561);
#1445=AXIS2_PLACEMENT_3D('',#1857,#1563,#1564);
#1446=AXIS2_PLACEMENT_3D('',#1877,#1565,#1566);
#1447=AXIS2_PLACEMENT_3D('',#1928,#1568,#1569);
#1448=AXIS2_PLACEMENT_3D('',#1979,#1571,#1572);
#1449=AXIS2_PLACEMENT_3D('',#2027,#1574,#1575);
#1450=AXIS2_PLACEMENT_3D('',#2078,#1577,#1578);
#1451=AXIS2_PLACEMENT_3D('',#2129,#1580,#1581);
#1452=AXIS2_PLACEMENT_3D('',#2177,#1583,#1584);
#1453=AXIS2_PLACEMENT_3D('',#2228,#1586,#1587);
#1454=AXIS2_PLACEMENT_3D('',#2279,#1589,#1590);
#1455=AXIS2_PLACEMENT_3D('',#2327,#1592,#1593);
#1456=AXIS2_PLACEMENT_3D('',#2375,#1595,#1596);
#1457=AXIS2_PLACEMENT_3D('',#2429,#1598,#1599);
#1458=AXIS2_PLACEMENT_3D('',#2477,#1601,#1602);
#1459=AXIS2_PLACEMENT_3D('',#2525,#1604,#1605);
#1460=AXIS2_PLACEMENT_3D('',#2576,#1607,#1608);
#1461=AXIS2_PLACEMENT_3D('',#2627,#1610,#1611);
#1462=AXIS2_PLACEMENT_3D('',#2675,#1613,#1614);
#1463=AXIS2_PLACEMENT_3D('',#2726,#1616,#1617);
#1464=AXIS2_PLACEMENT_3D('',#2777,#1619,#1620);
#1465=AXIS2_PLACEMENT_3D('',#2825,#1622,#1623);
#1466=AXIS2_PLACEMENT_3D('',#2876,#1625,#1626);
#1467=AXIS2_PLACEMENT_3D('',#2895,#1628,#1629);
#1468=AXIS2_PLACEMENT_3D('',#2915,#1630,#1631);
#1469=AXIS2_PLACEMENT_3D('',#2926,#1633,#1634);
#1470=AXIS2_PLACEMENT_3D('',#2932,#1635,#1636);
#1471=AXIS2_PLACEMENT_3D('',#2957,#1638,#1639);
#1472=AXIS2_PLACEMENT_3D('',#2981,#1641,#1642);
#1473=AXIS2_PLACEMENT_3D('',#3006,#1644,#1645);
#1474=AXIS2_PLACEMENT_3D('',#3031,#1647,#1648);
#1475=AXIS2_PLACEMENT_3D('',#3055,#1650,#1651);
#1476=AXIS2_PLACEMENT_3D('',#3080,#1653,#1654);
#1477=AXIS2_PLACEMENT_3D('',#3105,#1656,#1657);
#1478=AXIS2_PLACEMENT_3D('',#3129,#1659,#1660);
#1479=AXIS2_PLACEMENT_3D('',#3154,#1662,#1663);
#1480=AXIS2_PLACEMENT_3D('',#3178,#1665,#1666);
#1481=AXIS2_PLACEMENT_3D('',#3203,#1668,#1669);
#1482=AXIS2_PLACEMENT_3D('',#3228,#1671,#1672);
#1483=AXIS2_PLACEMENT_3D('',#3252,#1674,#1675);
#1484=AXIS2_PLACEMENT_3D('',#3277,#1677,#1678);
#1485=AXIS2_PLACEMENT_3D('',#3301,#1680,#1681);
#1486=AXIS2_PLACEMENT_3D('',#3326,#1683,#1684);
#1487=AXIS2_PLACEMENT_3D('',#3351,#1686,#1687);
#1488=AXIS2_PLACEMENT_3D('',#3375,#1689,#1690);
#1489=AXIS2_PLACEMENT_3D('',#3400,#1692,#1693);
#1490=AXIS2_PLACEMENT_3D('',#3425,#1695,#1696);
#1491=AXIS2_PLACEMENT_3D('',#3449,#1698,#1699);
#1492=AXIS2_PLACEMENT_3D('',#3460,#1701,#1702);
#1493=AXIS2_PLACEMENT_3D('',#3466,#1703,#1704);
#1494=AXIS2_PLACEMENT_3D('',#3475,#1709,#1710);
#1495=AXIS2_PLACEMENT_3D('',#3481,#1714,#1715);
#1496=AXIS2_PLACEMENT_3D('',#3487,#1719,#1720);
#1497=AXIS2_PLACEMENT_3D('',#3493,#1724,#1725);
#1498=AXIS2_PLACEMENT_3D('',#3499,#1729,#1730);
#1499=AXIS2_PLACEMENT_3D('',#3502,#1733,#1734);
#1500=AXIS2_PLACEMENT_3D('',#3527,#1737,#1738);
#1501=AXIS2_PLACEMENT_3D('',#3550,#1740,#1741);
#1502=AXIS2_PLACEMENT_3D('',#3573,#1743,#1744);
#1503=AXIS2_PLACEMENT_3D('',#3717,#1745,#1746);
#1504=AXIS2_PLACEMENT_3D('',#5120,#1747,#1748);
#1505=AXIS2_PLACEMENT_3D('',#5121,#1749,#1750);
#1506=AXIS2_PLACEMENT_3D('',#5142,#1751,#1752);
#1507=AXIS2_PLACEMENT_3D('',#5163,#1753,#1754);
#1508=AXIS2_PLACEMENT_3D('',#5205,#1755,#1756);
#1509=AXIS2_PLACEMENT_3D('',#5226,#1757,#1758);
#1510=AXIS2_PLACEMENT_3D('',#5268,#1759,#1760);
#1511=AXIS2_PLACEMENT_3D('',#5309,#1761,#1762);
#1512=AXIS2_PLACEMENT_3D('',#5310,#1763,#1764);
#1513=AXIS2_PLACEMENT_3D('',#5313,#1767,#1768);
#1514=AXIS2_PLACEMENT_3D('',#5314,#1769,#1770);
#1515=AXIS2_PLACEMENT_3D('',#5315,#1771,#1772);
#1516=AXIS2_PLACEMENT_3D('',#5317,#1773,#1774);
#1517=AXIS2_PLACEMENT_3D('',#5319,#1775,#1776);
#1518=AXIS2_PLACEMENT_3D('',#5320,#1777,#1778);
#1519=AXIS2_PLACEMENT_3D('',#5321,#1779,#1780);
#1520=AXIS2_PLACEMENT_3D('',#5329,#1784,#1785);
#1521=AXIS2_PLACEMENT_3D('',#5330,#1786,#1787);
#1522=AXIS2_PLACEMENT_3D('',#5335,#1789,#1790);
#1523=AXIS2_PLACEMENT_3D('',#5345,#1793,#1794);
#1524=AXIS2_PLACEMENT_3D('',#5347,#1795,#1796);
#1525=AXIS2_PLACEMENT_3D('',#5348,#1797,#1798);
#1526=AXIS2_PLACEMENT_3D('',#5371,#1799,#1800);
#1527=AXIS2_PLACEMENT_3D('',#5372,#1801,#1802);
#1528=AXIS2_PLACEMENT_3D('',#5394,#1803,#1804);
#1529=AXIS2_PLACEMENT_3D('',#5402,#1805,#1806);
#1530=AXIS2_PLACEMENT_3D('',#5403,#1807,#1808);
#1531=AXIS2_PLACEMENT_3D('',#5404,#1809,#1810);
#1532=AXIS2_PLACEMENT_3D('',#5405,#1811,#1812);
#1533=AXIS2_PLACEMENT_3D('',#5406,#1813,#1814);
#1534=AXIS2_PLACEMENT_3D('',#5408,#1816,#1817);
#1535=AXIS2_PLACEMENT_3D('',#5409,#1818,#1819);
#1536=AXIS2_PLACEMENT_3D('',#5410,#1820,#1821);
#1537=DIRECTION('axis',(0.,0.,1.));
#1538=DIRECTION('refdir',(1.,0.,0.));
#1539=DIRECTION('axis',(0.,0.,1.));
#1540=DIRECTION('refdir',(1.,0.,0.));
#1541=DIRECTION('center_axis',(0.,-5.55111512312572E-16,-1.));
#1542=DIRECTION('ref_axis',(-1.,0.,0.));
#1543=DIRECTION('center_axis',(0.,-5.55111512312572E-16,-1.));
#1544=DIRECTION('ref_axis',(1.,0.,0.));
#1545=DIRECTION('center_axis',(0.,-5.55111512312572E-16,-1.));
#1546=DIRECTION('ref_axis',(1.,0.,0.));
#1547=DIRECTION('center_axis',(0.,-5.55111512312572E-16,-1.));
#1548=DIRECTION('ref_axis',(0.,1.,-4.47401964817245E-16));
#1549=DIRECTION('',(0.,5.55111512312572E-16,1.));
#1550=DIRECTION('center_axis',(0.,-5.55111512312572E-16,-1.));
#1551=DIRECTION('ref_axis',(1.,0.,0.));
#1552=DIRECTION('center_axis',(0.,5.55111512312572E-16,1.));
#1553=DIRECTION('ref_axis',(1.,0.,0.));
#1554=DIRECTION('center_axis',(0.,-5.55111512312572E-16,-1.));
#1555=DIRECTION('ref_axis',(1.,0.,0.));
#1556=DIRECTION('center_axis',(6.12323399573677E-17,0.,1.));
#1557=DIRECTION('ref_axis',(1.,0.,0.));
#1558=DIRECTION('center_axis',(0.,-1.,0.));
#1559=DIRECTION('ref_axis',(-1.,0.,0.));
#1560=DIRECTION('center_axis',(0.,1.,0.));
#1561=DIRECTION('ref_axis',(0.933236525532681,0.,0.359262560548257));
#1562=DIRECTION('',(0.,1.,0.));
#1563=DIRECTION('center_axis',(0.,1.,0.));
#1564=DIRECTION('ref_axis',(1.,0.,0.));
#1565=DIRECTION('center_axis',(0.,1.,0.));
#1566=DIRECTION('ref_axis',(1.,0.,0.));
#1567=DIRECTION('',(0.,1.,0.));
#1568=DIRECTION('center_axis',(0.,1.,0.));
#1569=DIRECTION('ref_axis',(1.,0.,0.));
#1570=DIRECTION('',(0.,1.,0.));
#1571=DIRECTION('center_axis',(0.,1.,0.));
#1572=DIRECTION('ref_axis',(1.,0.,0.));
#1573=DIRECTION('',(0.,1.,0.));
#1574=DIRECTION('center_axis',(0.,1.,0.));
#1575=DIRECTION('ref_axis',(1.,0.,0.));
#1576=DIRECTION('',(0.,1.,0.));
#1577=DIRECTION('center_axis',(0.,1.,0.));
#1578=DIRECTION('ref_axis',(1.,0.,0.));
#1579=DIRECTION('',(0.,1.,0.));
#1580=DIRECTION('center_axis',(0.,1.,0.));
#1581=DIRECTION('ref_axis',(1.,0.,0.));
#1582=DIRECTION('',(0.,1.,0.));
#1583=DIRECTION('center_axis',(0.,1.,0.));
#1584=DIRECTION('ref_axis',(1.,0.,0.));
#1585=DIRECTION('',(0.,1.,0.));
#1586=DIRECTION('center_axis',(0.,1.,0.));
#1587=DIRECTION('ref_axis',(1.,0.,0.));
#1588=DIRECTION('',(0.,1.,0.));
#1589=DIRECTION('center_axis',(0.,1.,0.));
#1590=DIRECTION('ref_axis',(1.,0.,0.));
#1591=DIRECTION('',(0.,1.,0.));
#1592=DIRECTION('center_axis',(0.,1.,0.));
#1593=DIRECTION('ref_axis',(1.,0.,0.));
#1594=DIRECTION('',(0.,1.,0.));
#1595=DIRECTION('center_axis',(0.,1.,0.));
#1596=DIRECTION('ref_axis',(1.,0.,0.));
#1597=DIRECTION('',(0.,1.,0.));
#1598=DIRECTION('center_axis',(0.,1.,0.));
#1599=DIRECTION('ref_axis',(1.,0.,0.));
#1600=DIRECTION('',(0.,1.,0.));
#1601=DIRECTION('center_axis',(0.,1.,0.));
#1602=DIRECTION('ref_axis',(1.,0.,0.));
#1603=DIRECTION('',(0.,1.,0.));
#1604=DIRECTION('center_axis',(0.,1.,0.));
#1605=DIRECTION('ref_axis',(1.,0.,0.));
#1606=DIRECTION('',(0.,1.,0.));
#1607=DIRECTION('center_axis',(0.,1.,0.));
#1608=DIRECTION('ref_axis',(1.,0.,0.));
#1609=DIRECTION('',(0.,1.,0.));
#1610=DIRECTION('center_axis',(0.,1.,0.));
#1611=DIRECTION('ref_axis',(1.,0.,0.));
#1612=DIRECTION('',(0.,1.,0.));
#1613=DIRECTION('center_axis',(0.,1.,0.));
#1614=DIRECTION('ref_axis',(1.,0.,0.));
#1615=DIRECTION('',(0.,1.,0.));
#1616=DIRECTION('center_axis',(0.,1.,0.));
#1617=DIRECTION('ref_axis',(1.,0.,0.));
#1618=DIRECTION('',(0.,1.,0.));
#1619=DIRECTION('center_axis',(0.,1.,0.));
#1620=DIRECTION('ref_axis',(1.,0.,0.));
#1621=DIRECTION('',(0.,1.,0.));
#1622=DIRECTION('center_axis',(0.,1.,0.));
#1623=DIRECTION('ref_axis',(1.,0.,0.));
#1624=DIRECTION('',(0.,1.,0.));
#1625=DIRECTION('center_axis',(0.,1.,0.));
#1626=DIRECTION('ref_axis',(0.933236536745387,0.,-0.359262531421628));
#1627=DIRECTION('',(0.,1.,0.));
#1628=DIRECTION('center_axis',(0.,-1.,0.));
#1629=DIRECTION('ref_axis',(1.,0.,0.));
#1630=DIRECTION('center_axis',(0.,1.,0.));
#1631=DIRECTION('ref_axis',(-0.60946938087037,0.,0.792809607523451));
#1632=DIRECTION('',(1.22464679914735E-16,1.,-4.19352493264098E-30));
#1633=DIRECTION('center_axis',(0.,-1.,0.));
#1634=DIRECTION('ref_axis',(1.,0.,-3.41202650243615E-14));
#1635=DIRECTION('center_axis',(0.,1.,0.));
#1636=DIRECTION('ref_axis',(1.,0.,-3.41202650243615E-14));
#1637=DIRECTION('',(1.22464679914735E-16,1.,-4.19352493264098E-30));
#1638=DIRECTION('center_axis',(0.,1.,0.));
#1639=DIRECTION('ref_axis',(1.,0.,-3.41202650243615E-14));
#1640=DIRECTION('',(1.22464679914735E-16,1.,-4.19352493264098E-30));
#1641=DIRECTION('center_axis',(0.,1.,0.));
#1642=DIRECTION('ref_axis',(1.,0.,-3.41202650243615E-14));
#1643=DIRECTION('',(1.22464679914735E-16,1.,-4.19352493264098E-30));
#1644=DIRECTION('center_axis',(0.,1.,0.));
#1645=DIRECTION('ref_axis',(1.,0.,-3.41202650243615E-14));
#1646=DIRECTION('',(1.22464679914735E-16,1.,-4.19352493264098E-30));
#1647=DIRECTION('center_axis',(0.,1.,0.));
#1648=DIRECTION('ref_axis',(1.,0.,-3.41202650243615E-14));
#1649=DIRECTION('',(1.22464679914735E-16,1.,-4.19352493264098E-30));
#1650=DIRECTION('center_axis',(0.,1.,0.));
#1651=DIRECTION('ref_axis',(1.,0.,-3.41202650243615E-14));
#1652=DIRECTION('',(1.22464679914735E-16,1.,-4.19352493264098E-30));
#1653=DIRECTION('center_axis',(0.,1.,0.));
#1654=DIRECTION('ref_axis',(1.,0.,-3.41202650243615E-14));
#1655=DIRECTION('',(1.22464679914735E-16,1.,-4.19352493264098E-30));
#1656=DIRECTION('center_axis',(0.,1.,0.));
#1657=DIRECTION('ref_axis',(1.,0.,-3.41202650243615E-14));
#1658=DIRECTION('',(1.22464679914735E-16,1.,-4.19352493264098E-30));
#1659=DIRECTION('center_axis',(0.,1.,0.));
#1660=DIRECTION('ref_axis',(1.,0.,-3.41202650243615E-14));
#1661=DIRECTION('',(1.22464679914735E-16,1.,-4.19352493264098E-30));
#1662=DIRECTION('center_axis',(0.,1.,0.));
#1663=DIRECTION('ref_axis',(1.,0.,-3.41202650243615E-14));
#1664=DIRECTION('',(1.22464679914735E-16,1.,-4.19352493264098E-30));
#1665=DIRECTION('center_axis',(0.,1.,0.));
#1666=DIRECTION('ref_axis',(1.,0.,-3.41202650243615E-14));
#1667=DIRECTION('',(1.22464679914735E-16,1.,-4.19352493264098E-30));
#1668=DIRECTION('center_axis',(0.,1.,0.));
#1669=DIRECTION('ref_axis',(1.,0.,-3.41202650243615E-14));
#1670=DIRECTION('',(1.22464679914735E-16,1.,-4.19352493264098E-30));
#1671=DIRECTION('center_axis',(0.,1.,0.));
#1672=DIRECTION('ref_axis',(1.,0.,-3.41202650243615E-14));
#1673=DIRECTION('',(1.22464679914735E-16,1.,-4.19352493264098E-30));
#1674=DIRECTION('center_axis',(0.,1.,0.));
#1675=DIRECTION('ref_axis',(1.,0.,-3.41202650243615E-14));
#1676=DIRECTION('',(1.22464679914735E-16,1.,-4.19352493264098E-30));
#1677=DIRECTION('center_axis',(0.,1.,0.));
#1678=DIRECTION('ref_axis',(1.,0.,-3.41202650243615E-14));
#1679=DIRECTION('',(1.22464679914735E-16,1.,-4.19352493264098E-30));
#1680=DIRECTION('center_axis',(0.,1.,0.));
#1681=DIRECTION('ref_axis',(1.,0.,-3.41202650243615E-14));
#1682=DIRECTION('',(1.22464679914735E-16,1.,-4.19352493264098E-30));
#1683=DIRECTION('center_axis',(0.,1.,0.));
#1684=DIRECTION('ref_axis',(1.,0.,-3.41202650243615E-14));
#1685=DIRECTION('',(1.22464679914735E-16,1.,-4.19352493264098E-30));
#1686=DIRECTION('center_axis',(0.,1.,0.));
#1687=DIRECTION('ref_axis',(1.,0.,-3.41202650243615E-14));
#1688=DIRECTION('',(1.22464679914735E-16,1.,-4.19352493264098E-30));
#1689=DIRECTION('center_axis',(0.,1.,0.));
#1690=DIRECTION('ref_axis',(1.,0.,-3.41202650243615E-14));
#1691=DIRECTION('',(1.22464679914735E-16,1.,-4.19352493264098E-30));
#1692=DIRECTION('center_axis',(0.,1.,0.));
#1693=DIRECTION('ref_axis',(1.,0.,-3.41202650243615E-14));
#1694=DIRECTION('',(1.22464679914735E-16,1.,-4.19352493264098E-30));
#1695=DIRECTION('center_axis',(0.,1.,0.));
#1696=DIRECTION('ref_axis',(1.,0.,-3.41202650243615E-14));
#1697=DIRECTION('',(1.22464679914735E-16,1.,-4.19352493264098E-30));
#1698=DIRECTION('center_axis',(0.,1.,0.));
#1699=DIRECTION('ref_axis',(-0.60946939915472,0.,-0.792809593467426));
#1700=DIRECTION('',(1.22464679914735E-16,1.,-4.19352493264098E-30));
#1701=DIRECTION('center_axis',(0.,1.,0.));
#1702=DIRECTION('ref_axis',(1.,0.,-3.41202650243615E-14));
#1703=DIRECTION('center_axis',(-0.61237243569575,-0.707106781186548,-0.353553390593351));
#1704=DIRECTION('ref_axis',(-0.500000000000109,0.,0.866025403784376));
#1705=DIRECTION('',(-0.500000000000109,0.,0.866025403784376));
#1706=DIRECTION('',(-0.755928946018472,0.654653670707956,-2.16226444566666E-14));
#1707=DIRECTION('',(0.500000000000109,0.,-0.866025403784376));
#1708=DIRECTION('',(0.377964473009181,-0.654653670707991,0.654653670707991));
#1709=DIRECTION('center_axis',(-0.61237243569577,-0.707106781186547,0.353553390593318));
#1710=DIRECTION('ref_axis',(0.500000000000062,0.,0.866025403784403));
#1711=DIRECTION('',(0.500000000000062,0.,0.866025403784403));
#1712=DIRECTION('',(-0.3779644730092,0.654653670707985,0.654653670707985));
#1713=DIRECTION('',(-0.500000000000062,0.,-0.866025403784403));
#1714=DIRECTION('center_axis',(0.,-0.707106781186547,0.707106781186548));
#1715=DIRECTION('ref_axis',(1.,0.,0.));
#1716=DIRECTION('',(-1.,0.,0.));
#1717=DIRECTION('',(1.,0.,0.));
#1718=DIRECTION('',(0.377964473009201,0.654653670707985,0.654653670707985));
#1719=DIRECTION('center_axis',(0.612372435695769,-0.707106781186548,0.353553390593318));
#1720=DIRECTION('ref_axis',(0.500000000000063,0.,-0.866025403784403));
#1721=DIRECTION('',(-0.500000000000062,0.,0.866025403784403));
#1722=DIRECTION('',(0.500000000000062,0.,-0.866025403784403));
#1723=DIRECTION('',(0.755928946018461,0.65465367070797,2.70283055708338E-14));
#1724=DIRECTION('center_axis',(0.612372435695795,-0.707106781186547,-0.353553390593274));
#1725=DIRECTION('ref_axis',(-0.5,0.,-0.866025403784439));
#1726=DIRECTION('',(0.5,0.,0.866025403784439));
#1727=DIRECTION('',(-0.5,0.,-0.866025403784439));
#1728=DIRECTION('',(0.377964473009227,0.654653670707977,-0.654653670707977));
#1729=DIRECTION('center_axis',(0.,-0.707106781186547,-0.707106781186548));
#1730=DIRECTION('ref_axis',(-1.,0.,0.));
#1731=DIRECTION('',(1.,0.,0.));
#1732=DIRECTION('',(-1.,0.,0.));
#1733=DIRECTION('center_axis',(0.866025403784439,0.,-0.5));
#1734=DIRECTION('ref_axis',(-0.5,0.,-0.866025403784439));
#1735=DIRECTION('',(0.,1.,0.));
#1736=DIRECTION('',(0.,1.,0.));
#1737=DIRECTION('center_axis',(0.,0.,-1.));
#1738=DIRECTION('ref_axis',(-1.,0.,0.));
#1739=DIRECTION('',(0.,1.,0.));
#1740=DIRECTION('center_axis',(-0.866025403784376,0.,-0.500000000000109));
#1741=DIRECTION('ref_axis',(-0.500000000000109,0.,0.866025403784376));
#1742=DIRECTION('',(0.,1.,0.));
#1743=DIRECTION('center_axis',(0.,1.,0.));
#1744=DIRECTION('ref_axis',(1.,0.,0.));
#1745=DIRECTION('center_axis',(0.,1.,0.));
#1746=DIRECTION('ref_axis',(1.,0.,-3.41202650243615E-14));
#1747=DIRECTION('center_axis',(0.,1.,0.));
#1748=DIRECTION('ref_axis',(1.,0.,0.));
#1749=DIRECTION('center_axis',(0.,-1.,0.));
#1750=DIRECTION('ref_axis',(1.,0.,0.));
#1751=DIRECTION('center_axis',(0.,1.,0.));
#1752=DIRECTION('ref_axis',(-1.,0.,0.));
#1753=DIRECTION('center_axis',(0.,1.,0.));
#1754=DIRECTION('ref_axis',(-1.,0.,0.));
#1755=DIRECTION('center_axis',(0.,1.,0.));
#1756=DIRECTION('ref_axis',(-1.,0.,0.));
#1757=DIRECTION('center_axis',(0.,1.,0.));
#1758=DIRECTION('ref_axis',(-1.,0.,0.));
#1759=DIRECTION('center_axis',(0.,1.,0.));
#1760=DIRECTION('ref_axis',(-1.,0.,0.));
#1761=DIRECTION('center_axis',(0.,1.,0.));
#1762=DIRECTION('ref_axis',(-1.,0.,0.));
#1763=DIRECTION('center_axis',(0.,0.,1.));
#1764=DIRECTION('ref_axis',(1.,0.,0.));
#1765=DIRECTION('',(0.,1.,0.));
#1766=DIRECTION('',(0.,1.,0.));
#1767=DIRECTION('center_axis',(-0.866025403784403,0.,0.500000000000062));
#1768=DIRECTION('ref_axis',(0.500000000000062,0.,0.866025403784403));
#1769=DIRECTION('center_axis',(0.866025403784403,0.,0.500000000000063));
#1770=DIRECTION('ref_axis',(0.500000000000062,0.,-0.866025403784403));
#1771=DIRECTION('center_axis',(6.12323399573677E-17,0.,1.));
#1772=DIRECTION('ref_axis',(1.,0.,0.));
#1773=DIRECTION('center_axis',(0.,0.,1.));
#1774=DIRECTION('ref_axis',(0.,-1.,0.));
#1775=DIRECTION('center_axis',(0.,1.,0.));
#1776=DIRECTION('ref_axis',(-1.,0.,0.));
#1777=DIRECTION('center_axis',(0.,0.,-1.));
#1778=DIRECTION('ref_axis',(0.,1.,0.));
#1779=DIRECTION('center_axis',(0.,0.,1.));
#1780=DIRECTION('ref_axis',(1.,0.,0.));
#1781=DIRECTION('',(0.358681971791184,-0.933459824048142,0.));
#1782=DIRECTION('',(1.,0.,0.));
#1783=DIRECTION('',(0.358681971791184,0.933459824048142,0.));
#1784=DIRECTION('center_axis',(0.,0.,1.));
#1785=DIRECTION('ref_axis',(0.923262188280163,-0.38417044614614,0.));
#1786=DIRECTION('center_axis',(0.,0.,1.));
#1787=DIRECTION('ref_axis',(1.,0.,0.));
#1788=DIRECTION('',(-0.358681971791184,0.933459824048142,0.));
#1789=DIRECTION('center_axis',(0.,0.,-1.));
#1790=DIRECTION('ref_axis',(0.923262188280163,-0.38417044614614,0.));
#1791=DIRECTION('',(-0.358681971791184,-0.933459824048142,0.));
#1792=DIRECTION('',(-1.,0.,0.));
#1793=DIRECTION('center_axis',(0.,-1.,0.));
#1794=DIRECTION('ref_axis',(-1.,0.,-1.04632274430419E-15));
#1795=DIRECTION('center_axis',(-0.669630420554878,0.742694486223977,0.));
#1796=DIRECTION('ref_axis',(-0.742694486223977,-0.669630420554878,-8.32667268468868E-16));
#1797=DIRECTION('center_axis',(-0.669630420554878,0.742694486223977,0.));
#1798=DIRECTION('ref_axis',(-0.643192297112752,-0.5799169596681,-0.499999988824129));
#1799=DIRECTION('center_axis',(0.,-1.,0.));
#1800=DIRECTION('ref_axis',(1.,0.,-8.32667268468868E-16));
#1801=DIRECTION('center_axis',(0.,0.,1.));
#1802=DIRECTION('ref_axis',(0.933459824048142,-0.358681971791184,0.));
#1803=DIRECTION('center_axis',(0.,-1.,0.));
#1804=DIRECTION('ref_axis',(0.866025410236831,0.,-0.499999988824129));
#1805=DIRECTION('center_axis',(0.,1.,0.));
#1806=DIRECTION('ref_axis',(-1.,0.,0.));
#1807=DIRECTION('center_axis',(0.,1.,0.));
#1808=DIRECTION('ref_axis',(-1.,0.,0.));
#1809=DIRECTION('center_axis',(0.,0.316227772378255,-0.948683295930041));
#1810=DIRECTION('ref_axis',(0.,0.948683295930042,0.316227772378255));
#1811=DIRECTION('center_axis',(0.,-0.316227772378255,0.948683295930041));
#1812=DIRECTION('ref_axis',(0.,0.948683295930041,0.316227772378255));
#1813=DIRECTION('center_axis',(0.,1.,0.));
#1814=DIRECTION('ref_axis',(-1.,0.,0.));
#1815=DIRECTION('',(0.,-1.,0.));
#1816=DIRECTION('center_axis',(0.,-0.316227772378255,-0.948683295930041));
#1817=DIRECTION('ref_axis',(0.,-0.948683295930041,0.316227772378255));
#1818=DIRECTION('center_axis',(0.,-0.316227772378255,-0.948683295930041));
#1819=DIRECTION('ref_axis',(0.,0.948683295930042,-0.316227772378255));
#1820=DIRECTION('',(0.,0.,1.));
#1821=DIRECTION('',(1.,0.,0.));
#1822=CARTESIAN_POINT('',(0.,0.,0.));
#1823=CARTESIAN_POINT('',(0.,0.,0.));
#1824=CARTESIAN_POINT('Origin',(0.,16.2442034468928,-2.00000000000005));
#1825=CARTESIAN_POINT('',(-1.5,15.2442034468928,-2.00000000000005));
#1826=CARTESIAN_POINT('Origin',(0.,15.2442034468928,-2.00000000000005));
#1827=CARTESIAN_POINT('',(-1.22464679914735E-16,14.2442034468928,-2.00000000000004));
#1828=CARTESIAN_POINT('Origin',(0.,15.2442034468928,-2.00000000000005));
#1829=CARTESIAN_POINT('Origin',(0.,15.2442034468928,-2.19269047363468E-14));
#1830=CARTESIAN_POINT('',(-1.22464679914735E-16,14.2442034468928,2.));
#1831=CARTESIAN_POINT('',(-1.22464679914735E-16,14.2442034468928,-2.14795027715296E-14));
#1832=CARTESIAN_POINT('Origin',(0.,15.2442034468928,2.));
#1833=CARTESIAN_POINT('Origin',(0.,16.7442034468928,2.));
#1834=CARTESIAN_POINT('',(-1.5,15.2442034468928,2.));
#1835=CARTESIAN_POINT('Origin',(0.,15.2442034468928,2.));
#1836=CARTESIAN_POINT('Origin',(0.,15.2442034468928,8.32667268468867E-16));
#1837=CARTESIAN_POINT('Origin',(0.,15.2442034468928,8.32667268468867E-16));
#1838=CARTESIAN_POINT('Origin',(0.,0.,0.));
#1839=CARTESIAN_POINT('',(-0.810504311854492,8.64676537180437,-0.000498279860518258));
#1840=CARTESIAN_POINT('',(-0.812446502813412,8.75323462819565,-0.000455495337642772));
#1841=CARTESIAN_POINT('',(-0.8115,0.,9.93800877508077E-17));
#1842=CARTESIAN_POINT('',(0.602219404176721,9.,-0.543933855567968));
#1843=CARTESIAN_POINT('Ctrl Pts',(-0.812446502813412,8.75323462819565,-0.000455495337642772));
#1844=CARTESIAN_POINT('Ctrl Pts',(-0.810745608605059,8.77208563764639,0.238982852737835));
#1845=CARTESIAN_POINT('Ctrl Pts',(-0.698270374937626,8.79093664709712,0.479732682550912));
#1846=CARTESIAN_POINT('Ctrl Pts',(-0.512646378321727,8.80978765654787,0.630674753475995));
#1847=CARTESIAN_POINT('Ctrl Pts',(-0.304535062706269,8.83092236137588,0.799902620209957));
#1848=CARTESIAN_POINT('Ctrl Pts',(-0.00447831942525852,8.85205706620389,
0.856245286076492));
#1849=CARTESIAN_POINT('Ctrl Pts',(0.250647593123853,8.87319177103191,0.773371237034818));
#1850=CARTESIAN_POINT('Ctrl Pts',(0.505773505672957,8.89432647585993,0.690497187993147));
#1851=CARTESIAN_POINT('Ctrl Pts',(0.715968587490164,8.91546118068794,0.468406424043275));
#1852=CARTESIAN_POINT('Ctrl Pts',(0.785224283134567,8.93659588551596,0.209780339427541));
#1853=CARTESIAN_POINT('Ctrl Pts',(0.854479978778974,8.95773059034397,-0.0488457451882075));
#1854=CARTESIAN_POINT('Ctrl Pts',(0.782796288250556,8.97886529517199,-0.344007150469823));
#1855=CARTESIAN_POINT('Ctrl Pts',(0.602219404176721,9.,-0.543933855567968));
#1856=CARTESIAN_POINT('',(-0.60338584210261,8.99999999999999,-0.544716738391908));
#1857=CARTESIAN_POINT('Origin',(0.,9.,0.));
#1858=CARTESIAN_POINT('Ctrl Pts',(-0.603391854858598,8.99999999999999,-0.544720773997474));
#1859=CARTESIAN_POINT('Ctrl Pts',(-0.432436777595851,8.97999338075004,-0.732569253007159));
#1860=CARTESIAN_POINT('Ctrl Pts',(-0.165953345080761,8.95998676150009,-0.835203743282278));
#1861=CARTESIAN_POINT('Ctrl Pts',(0.0865138514019032,8.93998014225014,-0.808128842912361));
#1862=CARTESIAN_POINT('Ctrl Pts',(0.353216566625968,8.91884543742212,-0.779527307569634));
#1863=CARTESIAN_POINT('Ctrl Pts',(0.604277855223903,8.8977107325941,-0.606176503464545));
#1864=CARTESIAN_POINT('Ctrl Pts',(0.725298161519847,8.87657602776608,-0.366899198460341));
#1865=CARTESIAN_POINT('Ctrl Pts',(0.846318467815791,8.85544132293806,-0.127621893456138));
#1866=CARTESIAN_POINT('Ctrl Pts',(0.837297791809745,8.83430661811006,0.177581912447181));
#1867=CARTESIAN_POINT('Ctrl Pts',(0.702269298705426,8.81317191328204,0.409305261029448));
#1868=CARTESIAN_POINT('Ctrl Pts',(0.567240805601107,8.79203720845403,0.641028609611715));
#1869=CARTESIAN_POINT('Ctrl Pts',(0.306204495398515,8.77090250362602,0.799271500872931));
#1870=CARTESIAN_POINT('Ctrl Pts',(0.0383132664669001,8.749767798798,0.811904661834412));
#1871=CARTESIAN_POINT('Ctrl Pts',(-0.229577962464715,8.72863309396998,0.824537822795893));
#1872=CARTESIAN_POINT('Ctrl Pts',(-0.504324110125354,8.70749838914197,0.69156125345764));
#1873=CARTESIAN_POINT('Ctrl Pts',(-0.660583236207959,8.68636368431396,0.473611295286559));
#1874=CARTESIAN_POINT('Ctrl Pts',(-0.758173081243204,8.67316424681076,0.337493148611979));
#1875=CARTESIAN_POINT('Ctrl Pts',(-0.809547255873964,8.65996480930757,0.168231269576266));
#1876=CARTESIAN_POINT('Ctrl Pts',(-0.810504311854492,8.64676537180437,-0.000498279860518258));
#1877=CARTESIAN_POINT('Origin',(0.,0.,0.));
#1878=CARTESIAN_POINT('',(-0.812665162546385,8.24676537180436,-0.000319160665021483));
#1879=CARTESIAN_POINT('',(-0.811760541668189,8.35323462819564,0.000713432638134387));
#1880=CARTESIAN_POINT('',(-0.8115,0.,9.93800877508077E-17));
#1881=CARTESIAN_POINT('Ctrl Pts',(-0.811760541668189,8.35323462819564,0.000713432638134387));
#1882=CARTESIAN_POINT('Ctrl Pts',(-0.812254790872651,8.35747603718362,0.0547179472211729));
#1883=CARTESIAN_POINT('Ctrl Pts',(-0.807324398270527,8.36171744617159,0.108632616601691));
#1884=CARTESIAN_POINT('Ctrl Pts',(-0.796638713661257,8.36595885515956,0.161381282335553));
#1885=CARTESIAN_POINT('Ctrl Pts',(-0.743392542225657,8.38709355998758,0.424224946673897));
#1886=CARTESIAN_POINT('Ctrl Pts',(-0.547244000571483,8.40822826481559,0.658117050503437));
#1887=CARTESIAN_POINT('Ctrl Pts',(-0.29769480913949,8.42936296964361,0.756340839422041));
#1888=CARTESIAN_POINT('Ctrl Pts',(-0.0481456177074816,8.45049767447162,
0.854564628340651));
#1889=CARTESIAN_POINT('Ctrl Pts',(0.254804223502347,8.47163237929964,0.817120102348303));
#1890=CARTESIAN_POINT('Ctrl Pts',(0.472921285362966,8.49276708412765,0.66108015611942));
#1891=CARTESIAN_POINT('Ctrl Pts',(0.691038347223578,8.51390178895567,0.505040209890541));
#1892=CARTESIAN_POINT('Ctrl Pts',(0.824322629734978,8.53503649378368,0.230404843425136));
#1893=CARTESIAN_POINT('Ctrl Pts',(0.811956032851495,8.5561711986117,-0.0374872431466468));
#1894=CARTESIAN_POINT('Ctrl Pts',(0.799589435968011,8.57730590343971,-0.305379329718422));
#1895=CARTESIAN_POINT('Ctrl Pts',(0.641571959689637,8.59844060826773,-0.566528136396593));
#1896=CARTESIAN_POINT('Ctrl Pts',(0.410008485124045,8.61957531309574,-0.701819182774299));
#1897=CARTESIAN_POINT('Ctrl Pts',(0.178445010558439,8.64071001792376,-0.837110229152013));
#1898=CARTESIAN_POINT('Ctrl Pts',(-0.126664462294394,8.66184472275176,-0.846543515229267));
#1899=CARTESIAN_POINT('Ctrl Pts',(-0.366105121169109,8.68297942757978,-0.725727232793587));
#1900=CARTESIAN_POINT('Ctrl Pts',(-0.605545780043811,8.70411413240779,-0.604910950357915));
#1901=CARTESIAN_POINT('Ctrl Pts',(-0.779317624940397,8.72524883723581,-0.35384509940933));
#1902=CARTESIAN_POINT('Ctrl Pts',(-0.808120603413742,8.74638354206383,-0.0872556401343455));
#1903=CARTESIAN_POINT('Ctrl Pts',(-0.81123288860185,8.7486672374411,-0.0584495072486469));
#1904=CARTESIAN_POINT('Ctrl Pts',(-0.812652556725325,8.75095093281837,-0.029462124933287));
#1905=CARTESIAN_POINT('Ctrl Pts',(-0.812446502813412,8.75323462819565,-0.000455495337642772));
#1906=CARTESIAN_POINT('Ctrl Pts',(-0.810504311854492,8.64676537180437,-0.000498279860518258));
#1907=CARTESIAN_POINT('Ctrl Pts',(-0.811079676906864,8.63883010447955,-0.101935487321255));
#1908=CARTESIAN_POINT('Ctrl Pts',(-0.793433282984199,8.63089483715473,-0.203180300176614));
#1909=CARTESIAN_POINT('Ctrl Pts',(-0.756652242226138,8.62295956982992,-0.296915606242915));
#1910=CARTESIAN_POINT('Ctrl Pts',(-0.658690017657138,8.6018248650019,-0.546569202597403));
#1911=CARTESIAN_POINT('Ctrl Pts',(-0.424993464014568,8.58069016017388,-0.742953048302467));
#1912=CARTESIAN_POINT('Ctrl Pts',(-0.162203256419072,8.55955545534586,-0.796469548304083));
#1913=CARTESIAN_POINT('Ctrl Pts',(0.100586951176418,8.53842075051785,-0.849986048305697));
#1914=CARTESIAN_POINT('Ctrl Pts',(0.392470812724823,8.51728604568984,-0.760635202603869));
#1915=CARTESIAN_POINT('Ctrl Pts',(0.580266916290591,8.49615134086183,-0.569181377373639));
#1916=CARTESIAN_POINT('Ctrl Pts',(0.76806301985637,8.47501663603381,-0.377727552143399));
#1917=CARTESIAN_POINT('Ctrl Pts',(0.851771365439492,8.45388193120579,-0.084170747384727));
#1918=CARTESIAN_POINT('Ctrl Pts',(0.793194579404345,8.43274722637778,0.177537805794613));
#1919=CARTESIAN_POINT('Ctrl Pts',(0.734617793369202,8.41161252154976,0.439246358973939));
#1920=CARTESIAN_POINT('Ctrl Pts',(0.533755875715823,8.39047781672175,0.669106660573949));
#1921=CARTESIAN_POINT('Ctrl Pts',(0.282261803233746,8.36934311189374,0.762236520515211));
#1922=CARTESIAN_POINT('Ctrl Pts',(0.0307677307516613,8.34820840706573,0.855366380456475));
#1923=CARTESIAN_POINT('Ctrl Pts',(-0.271358496559115,8.32707370223772,0.81176579873898));
#1924=CARTESIAN_POINT('Ctrl Pts',(-0.486259061106674,8.3059389974097,0.651328588810951));
#1925=CARTESIAN_POINT('Ctrl Pts',(-0.686820896129407,8.28621445554125,0.501596170486047));
#1926=CARTESIAN_POINT('Ctrl Pts',(-0.81140859788322,8.2664899136728,0.25009827075169));
#1927=CARTESIAN_POINT('Ctrl Pts',(-0.812665162546385,8.24676537180436,-0.000319160665021483));
#1928=CARTESIAN_POINT('Origin',(0.,0.,0.));
#1929=CARTESIAN_POINT('',(-0.811424784638419,7.84676537180436,0.000735792605834548));
#1930=CARTESIAN_POINT('',(-0.810179407845654,7.95323462819564,-4.15056237960382E-5));
#1931=CARTESIAN_POINT('',(-0.8115,0.,9.93800877508077E-17));
#1932=CARTESIAN_POINT('Ctrl Pts',(-0.810179407845654,7.95323462819564,-4.15056237960382E-5));
#1933=CARTESIAN_POINT('Ctrl Pts',(-0.810116329175232,7.96400114154886,0.137723482676329));
#1934=CARTESIAN_POINT('Ctrl Pts',(-0.77680874765281,7.97476765490208,0.275517089505983));
#1935=CARTESIAN_POINT('Ctrl Pts',(-0.710429478989175,7.9855341682553,0.394926202511572));
#1936=CARTESIAN_POINT('Ctrl Pts',(-0.580126733441031,8.00666887308332,0.629326725164824));
#1937=CARTESIAN_POINT('Ctrl Pts',(-0.322386102167264,8.02780357791133,0.79288474700852));
#1938=CARTESIAN_POINT('Ctrl Pts',(-0.0548130343964105,8.04893828273935,
0.810969908491063));
#1939=CARTESIAN_POINT('Ctrl Pts',(0.212760033374432,8.07007298756736,0.829055069973606));
#1940=CARTESIAN_POINT('Ctrl Pts',(0.490165537642352,8.09120769239537,0.701667371095001));
#1941=CARTESIAN_POINT('Ctrl Pts',(0.650825093077112,8.11234239722339,0.486932748765311));
#1942=CARTESIAN_POINT('Ctrl Pts',(0.811484648511882,8.1334771020514,0.272198126435609));
#1943=CARTESIAN_POINT('Ctrl Pts',(0.855398255113476,8.15461180687943,-0.0298834193451904));
#1944=CARTESIAN_POINT('Ctrl Pts',(0.762528380066208,8.17574651170744,-0.281473443000624));
#1945=CARTESIAN_POINT('Ctrl Pts',(0.669658505018942,8.19688121653545,-0.533063466656051));
#1946=CARTESIAN_POINT('Ctrl Pts',(0.440005148322819,8.21801592136346,-0.734161968186118));
#1947=CARTESIAN_POINT('Ctrl Pts',(0.178357756781827,8.23915062619147,-0.793009945947971));
#1948=CARTESIAN_POINT('Ctrl Pts',(-0.083289634759158,8.26028533101949,-0.851857923709821));
#1949=CARTESIAN_POINT('Ctrl Pts',(-0.376931061145014,8.28142003584751,-0.768455377703466));
#1950=CARTESIAN_POINT('Ctrl Pts',(-0.568579873729437,8.30255474067552,-0.580856492276721));
#1951=CARTESIAN_POINT('Ctrl Pts',(-0.721767728243014,8.31944803651556,-0.430905807061794));
#1952=CARTESIAN_POINT('Ctrl Pts',(-0.809791974606313,8.3363413323556,-0.214383542007733));
#1953=CARTESIAN_POINT('Ctrl Pts',(-0.811760541668189,8.35323462819564,0.000713432638134387));
#1954=CARTESIAN_POINT('Ctrl Pts',(-0.812665162546385,8.24676537180436,-0.000319160665021483));
#1955=CARTESIAN_POINT('Ctrl Pts',(-0.812754997887358,8.24535520884479,-0.0182222069598327));
#1956=CARTESIAN_POINT('Ctrl Pts',(-0.812214460390061,8.24394504588522,-0.0361197307410588));
#1957=CARTESIAN_POINT('Ctrl Pts',(-0.81102624506452,8.24253488292565,-0.0539741504899118));
#1958=CARTESIAN_POINT('Ctrl Pts',(-0.793217962690478,8.22140017809763,-0.321565841724214));
#1959=CARTESIAN_POINT('Ctrl Pts',(-0.629926496158041,8.20026547326963,-0.579475386054249));
#1960=CARTESIAN_POINT('Ctrl Pts',(-0.395660859866233,8.17913076844161,-0.71002050713771));
#1961=CARTESIAN_POINT('Ctrl Pts',(-0.16139522357443,8.1579960636136,-0.840565628221166));
#1962=CARTESIAN_POINT('Ctrl Pts',(0.14384458247674,8.13686135878558,-0.843746326058054));
#1963=CARTESIAN_POINT('Ctrl Pts',(0.380779612343242,8.11572665395756,-0.718111142057903));
#1964=CARTESIAN_POINT('Ctrl Pts',(0.617714642209744,8.09459194912955,-0.592475958057752));
#1965=CARTESIAN_POINT('Ctrl Pts',(0.786344895891578,8.07345724430154,-0.338024892220561));
#1966=CARTESIAN_POINT('Ctrl Pts',(0.809725402931584,8.05232253947353,-0.0708624441999783));
#1967=CARTESIAN_POINT('Ctrl Pts',(0.833105909971589,8.03118783464551,0.196300003820604));
#1968=CARTESIAN_POINT('Ctrl Pts',(0.711236670369767,8.01005312981749,0.476173834024579));
#1969=CARTESIAN_POINT('Ctrl Pts',(0.499725877657508,7.98891842498948,0.64105439952328));
#1970=CARTESIAN_POINT('Ctrl Pts',(0.288215084945249,7.96778372016146,0.80593496502198));
#1971=CARTESIAN_POINT('Ctrl Pts',(-0.012937260877446,7.94664901533345,0.855822265815407));
#1972=CARTESIAN_POINT('Ctrl Pts',(-0.266317234638314,7.92551431050543,0.767953019448704));
#1973=CARTESIAN_POINT('Ctrl Pts',(-0.519697208399182,7.90437960567742,0.680083773082));
#1974=CARTESIAN_POINT('Ctrl Pts',(-0.725304810098222,7.8832449008494,0.454457979555166));
#1975=CARTESIAN_POINT('Ctrl Pts',(-0.78932256876133,7.86211019602139,0.194027289972383));
#1976=CARTESIAN_POINT('Ctrl Pts',(-0.804815904823938,7.85699525461571,0.130998838508523));
#1977=CARTESIAN_POINT('Ctrl Pts',(-0.812016061628497,7.85188031321004,0.0659317998419314));
#1978=CARTESIAN_POINT('Ctrl Pts',(-0.811424784638419,7.84676537180436,0.000735792605834548));
#1979=CARTESIAN_POINT('Origin',(0.,0.,0.));
#1980=CARTESIAN_POINT('',(-0.810233574336008,7.44676537180437,-0.000220425837824043));
#1981=CARTESIAN_POINT('',(-0.811911802703466,7.55323462819564,-0.000685048828017267));
#1982=CARTESIAN_POINT('',(-0.8115,0.,9.93800877508077E-17));
#1983=CARTESIAN_POINT('Ctrl Pts',(-0.811911802703466,7.55323462819564,-0.000685048828017267));
#1984=CARTESIAN_POINT('Ctrl Pts',(-0.809931766781566,7.57052624591411,0.219377733551725));
#1985=CARTESIAN_POINT('Ctrl Pts',(-0.717230456113241,7.58781786363258,0.440909644432424));
#1986=CARTESIAN_POINT('Ctrl Pts',(-0.557577439976371,7.60510948135104,0.591425506389178));
#1987=CARTESIAN_POINT('Ctrl Pts',(-0.362441309517551,7.62624418617906,0.775393736903126));
#1988=CARTESIAN_POINT('Ctrl Pts',(-0.0672861195328115,7.64737889100707,
0.853271190865362));
#1989=CARTESIAN_POINT('Ctrl Pts',(0.193210658799595,7.66851359583509,0.789522875209781));
#1990=CARTESIAN_POINT('Ctrl Pts',(0.453707437132009,7.6896483006631,0.725774559554197));
#1991=CARTESIAN_POINT('Ctrl Pts',(0.679545803812091,7.71078300549111,0.520400474280788));
#1992=CARTESIAN_POINT('Ctrl Pts',(0.767677121989413,7.73191771031913,0.267111526774395));
#1993=CARTESIAN_POINT('Ctrl Pts',(0.855808440166735,7.75305241514714,0.0138225792679987));
#1994=CARTESIAN_POINT('Ctrl Pts',(0.806232709841298,7.77418711997516,-0.287381230471375));
#1995=CARTESIAN_POINT('Ctrl Pts',(0.641571026733296,7.79532182480318,-0.499062472791528));
#1996=CARTESIAN_POINT('Ctrl Pts',(0.476909343625297,7.81645652963119,-0.710743715111677));
#1997=CARTESIAN_POINT('Ctrl Pts',(0.197161707734734,7.8375912344592,-0.832902390012598));
#1998=CARTESIAN_POINT('Ctrl Pts',(-0.0700247795482988,7.85872593928722,
-0.809798277822018));
#1999=CARTESIAN_POINT('Ctrl Pts',(-0.337211266831331,7.87986064411523,-0.786694165631438));
#2000=CARTESIAN_POINT('Ctrl Pts',(-0.591836605506837,7.90099534894325,-0.618327266349356));
#2001=CARTESIAN_POINT('Ctrl Pts',(-0.717716844933333,7.92213005377126,-0.381522304976917));
#2002=CARTESIAN_POINT('Ctrl Pts',(-0.779470743835047,7.93249824524605,-0.265351333975888));
#2003=CARTESIAN_POINT('Ctrl Pts',(-0.810240152834441,7.94286643672085,-0.132709689868523));
#2004=CARTESIAN_POINT('Ctrl Pts',(-0.810179407845654,7.95323462819564,-4.15056237960382E-5));
#2005=CARTESIAN_POINT('Ctrl Pts',(-0.811424784638419,7.84676537180436,0.000735792605834548));
#2006=CARTESIAN_POINT('Ctrl Pts',(-0.809572932046792,7.83074560838203,-0.20345513142793));
#2007=CARTESIAN_POINT('Ctrl Pts',(-0.731293825584203,7.81472584495969,-0.408911126033146));
#2008=CARTESIAN_POINT('Ctrl Pts',(-0.592001976535123,7.79870608153735,-0.556965317032707));
#2009=CARTESIAN_POINT('Ctrl Pts',(-0.40823571001864,7.77757137670934,-0.752291648816278));
#2010=CARTESIAN_POINT('Ctrl Pts',(-0.118275261358506,7.75643667188132,-0.847708726744696));
#2011=CARTESIAN_POINT('Ctrl Pts',(0.145572228035184,7.73530196705331,-0.79967833098809));
#2012=CARTESIAN_POINT('Ctrl Pts',(0.409419717428885,7.71416726222529,-0.751647935231482));
#2013=CARTESIAN_POINT('Ctrl Pts',(0.647154247556139,7.69303255739727,-0.560170065789828));
#2014=CARTESIAN_POINT('Ctrl Pts',(0.750299035294656,7.67189785256926,-0.312614880827486));
#2015=CARTESIAN_POINT('Ctrl Pts',(0.853443823033171,7.65076314774124,-0.0650596958651474));
#2016=CARTESIAN_POINT('Ctrl Pts',(0.82199886838296,7.62962844291323,0.238572804617875));
#2017=CARTESIAN_POINT('Ctrl Pts',(0.670312308323021,7.60849373808521,0.459737006493949));
#2018=CARTESIAN_POINT('Ctrl Pts',(0.518625748263084,7.5873590332572,0.680901208370019));
#2019=CARTESIAN_POINT('Ctrl Pts',(0.246697582793416,7.56622432842919,0.81959711163914));
#2020=CARTESIAN_POINT('Ctrl Pts',(-0.0213930636212516,7.54508962360118,
0.812538640898806));
#2021=CARTESIAN_POINT('Ctrl Pts',(-0.289483710035923,7.52395491877316,0.805480170158472));
#2022=CARTESIAN_POINT('Ctrl Pts',(-0.553736837395593,7.50282021394514,0.652667325408686));
#2023=CARTESIAN_POINT('Ctrl Pts',(-0.693575392873951,7.48168550911713,0.423827654152618));
#2024=CARTESIAN_POINT('Ctrl Pts',(-0.770592185848031,7.47004546334621,0.297793045706504));
#2025=CARTESIAN_POINT('Ctrl Pts',(-0.809870164441943,7.45840541757529,0.148697133025295));
#2026=CARTESIAN_POINT('Ctrl Pts',(-0.810233574336008,7.44676537180437,-0.000220425837824043));
#2027=CARTESIAN_POINT('Origin',(0.,0.,0.));
#2028=CARTESIAN_POINT('',(-0.812226608111733,7.04676537180437,-0.000590886028436349));
#2029=CARTESIAN_POINT('',(-0.81232204816286,7.15323462819564,0.000550006068109409));
#2030=CARTESIAN_POINT('',(-0.8115,0.,9.93800877508077E-17));
#2031=CARTESIAN_POINT('Ctrl Pts',(-0.81232204816286,7.15323462819564,0.000550006068109409));
#2032=CARTESIAN_POINT('Ctrl Pts',(-0.81258742634983,7.15591664545134,0.0346380623937215));
#2033=CARTESIAN_POINT('Ctrl Pts',(-0.810626860933244,7.15859866270704,0.0686953677630042));
#2034=CARTESIAN_POINT('Ctrl Pts',(-0.80633699822237,7.16128067996274,0.102456702439988));
#2035=CARTESIAN_POINT('Ctrl Pts',(-0.772532226103783,7.18241538479075,0.368501166353016));
#2036=CARTESIAN_POINT('Ctrl Pts',(-0.594085539902574,7.20355008961877,0.616166796636064));
#2037=CARTESIAN_POINT('Ctrl Pts',(-0.352421048774212,7.22468479444678,0.732445311934743));
#2038=CARTESIAN_POINT('Ctrl Pts',(-0.11075655764585,7.2458194992748,0.848723827233421));
#2039=CARTESIAN_POINT('Ctrl Pts',(0.194125738409661,7.26695420410281,0.83361522754773));
#2040=CARTESIAN_POINT('Ctrl Pts',(0.423109950589389,7.28808890893082,0.694013472682349));
#2041=CARTESIAN_POINT('Ctrl Pts',(0.652094162769119,7.30922361375884,0.554411717816966));
#2042=CARTESIAN_POINT('Ctrl Pts',(0.805180291073064,7.33035831858686,0.29031680777188));
#2043=CARTESIAN_POINT('Ctrl Pts',(0.812516090633956,7.35149302341487,0.0222336015532826));
#2044=CARTESIAN_POINT('Ctrl Pts',(0.819851890194847,7.37262772824289,-0.245849604665303));
#2045=CARTESIAN_POINT('Ctrl Pts',(0.681437361012709,7.3937624330709,-0.517921107057408));
#2046=CARTESIAN_POINT('Ctrl Pts',(0.460430188840607,7.41489713789891,-0.669836376946736));
#2047=CARTESIAN_POINT('Ctrl Pts',(0.239423016668499,7.43603184272692,-0.821751646836068));
#2048=CARTESIAN_POINT('Ctrl Pts',(-0.0641767984935751,7.45716654755494,
-0.853510684222615));
#2049=CARTESIAN_POINT('Ctrl Pts',(-0.311838555848837,7.47830125238296,-0.75062203902372));
#2050=CARTESIAN_POINT('Ctrl Pts',(-0.559500313204099,7.49943595721097,-0.647733393824825));
#2051=CARTESIAN_POINT('Ctrl Pts',(-0.751224012752544,7.52057066203899,-0.41019706604049));
#2052=CARTESIAN_POINT('Ctrl Pts',(-0.799527327060322,7.541705366867,-0.146399398615482));
#2053=CARTESIAN_POINT('Ctrl Pts',(-0.808310692906936,7.54554845397655,-0.0984310251056709));
#2054=CARTESIAN_POINT('Ctrl Pts',(-0.81235186855802,7.5493915410861,-0.0495943212873302));
#2055=CARTESIAN_POINT('Ctrl Pts',(-0.811911802703466,7.55323462819564,-0.000685048828017267));
#2056=CARTESIAN_POINT('Ctrl Pts',(-0.810233574336008,7.44676537180437,-0.000220425837824043));
#2057=CARTESIAN_POINT('Ctrl Pts',(-0.810530003844107,7.43727071274728,-0.121690863054862));
#2058=CARTESIAN_POINT('Ctrl Pts',(-0.78493467208803,7.42777605369018,-0.243042632774539));
#2059=CARTESIAN_POINT('Ctrl Pts',(-0.732809476280304,7.41828139463309,-0.351663159107935));
#2060=CARTESIAN_POINT('Ctrl Pts',(-0.616781020611257,7.39714668980508,-0.593447803350078));
#2061=CARTESIAN_POINT('Ctrl Pts',(-0.369300125676121,7.37601198497706,-0.772150594072016));
#2062=CARTESIAN_POINT('Ctrl Pts',(-0.103290779174386,7.35487728014904,-0.806230563163878));
#2063=CARTESIAN_POINT('Ctrl Pts',(0.16271856732735,7.33374257532103,-0.840310532255739));
#2064=CARTESIAN_POINT('Ctrl Pts',(0.447256365395683,7.31260787049301,-0.729767679717523));
#2065=CARTESIAN_POINT('Ctrl Pts',(0.620489793667176,7.291473165665,-0.525042019251473));
#2066=CARTESIAN_POINT('Ctrl Pts',(0.793723221938667,7.27033846083698,-0.320316358785427));
#2067=CARTESIAN_POINT('Ctrl Pts',(0.855652280413319,7.24920375600897,-0.0214078903915412));
#2068=CARTESIAN_POINT('Ctrl Pts',(0.778019126242147,7.22806905118095,0.235293317423991));
#2069=CARTESIAN_POINT('Ctrl Pts',(0.700385972070971,7.20693434635294,0.49199452523953));
#2070=CARTESIAN_POINT('Ctrl Pts',(0.483190605253977,7.18579964152493,0.706488472476713));
#2071=CARTESIAN_POINT('Ctrl Pts',(0.225537916062794,7.16466493669691,0.780902909744134));
#2072=CARTESIAN_POINT('Ctrl Pts',(-0.0321147731283825,7.1435302318689,0.855317347011553));
#2073=CARTESIAN_POINT('Ctrl Pts',(-0.330224784693749,7.12239552704088,0.789652274309203));
#2074=CARTESIAN_POINT('Ctrl Pts',(-0.532766380975735,7.10126082221286,0.613870254474013));
#2075=CARTESIAN_POINT('Ctrl Pts',(-0.70684964995068,7.0830956720767,0.462786678548575));
#2076=CARTESIAN_POINT('Ctrl Pts',(-0.810333684037463,7.06493052194053,0.230356433927759));
#2077=CARTESIAN_POINT('Ctrl Pts',(-0.812226608111733,7.04676537180437,-0.000590886028436349));
#2078=CARTESIAN_POINT('Origin',(0.,0.,0.));
#2079=CARTESIAN_POINT('',(-0.812018671528444,6.64676537180436,0.000659222069335774));
#2080=CARTESIAN_POINT('',(-0.810267398582001,6.75323462819564,0.00027696009160729));
#2081=CARTESIAN_POINT('',(-0.8115,0.,9.93800877508077E-17));
#2082=CARTESIAN_POINT('Ctrl Pts',(-0.810267398582001,6.75323462819564,0.00027696009160729));
#2083=CARTESIAN_POINT('Ctrl Pts',(-0.810629440188667,6.76244174981659,0.118056493303411));
#2084=CARTESIAN_POINT('Ctrl Pts',(-0.786621879079087,6.77164887143753,0.235695443476978));
#2085=CARTESIAN_POINT('Ctrl Pts',(-0.737507068027457,6.78085599305848,0.341701704982851));
#2086=CARTESIAN_POINT('Ctrl Pts',(-0.624765314741779,6.80199069788649,0.585036282181345));
#2087=CARTESIAN_POINT('Ctrl Pts',(-0.379728461262656,6.8231254027145,0.767075906074969));
#2088=CARTESIAN_POINT('Ctrl Pts',(-0.114205294460803,6.84426010754252,0.804757032461485));
#2089=CARTESIAN_POINT('Ctrl Pts',(0.15131787234105,6.86539481237054,0.842438158848002));
#2090=CARTESIAN_POINT('Ctrl Pts',(0.437327352465646,6.88652951719855,0.735760787727404));
#2091=CARTESIAN_POINT('Ctrl Pts',(0.613318805230144,6.90766422202657,0.533401137727865));
#2092=CARTESIAN_POINT('Ctrl Pts',(0.789310257994647,6.92879892685458,0.33104148772832));
#2093=CARTESIAN_POINT('Ctrl Pts',(0.855283683399061,6.94993363168259,0.0329995588498346));
#2094=CARTESIAN_POINT('Ctrl Pts',(0.781135819197701,6.9710683365106,-0.224729976960448));
#2095=CARTESIAN_POINT('Ctrl Pts',(0.706987954996341,6.99220304133862,-0.482459512770728));
#2096=CARTESIAN_POINT('Ctrl Pts',(0.492718801189209,7.01333774616663,-0.699876655512796));
#2097=CARTESIAN_POINT('Ctrl Pts',(0.236098035319815,7.03447245099465,-0.777775319934528));
#2098=CARTESIAN_POINT('Ctrl Pts',(-0.0205227305495785,7.05560715582267,
-0.855673984356259));
#2099=CARTESIAN_POINT('Ctrl Pts',(-0.319495108481233,7.07674186065068,-0.794054170457655));
#2100=CARTESIAN_POINT('Ctrl Pts',(-0.524399868429077,7.09787656547869,-0.62103261473685));
#2101=CARTESIAN_POINT('Ctrl Pts',(-0.703301989285105,7.11632925305101,-0.469967684472954));
#2102=CARTESIAN_POINT('Ctrl Pts',(-0.810496205781622,7.13478194062333,-0.233981017916721));
#2103=CARTESIAN_POINT('Ctrl Pts',(-0.81232204816286,7.15323462819564,0.000550006068109409));
#2104=CARTESIAN_POINT('Ctrl Pts',(-0.812226608111733,7.04676537180437,-0.000590886028436349));
#2105=CARTESIAN_POINT('Ctrl Pts',(-0.812536054580599,7.04379581711252,-0.038345085272844));
#2106=CARTESIAN_POINT('Ctrl Pts',(-0.810130560157513,7.04082626242068,-0.0760596545455819));
#2107=CARTESIAN_POINT('Ctrl Pts',(-0.804874729145142,7.03785670772883,-0.113372732213305));
#2108=CARTESIAN_POINT('Ctrl Pts',(-0.767468300033945,7.01672200290082,-0.378934732097392));
#2109=CARTESIAN_POINT('Ctrl Pts',(-0.585682260812936,6.9955872980728,-0.624159764897528));
#2110=CARTESIAN_POINT('Ctrl Pts',(-0.342464446579485,6.97445259324478,-0.737153178692032));
#2111=CARTESIAN_POINT('Ctrl Pts',(-0.0992466323460332,6.95331788841677,
-0.850146592486536));
#2112=CARTESIAN_POINT('Ctrl Pts',(0.205402956899858,6.93218318358875,-0.830908387275407));
#2113=CARTESIAN_POINT('Ctrl Pts',(0.432474615023305,6.91104847876074,-0.688216836023904));
#2114=CARTESIAN_POINT('Ctrl Pts',(0.659546273146752,6.88991377393272,-0.545525284772401));
#2115=CARTESIAN_POINT('Ctrl Pts',(0.809040000147749,6.86877906910471,-0.279380387480528));
#2116=CARTESIAN_POINT('Ctrl Pts',(0.812742741445329,6.8476443642767,-0.011222399666812));
#2117=CARTESIAN_POINT('Ctrl Pts',(0.816445482742908,6.82650965944868,0.256935588146904));
#2118=CARTESIAN_POINT('Ctrl Pts',(0.674357238337069,6.80537495462067,0.527106666482458));
#2119=CARTESIAN_POINT('Ctrl Pts',(0.451311987321247,6.78424024979265,0.676013458539545));
#2120=CARTESIAN_POINT('Ctrl Pts',(0.228266736305426,6.76310554496463,0.824920250596633));
#2121=CARTESIAN_POINT('Ctrl Pts',(-0.0757355213203781,6.74197084013662,
0.852562756375253));
#2122=CARTESIAN_POINT('Ctrl Pts',(-0.321980452799594,6.72083613530861,0.746327873016512));
#2123=CARTESIAN_POINT('Ctrl Pts',(-0.568225384278809,6.69970143048059,0.640092989657771));
#2124=CARTESIAN_POINT('Ctrl Pts',(-0.756712989611443,6.67856672565258,0.399980717161658));
#2125=CARTESIAN_POINT('Ctrl Pts',(-0.801437550909807,6.65743202082456,0.135552786832603));
#2126=CARTESIAN_POINT('Ctrl Pts',(-0.808961687187619,6.65387647115116,0.091067346937893));
#2127=CARTESIAN_POINT('Ctrl Pts',(-0.812417004311891,6.65032092147776,0.0458937189557216));
#2128=CARTESIAN_POINT('Ctrl Pts',(-0.812018671528444,6.64676537180436,0.000659222069335774));
#2129=CARTESIAN_POINT('Origin',(0.,0.,0.));
#2130=CARTESIAN_POINT('',(-0.810189053397431,6.24676537180437,0.000101208713136833));
#2131=CARTESIAN_POINT('',(-0.811315852855984,6.35323462819564,-0.000732857024112834));
#2132=CARTESIAN_POINT('',(-0.8115,0.,9.93800877508077E-17));
#2133=CARTESIAN_POINT('Ctrl Pts',(-0.811315852855984,6.35323462819564,-0.000732857024112834));
#2134=CARTESIAN_POINT('Ctrl Pts',(-0.809525573120347,6.36896685418183,0.19986177335718));
#2135=CARTESIAN_POINT('Ctrl Pts',(-0.73430333396694,6.38469908016802,0.401655998558784));
#2136=CARTESIAN_POINT('Ctrl Pts',(-0.599494227043374,6.40043130615422,0.548892887839147));
#2137=CARTESIAN_POINT('Ctrl Pts',(-0.418391394840318,6.42156601098223,0.746691228485081));
#2138=CARTESIAN_POINT('Ctrl Pts',(-0.129750408400678,6.44270071581025,0.846028357381039));
#2139=CARTESIAN_POINT('Ctrl Pts',(0.134723651685517,6.46383542063826,0.801577362614029));
#2140=CARTESIAN_POINT('Ctrl Pts',(0.399197711771711,6.48497012546628,0.757126367847018));
#2141=CARTESIAN_POINT('Ctrl Pts',(0.639504845504462,6.50610483029429,0.568887249417037));
#2142=CARTESIAN_POINT('Ctrl Pts',(0.745994407613229,6.5272395351223,0.322752342189047));
#2143=CARTESIAN_POINT('Ctrl Pts',(0.852483969721997,6.54837423995032,0.0766174349610566));
#2144=CARTESIAN_POINT('Ctrl Pts',(0.825155960206782,6.56950894477833,-0.227413261064944));
#2145=CARTESIAN_POINT('Ctrl Pts',(0.676479979244481,6.59064364960635,-0.450612436867985));
#2146=CARTESIAN_POINT('Ctrl Pts',(0.52780399828218,6.61177835443436,-0.673811612671025));
#2147=CARTESIAN_POINT('Ctrl Pts',(0.257780045872793,6.63291305926238,-0.816179268251104));
#2148=CARTESIAN_POINT('Ctrl Pts',(-0.0103816338254001,6.65404776409039,
-0.81275393093968));
#2149=CARTESIAN_POINT('Ctrl Pts',(-0.278543313523594,6.67518246891841,-0.809328593628256));
#2150=CARTESIAN_POINT('Ctrl Pts',(-0.544842720510594,6.69631717374642,-0.660110263425328));
#2151=CARTESIAN_POINT('Ctrl Pts',(-0.68776909745798,6.71745187857443,-0.433186333072178));
#2152=CARTESIAN_POINT('Ctrl Pts',(-0.768431035601785,6.7293794617815,-0.305119530957458));
#2153=CARTESIAN_POINT('Ctrl Pts',(-0.809798383230002,6.74130704498857,-0.152303318556789));
#2154=CARTESIAN_POINT('Ctrl Pts',(-0.810267398582001,6.75323462819564,0.00027696009160729));
#2155=CARTESIAN_POINT('Ctrl Pts',(-0.812018671528444,6.64676537180436,0.000659222069335774));
#2156=CARTESIAN_POINT('Ctrl Pts',(-0.810049256263125,6.62918621664975,-0.222986715169542));
#2157=CARTESIAN_POINT('Ctrl Pts',(-0.713879005325464,6.61160706149513,-0.448120566926022));
#2158=CARTESIAN_POINT('Ctrl Pts',(-0.54951274423622,6.59402790634052,-0.598926080537811));
#2159=CARTESIAN_POINT('Ctrl Pts',(-0.351901859000161,6.57289320151251,-0.780233429417176));
#2160=CARTESIAN_POINT('Ctrl Pts',(-0.0557185712639315,6.55175849668449,
-0.8541045390139));
#2161=CARTESIAN_POINT('Ctrl Pts',(0.203890533375274,6.53062379185648,-0.786832483077778));
#2162=CARTESIAN_POINT('Ctrl Pts',(0.46349963801448,6.50948908702846,-0.719560427141656));
#2163=CARTESIAN_POINT('Ctrl Pts',(0.686534559556667,6.48835438220045,-0.511145205672687));
#2164=CARTESIAN_POINT('Ctrl Pts',(0.771225855351157,6.46721967737243,-0.256685383425458));
#2165=CARTESIAN_POINT('Ctrl Pts',(0.855917151145648,6.44608497254442,-0.00222556117822435));
#2166=CARTESIAN_POINT('Ctrl Pts',(0.802264821192444,6.4249502677164,0.298278861847264));
#2167=CARTESIAN_POINT('Ctrl Pts',(0.634750088783809,6.40381556288839,0.507709592991257));
#2168=CARTESIAN_POINT('Ctrl Pts',(0.467235356375175,6.38268085806038,0.717140324135246));
#2169=CARTESIAN_POINT('Ctrl Pts',(0.185858221511111,6.36154615323236,0.835497363397735));
#2170=CARTESIAN_POINT('Ctrl Pts',(-0.0809906853557187,6.34041144840434,
0.808775132476271));
#2171=CARTESIAN_POINT('Ctrl Pts',(-0.347839592222549,6.31927674357633,0.782052901554806));
#2172=CARTESIAN_POINT('Ctrl Pts',(-0.600160271092149,6.29814203874832,0.610251400449388));
#2173=CARTESIAN_POINT('Ctrl Pts',(-0.722820371029316,6.2770073339203,0.371762581833407));
#2174=CARTESIAN_POINT('Ctrl Pts',(-0.781325755508276,6.26692667988166,0.258010187744308));
#2175=CARTESIAN_POINT('Ctrl Pts',(-0.810333110631848,6.25684602584301,0.129086301550551));
#2176=CARTESIAN_POINT('Ctrl Pts',(-0.810189053397431,6.24676537180437,0.000101208713136833));
#2177=CARTESIAN_POINT('Origin',(0.,0.,0.));
#2178=CARTESIAN_POINT('',(-0.81164992769201,5.84676537180437,-0.000725381493773859));
#2179=CARTESIAN_POINT('',(-0.812719421682918,5.95323462819564,0.000257694306278457));
#2180=CARTESIAN_POINT('',(-0.8115,0.,9.93800877508077E-17));
#2181=CARTESIAN_POINT('Ctrl Pts',(-0.812719421682918,5.95323462819564,0.000257694306278457));
#2182=CARTESIAN_POINT('Ctrl Pts',(-0.812778796523058,5.95435725371907,0.0145077061384123));
#2183=CARTESIAN_POINT('Ctrl Pts',(-0.812436348026809,5.95547987924249,0.0287548060854486));
#2184=CARTESIAN_POINT('Ctrl Pts',(-0.811683089044289,5.95660250476591,0.0429801528412122));
#2185=CARTESIAN_POINT('Ctrl Pts',(-0.797502130280719,5.97773720959393,0.31078851679349));
#2186=CARTESIAN_POINT('Ctrl Pts',(-0.637720267816448,5.99887191442194,0.570887037853463));
#2187=CARTESIAN_POINT('Ctrl Pts',(-0.405244968232222,6.02000661924996,0.704594384239045));
#2188=CARTESIAN_POINT('Ctrl Pts',(-0.172769668647992,6.04114132407797,0.83830173062463));
#2189=CARTESIAN_POINT('Ctrl Pts',(0.1323990680562,6.06227602890599,0.845617902335822));
#2190=CARTESIAN_POINT('Ctrl Pts',(0.371014652000821,6.083410733734,0.723204575883922));
#2191=CARTESIAN_POINT('Ctrl Pts',(0.609630235945442,6.10454543856201,0.600791249432022));
#2192=CARTESIAN_POINT('Ctrl Pts',(0.781692667130497,6.12568014339002,0.348648424817027));
#2193=CARTESIAN_POINT('Ctrl Pts',(0.808690932115823,6.14681484821804,0.0818272991878264));
#2194=CARTESIAN_POINT('Ctrl Pts',(0.83568919710115,6.16794955304605,-0.184993826441378));
#2195=CARTESIAN_POINT('Ctrl Pts',(0.71762329588675,6.18908425787407,-0.466493253084785));
#2196=CARTESIAN_POINT('Ctrl Pts',(0.508365962300836,6.21021896270209,-0.634224549314104));
#2197=CARTESIAN_POINT('Ctrl Pts',(0.299108628714924,6.2313536675301,-0.801955845543421));
#2198=CARTESIAN_POINT('Ctrl Pts',(-0.00134013724249885,6.25248837235812,
-0.855919011358645));
#2199=CARTESIAN_POINT('Ctrl Pts',(-0.255887438884452,6.27362307718613,-0.771490991003713));
#2200=CARTESIAN_POINT('Ctrl Pts',(-0.510434740526405,6.29475778201414,-0.687062970648781));
#2201=CARTESIAN_POINT('Ctrl Pts',(-0.719080577852891,6.31589248684216,-0.464243764123693));
#2202=CARTESIAN_POINT('Ctrl Pts',(-0.786621157532898,6.33702719167017,-0.204704384663195));
#2203=CARTESIAN_POINT('Ctrl Pts',(-0.803885962300931,6.342429670512,-0.138360614188737));
#2204=CARTESIAN_POINT('Ctrl Pts',(-0.811930638608567,6.34783214935382,-0.0696174667016896));
#2205=CARTESIAN_POINT('Ctrl Pts',(-0.811315852855984,6.35323462819564,-0.000732857024112834));
#2206=CARTESIAN_POINT('Ctrl Pts',(-0.810189053397431,6.24676537180437,0.000101208713136833));
#2207=CARTESIAN_POINT('Ctrl Pts',(-0.81003108587075,6.235711321015,-0.141338797245818));
#2208=CARTESIAN_POINT('Ctrl Pts',(-0.774820126523549,6.22465727022563,-0.282852400873151));
#2209=CARTESIAN_POINT('Ctrl Pts',(-0.705013208916301,6.21360321943626,-0.404515860356474));
#2210=CARTESIAN_POINT('Ctrl Pts',(-0.571546425861388,6.19246851460825,-0.637129347803813));
#2211=CARTESIAN_POINT('Ctrl Pts',(-0.311613338746832,6.17133380978023,-0.797180186571951));
#2212=CARTESIAN_POINT('Ctrl Pts',(-0.0438197928779608,6.15019910495222,
-0.811638177871477));
#2213=CARTESIAN_POINT('Ctrl Pts',(0.223973752990914,6.1290644001242,-0.826096169171003));
#2214=CARTESIAN_POINT('Ctrl Pts',(0.499627757614106,6.10792969529619,-0.694961313001912));
#2215=CARTESIAN_POINT('Ctrl Pts',(0.657363019147549,6.08679499046817,-0.478069625769738));
#2216=CARTESIAN_POINT('Ctrl Pts',(0.815098280680987,6.06566028564016,-0.261177938537571));
#2217=CARTESIAN_POINT('Ctrl Pts',(0.854914799124684,6.04452558081214,0.0414705797576731));
#2218=CARTESIAN_POINT('Ctrl Pts',(0.758644545623397,6.02339087598413,0.291779299166799));
#2219=CARTESIAN_POINT('Ctrl Pts',(0.662374292122106,6.00225617115612,0.542088018575935));
#2220=CARTESIAN_POINT('Ctrl Pts',(0.430017266675817,5.9811214663281,0.740056939098948));
#2221=CARTESIAN_POINT('Ctrl Pts',(0.167596529763723,5.95998676150009,0.795354077903393));
#2222=CARTESIAN_POINT('Ctrl Pts',(-0.0948242071483714,5.93885205667207,
0.850651216707839));
#2223=CARTESIAN_POINT('Ctrl Pts',(-0.387308655526271,5.91771735184405,0.763276573793717));
#2224=CARTESIAN_POINT('Ctrl Pts',(-0.576397987086079,5.89658264701604,0.573098653383094));
#2225=CARTESIAN_POINT('Ctrl Pts',(-0.724967450543813,5.87997688861215,0.423673874291433));
#2226=CARTESIAN_POINT('Ctrl Pts',(-0.809706878652935,5.86337113020826,0.210784426475623));
#2227=CARTESIAN_POINT('Ctrl Pts',(-0.81164992769201,5.84676537180437,-0.000725381493773859));
#2228=CARTESIAN_POINT('Origin',(0.,0.,0.));
#2229=CARTESIAN_POINT('',(-0.812525593081981,5.44676537180436,0.000434739397855016));
#2230=CARTESIAN_POINT('',(-0.810578066938939,5.55323462819564,0.000543330821871609));
#2231=CARTESIAN_POINT('',(-0.8115,0.,9.93800877508077E-17));
#2232=CARTESIAN_POINT('Ctrl Pts',(-0.810578066938939,5.55323462819564,0.000543330821871609));
#2233=CARTESIAN_POINT('Ctrl Pts',(-0.811181831946346,5.56088235808431,0.0982808462159685));
#2234=CARTESIAN_POINT('Ctrl Pts',(-0.794825496419866,5.56853008797298,0.195823110136611));
#2235=CARTESIAN_POINT('Ctrl Pts',(-0.760603921476593,5.57617781786165,0.286632875318172));
#2236=CARTESIAN_POINT('Ctrl Pts',(-0.666031689493442,5.59731252268967,0.537588075168615));
#2237=CARTESIAN_POINT('Ctrl Pts',(-0.435021209849268,5.61844722751768,0.737126649195553));
#2238=CARTESIAN_POINT('Ctrl Pts',(-0.172981122578076,5.63958193234569,0.794200391469535));
#2239=CARTESIAN_POINT('Ctrl Pts',(0.0890589646931234,5.66071663717371,0.851274133743519));
#2240=CARTESIAN_POINT('Ctrl Pts',(0.38212865959134,5.68185134200172,0.765883044264537));
#2241=CARTESIAN_POINT('Ctrl Pts',(0.572502089498214,5.70298604682974,0.576990544202339));
#2242=CARTESIAN_POINT('Ctrl Pts',(0.762875519405084,5.72412075165776,0.388098044140147));
#2243=CARTESIAN_POINT('Ctrl Pts',(0.850552684320616,5.74525545648577,0.0957041334947377));
#2244=CARTESIAN_POINT('Ctrl Pts',(0.79552704112166,5.76639016131378,-0.166773671252239));
#2245=CARTESIAN_POINT('Ctrl Pts',(0.740501397922703,5.7875248661418,-0.42925147599922));
#2246=CARTESIAN_POINT('Ctrl Pts',(0.542772946609259,5.80865957096981,-0.661813174847773));
#2247=CARTESIAN_POINT('Ctrl Pts',(0.292563945414304,5.82979427579782,-0.758342316122706));
#2248=CARTESIAN_POINT('Ctrl Pts',(0.0423549442193494,5.85092898062584,-0.854871457397638));
#2249=CARTESIAN_POINT('Ctrl Pts',(-0.260334606857113,5.87206368545386,-0.81536804109895));
#2250=CARTESIAN_POINT('Ctrl Pts',(-0.477389354863915,5.89319839028187,-0.65785722952731));
#2251=CARTESIAN_POINT('Ctrl Pts',(-0.682914668129347,5.91321046958646,-0.508713019652946));
#2252=CARTESIAN_POINT('Ctrl Pts',(-0.811660997493566,5.93322254889105,-0.253765005984986));
#2253=CARTESIAN_POINT('Ctrl Pts',(-0.812719421682918,5.95323462819564,0.000257694306278457));
#2254=CARTESIAN_POINT('Ctrl Pts',(-0.81164992769201,5.84676537180437,-0.000725381493773859));
#2255=CARTESIAN_POINT('Ctrl Pts',(-0.8121798622354,5.84223642538024,-0.0584111893425172));
#2256=CARTESIAN_POINT('Ctrl Pts',(-0.806551107685592,5.83770747895612,-0.115994374673584));
#2257=CARTESIAN_POINT('Ctrl Pts',(-0.794378895976023,5.833178532532,-0.172159448344589));
#2258=CARTESIAN_POINT('Ctrl Pts',(-0.737576258564446,5.81204382770399,-0.434258431754543));
#2259=CARTESIAN_POINT('Ctrl Pts',(-0.538276768999568,5.79090912287597,-0.665475200667333));
#2260=CARTESIAN_POINT('Ctrl Pts',(-0.287419540463028,5.76977441804796,-0.760306986543213));
#2261=CARTESIAN_POINT('Ctrl Pts',(-0.0365623119264847,5.74863971321994,
-0.855138772419094));
#2262=CARTESIAN_POINT('Ctrl Pts',(0.265852655581723,5.72750500839193,-0.813585575258061));
#2263=CARTESIAN_POINT('Ctrl Pts',(0.481835299878831,5.70637030356391,-0.654607859574781));
#2264=CARTESIAN_POINT('Ctrl Pts',(0.697817944175932,5.6852355987359,-0.495630143891505));
#2265=CARTESIAN_POINT('Ctrl Pts',(0.827368265261938,5.66410089390788,-0.219227909685991));
#2266=CARTESIAN_POINT('Ctrl Pts',(0.811373260200019,5.64296618907987,0.0484782287092829));
#2267=CARTESIAN_POINT('Ctrl Pts',(0.7953782551381,5.62183148425185,0.316184367104557));
#2268=CARTESIAN_POINT('Ctrl Pts',(0.633837923928256,5.60069677942384,0.575194409689591));
#2269=CARTESIAN_POINT('Ctrl Pts',(0.400462111464538,5.57956207459583,0.707323690616795));
#2270=CARTESIAN_POINT('Ctrl Pts',(0.16708629900081,5.55842736976781,0.839452971544004));
#2271=CARTESIAN_POINT('Ctrl Pts',(-0.1381249947168,5.5372926649398,0.84470149081337));
#2272=CARTESIAN_POINT('Ctrl Pts',(-0.375905761309147,5.51615796011178,0.720674381840363));
#2273=CARTESIAN_POINT('Ctrl Pts',(-0.613686527901485,5.49502325528377,0.596647272867361));
#2274=CARTESIAN_POINT('Ctrl Pts',(-0.784036767368567,5.47388855045575,0.343344535651999));
#2275=CARTESIAN_POINT('Ctrl Pts',(-0.809226728664682,5.45275384562774,0.0763466282232311));
#2276=CARTESIAN_POINT('Ctrl Pts',(-0.811605902714523,5.45075768768661,0.0511288644780201));
#2277=CARTESIAN_POINT('Ctrl Pts',(-0.812690149962343,5.44876152974549,0.0257889306516336));
#2278=CARTESIAN_POINT('Ctrl Pts',(-0.812525593081981,5.44676537180436,0.000434739397855016));
#2279=CARTESIAN_POINT('Origin',(0.,0.,0.));
#2280=CARTESIAN_POINT('',(-0.810378576859855,5.04676537180437,0.000403904692697285));
#2281=CARTESIAN_POINT('',(-0.810774426621095,5.15323462819564,-0.000629994160540932));
#2282=CARTESIAN_POINT('',(-0.8115,0.,9.93800877508077E-17));
#2283=CARTESIAN_POINT('Ctrl Pts',(-0.810774426621095,5.15323462819564,-0.000629994160540932));
#2284=CARTESIAN_POINT('Ctrl Pts',(-0.809456274377714,5.16740746244956,0.180387555836364));
#2285=CARTESIAN_POINT('Ctrl Pts',(-0.74955574240103,5.18158029670347,0.362196485681947));
#2286=CARTESIAN_POINT('Ctrl Pts',(-0.638175209577151,5.19575313095739,0.5033975888499));
#2287=CARTESIAN_POINT('Ctrl Pts',(-0.47208318855679,5.2168878357854,0.713958411292311));
#2288=CARTESIAN_POINT('Ctrl Pts',(-0.191514361886545,5.23802254061342,0.834219035484192));
#2289=CARTESIAN_POINT('Ctrl Pts',(0.0755094659647931,5.25915724544144,0.809305289200834));
#2290=CARTESIAN_POINT('Ctrl Pts',(0.342533293816131,5.28029195026945,0.784391542917476));
#2291=CARTESIAN_POINT('Ctrl Pts',(0.596012122848562,5.30142665509746,0.614303426158879));
#2292=CARTESIAN_POINT('Ctrl Pts',(0.720285145436057,5.32256135992547,0.376651085014887));
#2293=CARTESIAN_POINT('Ctrl Pts',(0.844558168023553,5.34369606475349,0.138998743870895));
#2294=CARTESIAN_POINT('Ctrl Pts',(0.839625384166113,5.36483076958151,-0.166217821658492));
#2295=CARTESIAN_POINT('Ctrl Pts',(0.707737592350435,5.38596547440952,-0.399730197699328));
#2296=CARTESIAN_POINT('Ctrl Pts',(0.575849800534757,5.40710017923754,-0.633242573740164));
#2297=CARTESIAN_POINT('Ctrl Pts',(0.31700700076084,5.42823488406555,-0.79505076029245));
#2298=CARTESIAN_POINT('Ctrl Pts',(0.0493175470253956,5.44936958889356,-0.811322691741166));
#2299=CARTESIAN_POINT('Ctrl Pts',(-0.218371906710049,5.47050429372158,-0.827594623189883));
#2300=CARTESIAN_POINT('Ctrl Pts',(-0.494908014407022,5.49163899854959,-0.69833029953503));
#2301=CARTESIAN_POINT('Ctrl Pts',(-0.654109076094446,5.51277370337761,-0.482512224870628));
#2302=CARTESIAN_POINT('Ctrl Pts',(-0.755702202034352,5.52626067831695,-0.344789318961008));
#2303=CARTESIAN_POINT('Ctrl Pts',(-0.809513311299987,5.5397476532563,-0.171819375490058));
#2304=CARTESIAN_POINT('Ctrl Pts',(-0.810578066938939,5.55323462819564,0.000543330821871609));
#2305=CARTESIAN_POINT('Ctrl Pts',(-0.812525593081981,5.44676537180436,0.000434739397855016));
#2306=CARTESIAN_POINT('Ctrl Pts',(-0.810947872449014,5.42762682491747,-0.242653429174714));
#2307=CARTESIAN_POINT('Ctrl Pts',(-0.694575291213818,5.40848827803059,-0.487052195104465));
#2308=CARTESIAN_POINT('Ctrl Pts',(-0.504057484847984,5.3893497311437,-0.637654105291516));
#2309=CARTESIAN_POINT('Ctrl Pts',(-0.293668596610027,5.36821502631568,-0.803963853735315));
#2310=CARTESIAN_POINT('Ctrl Pts',(0.00713886299102528,5.34708032148767,
-0.855890272980734));
#2311=CARTESIAN_POINT('Ctrl Pts',(0.26110832759736,5.32594561665965,-0.769739662019379));
#2312=CARTESIAN_POINT('Ctrl Pts',(0.51507779220369,5.30481091183164,-0.683589051058025));
#2313=CARTESIAN_POINT('Ctrl Pts',(0.7222092618153,5.28367620700362,-0.459361409889902));
#2314=CARTESIAN_POINT('Ctrl Pts',(0.787989939637715,5.26254150217561,-0.199370411686762));
#2315=CARTESIAN_POINT('Ctrl Pts',(0.85377061746013,5.2414067973476,0.0606205865163808));
#2316=CARTESIAN_POINT('Ctrl Pts',(0.778200503493339,5.22027209251958,0.356374941754547));
#2317=CARTESIAN_POINT('Ctrl Pts',(0.595761769077467,5.19913738769157,0.552941787652268));
#2318=CARTESIAN_POINT('Ctrl Pts',(0.413323034661596,5.17800268286355,0.749508633549989));
#2319=CARTESIAN_POINT('Ctrl Pts',(0.124015679796648,5.15686797803554,0.846887970107272));
#2320=CARTESIAN_POINT('Ctrl Pts',(-0.140151155173953,5.13573327320752,0.800646213835927));
#2321=CARTESIAN_POINT('Ctrl Pts',(-0.404317990144553,5.11459856837951,0.754404457564581));
#2322=CARTESIAN_POINT('Ctrl Pts',(-0.643344305220801,5.09346386355149,0.564541608464607));
#2323=CARTESIAN_POINT('Ctrl Pts',(-0.748163884691031,5.07232915872348,0.317690899571302));
#2324=CARTESIAN_POINT('Ctrl Pts',(-0.790425895860709,5.06380789641711,0.218163621659882));
#2325=CARTESIAN_POINT('Ctrl Pts',(-0.810871169450915,5.05528663411074,0.109372358772503));
#2326=CARTESIAN_POINT('Ctrl Pts',(-0.810378576859855,5.04676537180437,0.000403904692697285));
#2327=CARTESIAN_POINT('Origin',(0.,0.,0.));
#2328=CARTESIAN_POINT('',(-0.811064945282238,4.64676537180436,-0.000705089143909141));
#2329=CARTESIAN_POINT('',(-0.812804057358836,4.75323462819564,-0.000102446456499346));
#2330=CARTESIAN_POINT('',(-0.8115,0.,9.93800877508077E-17));
#2331=CARTESIAN_POINT('Ctrl Pts',(-0.812804057358836,4.75323462819564,-0.000102446456499346));
#2332=CARTESIAN_POINT('Ctrl Pts',(-0.812335590328768,4.7739325668148,0.26255296470545));
#2333=CARTESIAN_POINT('Ctrl Pts',(-0.673324402714035,4.79463050543397,0.525634323584458));
#2334=CARTESIAN_POINT('Ctrl Pts',(-0.45588155467459,4.81532844405313,0.672940367853061));
#2335=CARTESIAN_POINT('Ctrl Pts',(-0.233850245430025,4.83646314888114,0.823354852226732));
#2336=CARTESIAN_POINT('Ctrl Pts',(0.0699577661224036,4.85759785370916,0.853056305839274));
#2337=CARTESIAN_POINT('Ctrl Pts',(0.316916780497096,4.87873255853717,0.748492140785787));
#2338=CARTESIAN_POINT('Ctrl Pts',(0.563875794871788,4.89986726336519,0.643927975732299));
#2339=CARTESIAN_POINT('Ctrl Pts',(0.753985812068744,4.9210019681932,0.40509819201278));
#2340=CARTESIAN_POINT('Ctrl Pts',(0.800500817792683,4.94213667302122,0.140979329307455));
#2341=CARTESIAN_POINT('Ctrl Pts',(0.847015823516622,4.96327137784923,-0.12313953339787));
#2342=CARTESIAN_POINT('Ctrl Pts',(0.749935817767544,4.98440608267725,-0.412547475089002));
#2343=CARTESIAN_POINT('Ctrl Pts',(0.553557801254102,5.00554078750526,-0.595189458281528));
#2344=CARTESIAN_POINT('Ctrl Pts',(0.357179784740659,5.02667549233327,-0.777831441474053));
#2345=CARTESIAN_POINT('Ctrl Pts',(0.0615037574628518,5.04781019716129,-0.853707466167971));
#2346=CARTESIAN_POINT('Ctrl Pts',(-0.198555154763304,5.0689449019893,-0.78819577586768));
#2347=CARTESIAN_POINT('Ctrl Pts',(-0.458614066989459,5.09007960681732,-0.72268408556739));
#2348=CARTESIAN_POINT('Ctrl Pts',(-0.683055864163963,5.11121431164533,-0.51578468027289));
#2349=CARTESIAN_POINT('Ctrl Pts',(-0.769469155065976,5.13234901647335,-0.26190446727917));
#2350=CARTESIAN_POINT('Ctrl Pts',(-0.797934097067164,5.13931088704744,-0.178275138241001));
#2351=CARTESIAN_POINT('Ctrl Pts',(-0.81142191922215,5.14627275762154,-0.0895480420358564));
#2352=CARTESIAN_POINT('Ctrl Pts',(-0.810774426621095,5.15323462819564,-0.000629994160540932));
#2353=CARTESIAN_POINT('Ctrl Pts',(-0.810378576859855,5.04676537180437,0.000403904692697285));
#2354=CARTESIAN_POINT('Ctrl Pts',(-0.809649425695328,5.03415192928272,-0.160894654463284));
#2355=CARTESIAN_POINT('Ctrl Pts',(-0.763043611961236,5.02153848676108,-0.322581454735857));
#2356=CARTESIAN_POINT('Ctrl Pts',(-0.673411592211576,5.00892504423944,-0.455185163973376));
#2357=CARTESIAN_POINT('Ctrl Pts',(-0.523226876397681,4.98779033941142,-0.677371949938118));
#2358=CARTESIAN_POINT('Ctrl Pts',(-0.252244600905678,4.9666556345834,-0.817906953180969));
#2359=CARTESIAN_POINT('Ctrl Pts',(0.0158877132648176,4.94552092975539,-0.812664928856668));
#2360=CARTESIAN_POINT('Ctrl Pts',(0.284020027435318,4.92438622492737,-0.807422904532367));
#2361=CARTESIAN_POINT('Ctrl Pts',(0.549302380284315,4.90325152009936,-0.65640385264091));
#2362=CARTESIAN_POINT('Ctrl Pts',(0.690688089938729,4.88211681527135,-0.428516823990831));
#2363=CARTESIAN_POINT('Ctrl Pts',(0.832073799593139,4.86098211044333,-0.200629795340759));
#2364=CARTESIAN_POINT('Ctrl Pts',(0.849562866052977,4.83984740561532,0.104125210067921));
#2365=CARTESIAN_POINT('Ctrl Pts',(0.735175137448791,4.81871270078731,0.346690385363583));
#2366=CARTESIAN_POINT('Ctrl Pts',(0.620787408844604,4.79757799595929,0.589255560659248));
#2367=CARTESIAN_POINT('Ctrl Pts',(0.374522885176381,4.77644329113128,0.769630905841884));
#2368=CARTESIAN_POINT('Ctrl Pts',(0.108750531559797,4.75530858630326,0.805512276698413));
#2369=CARTESIAN_POINT('Ctrl Pts',(-0.15702182205679,4.73417388147525,0.841393647554942));
#2370=CARTESIAN_POINT('Ctrl Pts',(-0.442302005621744,4.71303917664723,0.732781044085357));
#2371=CARTESIAN_POINT('Ctrl Pts',(-0.61691845192065,4.69190447181922,0.529233719358685));
#2372=CARTESIAN_POINT('Ctrl Pts',(-0.741232611937949,4.6768581051476,0.384322886310062));
#2373=CARTESIAN_POINT('Ctrl Pts',(-0.809457959936504,4.66181173847598,0.191295336203171));
#2374=CARTESIAN_POINT('Ctrl Pts',(-0.811064945282238,4.64676537180436,-0.000705089143909141));
#2375=CARTESIAN_POINT('Origin',(0.,0.,0.));
#2376=CARTESIAN_POINT('',(-0.81280404225596,4.24676537180436,0.000102446454605248));
#2377=CARTESIAN_POINT('',(-0.8110649603528,4.35323462819564,0.000705089157031792));
#2378=CARTESIAN_POINT('',(-0.8115,0.,9.93800877508077E-17));
#2379=CARTESIAN_POINT('Ctrl Pts',(-0.8110649603528,4.35323462819564,0.000705089157031791));
#2380=CARTESIAN_POINT('Ctrl Pts',(-0.811715208388921,4.35932296635203,0.078395840879207));
#2381=CARTESIAN_POINT('Ctrl Pts',(-0.801457881322553,4.36541130450843,0.155918419142727));
#2382=CARTESIAN_POINT('Ctrl Pts',(-0.779595371527483,4.37149964266482,0.230016928228468));
#2383=CARTESIAN_POINT('Ctrl Pts',(-0.703703119906561,4.39263434749284,0.487238205610723));
#2384=CARTESIAN_POINT('Ctrl Pts',(-0.487965906443524,4.41376905232085,0.703198708845327));
#2385=CARTESIAN_POINT('Ctrl Pts',(-0.230823275140415,4.43490375714887,0.779357008201111));
#2386=CARTESIAN_POINT('Ctrl Pts',(0.0263193561626988,4.45603846197688,0.855515307556895));
#2387=CARTESIAN_POINT('Ctrl Pts',(0.324867405305877,4.4771731668049,0.791871403033861));
#2388=CARTESIAN_POINT('Ctrl Pts',(0.528595260821373,4.49830787163291,0.617465611039123));
#2389=CARTESIAN_POINT('Ctrl Pts',(0.732323116336867,4.51944257646093,0.443059819044388));
#2390=CARTESIAN_POINT('Ctrl Pts',(0.841230778224669,4.54057728128894,0.157892139577953));
#2391=CARTESIAN_POINT('Ctrl Pts',(0.805624360101101,4.56171198611695,-0.107917195063744));
#2392=CARTESIAN_POINT('Ctrl Pts',(0.770017941977533,4.58284669094497,-0.373726529705437));
#2393=CARTESIAN_POINT('Ctrl Pts',(0.589897443842598,4.60398139577299,-0.620177519522397));
#2394=CARTESIAN_POINT('Ctrl Pts',(0.347450724792109,4.625116100601,-0.734816116059094));
#2395=CARTESIAN_POINT('Ctrl Pts',(0.105004005741614,4.64625080542902,-0.849454712595794));
#2396=CARTESIAN_POINT('Ctrl Pts',(-0.199768934224442,4.66738551025703,-0.832280915852225));
#2397=CARTESIAN_POINT('Ctrl Pts',(-0.427802104807813,4.68852021508504,-0.69113102209403));
#2398=CARTESIAN_POINT('Ctrl Pts',(-0.65583527539118,4.70965491991306,-0.549981128335838));
#2399=CARTESIAN_POINT('Ctrl Pts',(-0.807128676591866,4.73078962474107,-0.284855137563022));
#2400=CARTESIAN_POINT('Ctrl Pts',(-0.81264807372386,4.75192432956909,-0.0167283846092153));
#2401=CARTESIAN_POINT('Ctrl Pts',(-0.812762136644544,4.75236109577794,-0.0111873228185652));
#2402=CARTESIAN_POINT('Ctrl Pts',(-0.812813942911811,4.75279786198679,-0.00564497947286493));
#2403=CARTESIAN_POINT('Ctrl Pts',(-0.812804057358836,4.75323462819564,-0.000102446456499346));
#2404=CARTESIAN_POINT('Ctrl Pts',(-0.811064945282238,4.64676537180436,-0.000705089143909141));
#2405=CARTESIAN_POINT('Ctrl Pts',(-0.811715193306279,4.64067703364797,-0.0783958394225163));
#2406=CARTESIAN_POINT('Ctrl Pts',(-0.801457866430501,4.63458869549157,-0.155918416245593));
#2407=CARTESIAN_POINT('Ctrl Pts',(-0.779595357041653,4.62850035733517,-0.230016923954513));
#2408=CARTESIAN_POINT('Ctrl Pts',(-0.70370310683089,4.60736565250716,-0.487238196557284));
#2409=CARTESIAN_POINT('Ctrl Pts',(-0.4879658973765,4.58623094767914,-0.703198695779072));
#2410=CARTESIAN_POINT('Ctrl Pts',(-0.230823270851406,4.56509624285113,-0.779356993719731));
#2411=CARTESIAN_POINT('Ctrl Pts',(0.026319355673689,4.54396153802312,-0.855515291660391));
#2412=CARTESIAN_POINT('Ctrl Pts',(0.324867399269489,4.5228268331951,-0.791871388319921));
#2413=CARTESIAN_POINT('Ctrl Pts',(0.528595250999466,4.50169212836709,-0.617465599565846));
#2414=CARTESIAN_POINT('Ctrl Pts',(0.732323102729443,4.48055742353907,-0.443059810811771));
#2415=CARTESIAN_POINT('Ctrl Pts',(0.841230762593597,4.45942271871106,-0.157892136644091));
#2416=CARTESIAN_POINT('Ctrl Pts',(0.805624345131627,4.43828801388304,0.107917193058549));
#2417=CARTESIAN_POINT('Ctrl Pts',(0.770017927669656,4.41715330905503,0.373726522761188));
#2418=CARTESIAN_POINT('Ctrl Pts',(0.589897432881562,4.39601860422701,0.620177507998786));
#2419=CARTESIAN_POINT('Ctrl Pts',(0.347450718336014,4.374883899399,0.734816102405348));
#2420=CARTESIAN_POINT('Ctrl Pts',(0.105004003790466,4.35374919457099,0.849454696811909));
#2421=CARTESIAN_POINT('Ctrl Pts',(-0.199768930512535,4.33261448974297,0.832280900387435));
#2422=CARTESIAN_POINT('Ctrl Pts',(-0.427802096858766,4.31147978491496,0.691131009251966));
#2423=CARTESIAN_POINT('Ctrl Pts',(-0.655835263204998,4.29034508008694,0.549981118116498));
#2424=CARTESIAN_POINT('Ctrl Pts',(-0.807128661594458,4.26921037525893,0.284855132270035));
#2425=CARTESIAN_POINT('Ctrl Pts',(-0.812648058623883,4.24807567043091,0.0167283842983453));
#2426=CARTESIAN_POINT('Ctrl Pts',(-0.812762121542447,4.24763890422206,0.0111873226106701));
#2427=CARTESIAN_POINT('Ctrl Pts',(-0.812813927808751,4.24720213801321,0.00564497936796862));
#2428=CARTESIAN_POINT('Ctrl Pts',(-0.81280404225596,4.24676537180436,0.000102446454605248));
#2429=CARTESIAN_POINT('Origin',(0.,0.,0.));
#2430=CARTESIAN_POINT('',(-0.810774411555933,3.84676537180436,0.000629994148833302));
#2431=CARTESIAN_POINT('',(-0.810378591917663,3.95323462819564,-0.000403904700215643));
#2432=CARTESIAN_POINT('',(-0.8115,0.,9.93800877508077E-17));
#2433=CARTESIAN_POINT('Ctrl Pts',(-0.810378591917663,3.95323462819564,-0.000403904700215643));
#2434=CARTESIAN_POINT('Ctrl Pts',(-0.809649440739591,3.96584807071728,0.16089465745288));
#2435=CARTESIAN_POINT('Ctrl Pts',(-0.763043626139514,3.97846151323892,0.322581460729779));
#2436=CARTESIAN_POINT('Ctrl Pts',(-0.673411604724393,3.99107495576056,0.455185172431233));
#2437=CARTESIAN_POINT('Ctrl Pts',(-0.523226886119894,4.01220966058858,0.67737196252448));
#2438=CARTESIAN_POINT('Ctrl Pts',(-0.252244605592725,4.03334436541659,0.817906968378652));
#2439=CARTESIAN_POINT('Ctrl Pts',(0.0158877135599938,4.05447907024461,0.81266494395696));
#2440=CARTESIAN_POINT('Ctrl Pts',(0.284020032712712,4.07561377507262,0.807422919535268));
#2441=CARTESIAN_POINT('Ctrl Pts',(0.549302390490975,4.09674847990064,0.656403864837713));
#2442=CARTESIAN_POINT('Ctrl Pts',(0.690688102772519,4.11788318472865,0.428516831953229));
#2443=CARTESIAN_POINT('Ctrl Pts',(0.83207381505406,4.13901788955667,0.200629799068749));
#2444=CARTESIAN_POINT('Ctrl Pts',(0.849562881838881,4.16015259438468,-0.104125212002665));
#2445=CARTESIAN_POINT('Ctrl Pts',(0.73517515110924,4.18128729921269,-0.346690391805484));
#2446=CARTESIAN_POINT('Ctrl Pts',(0.620787420379597,4.20242200404071,-0.589255571608307));
#2447=CARTESIAN_POINT('Ctrl Pts',(0.374522892135492,4.22355670886872,-0.76963092014254));
#2448=CARTESIAN_POINT('Ctrl Pts',(0.108750533580538,4.24469141369674,-0.805512291665796));
#2449=CARTESIAN_POINT('Ctrl Pts',(-0.157021824974416,4.26582611852475,-0.841393663189051));
#2450=CARTESIAN_POINT('Ctrl Pts',(-0.442302013840215,4.28696082335277,-0.732781057701327));
#2451=CARTESIAN_POINT('Ctrl Pts',(-0.616918463383713,4.30809552818078,-0.529233729192511));
#2452=CARTESIAN_POINT('Ctrl Pts',(-0.741232625710938,4.3231418948524,-0.384322893451261));
#2453=CARTESIAN_POINT('Ctrl Pts',(-0.809457974977211,4.33818826152402,-0.191295339757667));
#2454=CARTESIAN_POINT('Ctrl Pts',(-0.8110649603528,4.35323462819564,0.000705089157031791));
#2455=CARTESIAN_POINT('Ctrl Pts',(-0.81280404225596,4.24676537180436,0.000102446454605248));
#2456=CARTESIAN_POINT('Ctrl Pts',(-0.812335575234601,4.2260674331852,-0.262552959826907));
#2457=CARTESIAN_POINT('Ctrl Pts',(-0.673324390202848,4.20536949456604,-0.525634313817562));
#2458=CARTESIAN_POINT('Ctrl Pts',(-0.455881546203732,4.18467155594687,-0.672940355349041));
#2459=CARTESIAN_POINT('Ctrl Pts',(-0.233850241084769,4.16353685111886,-0.82335483692782));
#2460=CARTESIAN_POINT('Ctrl Pts',(0.069957764822542,4.14240214629084,-0.85305628998846));
#2461=CARTESIAN_POINT('Ctrl Pts',(0.316916774608435,4.12126744146282,-0.748492126877889));
#2462=CARTESIAN_POINT('Ctrl Pts',(0.56387578439433,4.10013273663481,-0.643927963767317));
#2463=CARTESIAN_POINT('Ctrl Pts',(0.753985798058805,4.07899803180679,-0.405098184485527));
#2464=CARTESIAN_POINT('Ctrl Pts',(0.800500802918424,4.05786332697878,-0.140979326687842));
#2465=CARTESIAN_POINT('Ctrl Pts',(0.847015807778041,4.03672862215077,0.123139531109836));
#2466=CARTESIAN_POINT('Ctrl Pts',(0.749935803832815,4.01559391732275,0.412547467423411));
#2467=CARTESIAN_POINT('Ctrl Pts',(0.553557790968306,3.99445921249474,0.595189447222217));
#2468=CARTESIAN_POINT('Ctrl Pts',(0.357179778103796,3.97332450766672,0.777831427021025));
#2469=CARTESIAN_POINT('Ctrl Pts',(0.0615037563199987,3.95218980283871,0.853707450305062));
#2470=CARTESIAN_POINT('Ctrl Pts',(-0.198555151073946,3.93105509801069,0.788195761222046));
#2471=CARTESIAN_POINT('Ctrl Pts',(-0.458614058467892,3.90992039318268,0.72268407213903));
#2472=CARTESIAN_POINT('Ctrl Pts',(-0.683055851471987,3.88878568835467,0.515784670688961));
#2473=CARTESIAN_POINT('Ctrl Pts',(-0.769469140768326,3.86765098352665,0.261904462412636));
#2474=CARTESIAN_POINT('Ctrl Pts',(-0.797934082240594,3.86068911295256,0.17827513492841));
#2475=CARTESIAN_POINT('Ctrl Pts',(-0.811421904144956,3.85372724237846,0.0895480403719331));
#2476=CARTESIAN_POINT('Ctrl Pts',(-0.810774411555933,3.84676537180436,0.000629994148833302));
#2477=CARTESIAN_POINT('Origin',(0.,0.,0.));
#2478=CARTESIAN_POINT('',(-0.810578051877424,3.44676537180436,-0.000543330811765969));
#2479=CARTESIAN_POINT('',(-0.812525608179682,3.55323462819564,-0.00043473940593493));
#2480=CARTESIAN_POINT('',(-0.8115,0.,9.93800877508077E-17));
#2481=CARTESIAN_POINT('Ctrl Pts',(-0.812525608179682,3.55323462819564,-0.00043473940593493));
#2482=CARTESIAN_POINT('Ctrl Pts',(-0.8109478875174,3.57237317508253,0.242653433683493));
#2483=CARTESIAN_POINT('Ctrl Pts',(-0.694575304119874,3.59151172196942,0.487052204154456));
#2484=CARTESIAN_POINT('Ctrl Pts',(-0.504057494214006,3.6106502688563,0.637654117139873));
#2485=CARTESIAN_POINT('Ctrl Pts',(-0.293668602066783,3.63178497368432,0.803963868673914));
#2486=CARTESIAN_POINT('Ctrl Pts',(0.00713886312364014,3.65291967851233,
0.855890288884203));
#2487=CARTESIAN_POINT('Ctrl Pts',(0.261108332449032,3.67405438334035,0.769739676322079));
#2488=CARTESIAN_POINT('Ctrl Pts',(0.515077801774431,3.69518908816836,0.683589063759953));
#2489=CARTESIAN_POINT('Ctrl Pts',(0.722209275234801,3.71632379299638,0.459361418425418));
#2490=CARTESIAN_POINT('Ctrl Pts',(0.787989954279509,3.73745849782439,0.199370415391328));
#2491=CARTESIAN_POINT('Ctrl Pts',(0.853770633324216,3.7585932026524,-0.060620587642756));
#2492=CARTESIAN_POINT('Ctrl Pts',(0.778200517953253,3.77972790748042,-0.356374948376389));
#2493=CARTESIAN_POINT('Ctrl Pts',(0.595761780147462,3.80086261230843,-0.552941797926564));
#2494=CARTESIAN_POINT('Ctrl Pts',(0.413323042341669,3.82199731713645,-0.749508647476741));
#2495=CARTESIAN_POINT('Ctrl Pts',(0.124015682101046,3.84313202196446,-0.846887985843463));
#2496=CARTESIAN_POINT('Ctrl Pts',(-0.140151157778093,3.86426672679248,-0.800646228712902));
#2497=CARTESIAN_POINT('Ctrl Pts',(-0.404317997657233,3.88540143162049,-0.754404471582341));
#2498=CARTESIAN_POINT('Ctrl Pts',(-0.643344317174888,3.9065361364485,-0.564541618954497));
#2499=CARTESIAN_POINT('Ctrl Pts',(-0.748163898592802,3.92767084127652,-0.317690905474415));
#2500=CARTESIAN_POINT('Ctrl Pts',(-0.790425910547767,3.93619210358289,-0.218163625713653));
#2501=CARTESIAN_POINT('Ctrl Pts',(-0.810871184517875,3.94471336588926,-0.109372360804794));
#2502=CARTESIAN_POINT('Ctrl Pts',(-0.810378591917663,3.95323462819564,-0.000403904700215643));
#2503=CARTESIAN_POINT('Ctrl Pts',(-0.810774411555933,3.84676537180436,0.000629994148833302));
#2504=CARTESIAN_POINT('Ctrl Pts',(-0.809456259337043,3.83259253755044,-0.180387552484559));
#2505=CARTESIAN_POINT('Ctrl Pts',(-0.749555728473374,3.81841970329652,-0.362196478951926));
#2506=CARTESIAN_POINT('Ctrl Pts',(-0.638175197719066,3.80424686904261,-0.503397579496197));
#2507=CARTESIAN_POINT('Ctrl Pts',(-0.472083179784884,3.78311216421459,-0.713958398026128));
#2508=CARTESIAN_POINT('Ctrl Pts',(-0.191514358327942,3.76197745938658,-0.834219019983409));
#2509=CARTESIAN_POINT('Ctrl Pts',(0.0755094645617728,3.74084275455857,-0.809305274162966));
#2510=CARTESIAN_POINT('Ctrl Pts',(0.342533287451486,3.71970804973055,-0.784391528342523));
#2511=CARTESIAN_POINT('Ctrl Pts',(0.596012111773968,3.69857334490253,-0.614303414744355));
#2512=CARTESIAN_POINT('Ctrl Pts',(0.720285132052311,3.67743864007452,-0.376651078016224));
#2513=CARTESIAN_POINT('Ctrl Pts',(0.844558152330653,3.6563039352465,-0.138998741288093));
#2514=CARTESIAN_POINT('Ctrl Pts',(0.839625368564856,3.63516923041849,0.166217818570004));
#2515=CARTESIAN_POINT('Ctrl Pts',(0.707737579199801,3.61403452559048,0.399730190271893));
#2516=CARTESIAN_POINT('Ctrl Pts',(0.575849789834747,3.59289982076246,0.633242561973782));
#2517=CARTESIAN_POINT('Ctrl Pts',(0.317006994870433,3.57176511593445,0.795050745519466));
#2518=CARTESIAN_POINT('Ctrl Pts',(0.0493175461089801,3.55063041110643,0.811322676665818));
#2519=CARTESIAN_POINT('Ctrl Pts',(-0.218371902652471,3.52949570627842,0.82759460781217));
#2520=CARTESIAN_POINT('Ctrl Pts',(-0.494908005211059,3.5083610014504,0.698330286559196));
#2521=CARTESIAN_POINT('Ctrl Pts',(-0.654109063940329,3.48722629662239,0.482512215904951));
#2522=CARTESIAN_POINT('Ctrl Pts',(-0.755702187992501,3.47373932168305,0.344789312554395));
#2523=CARTESIAN_POINT('Ctrl Pts',(-0.809513296258255,3.46025234674371,0.171819372297446));
#2524=CARTESIAN_POINT('Ctrl Pts',(-0.810578051877424,3.44676537180436,-0.000543330811765969));
#2525=CARTESIAN_POINT('Origin',(0.,0.,0.));
#2526=CARTESIAN_POINT('',(-0.812719406581615,3.04676537180436,-0.000257694301475124));
#2527=CARTESIAN_POINT('',(-0.811649942773441,3.15323462819564,0.000725381507250552));
#2528=CARTESIAN_POINT('',(-0.8115,0.,9.93800877508077E-17));
#2529=CARTESIAN_POINT('Ctrl Pts',(-0.811649942773441,3.15323462819564,0.000725381507250552));
#2530=CARTESIAN_POINT('Ctrl Pts',(-0.812179877326678,3.15776357461976,0.0584111904278538));
#2531=CARTESIAN_POINT('Ctrl Pts',(-0.806551122672283,3.16229252104388,0.115994376828874));
#2532=CARTESIAN_POINT('Ctrl Pts',(-0.794378910736546,3.166821467468,0.172159451543483));
#2533=CARTESIAN_POINT('Ctrl Pts',(-0.737576272269518,3.18795617229601,0.434258439823553));
#2534=CARTESIAN_POINT('Ctrl Pts',(-0.538276779001427,3.20909087712403,0.665475213032638));
#2535=CARTESIAN_POINT('Ctrl Pts',(-0.287419545803663,3.23022558195204,0.760307000670617));
#2536=CARTESIAN_POINT('Ctrl Pts',(-0.0365623126058976,3.25136028678006,
0.855138788308597));
#2537=CARTESIAN_POINT('Ctrl Pts',(0.265852660521539,3.27249499160807,0.813585590375472));
#2538=CARTESIAN_POINT('Ctrl Pts',(0.481835308831871,3.29362969643608,0.65460787173821));
#2539=CARTESIAN_POINT('Ctrl Pts',(0.697817957142202,3.3147644012641,0.495630153100949));
#2540=CARTESIAN_POINT('Ctrl Pts',(0.827368280635426,3.33589910609211,0.21922791375955));
#2541=CARTESIAN_POINT('Ctrl Pts',(0.811373275276313,3.35703381092013,-0.04847822961003));
#2542=CARTESIAN_POINT('Ctrl Pts',(0.795378269917199,3.37816851574814,-0.31618437297961));
#2543=CARTESIAN_POINT('Ctrl Pts',(0.633837935705747,3.39930322057616,-0.575194420377374));
#2544=CARTESIAN_POINT('Ctrl Pts',(0.400462118905627,3.42043792540417,-0.707323703759707));
#2545=CARTESIAN_POINT('Ctrl Pts',(0.167086302105505,3.44157263023219,-0.839452987142041));
#2546=CARTESIAN_POINT('Ctrl Pts',(-0.138124997283284,3.4627073350602,-0.844701506508944));
#2547=CARTESIAN_POINT('Ctrl Pts',(-0.375905768293885,3.48384203988822,-0.720674395231382));
#2548=CARTESIAN_POINT('Ctrl Pts',(-0.613686539304485,3.50497674471623,-0.59664728395382));
#2549=CARTESIAN_POINT('Ctrl Pts',(-0.784036781936897,3.52611144954424,-0.343344542031791));
#2550=CARTESIAN_POINT('Ctrl Pts',(-0.809226743701084,3.54724615437226,-0.0763466296418794));
#2551=CARTESIAN_POINT('Ctrl Pts',(-0.811605917795135,3.54924231231338,-0.0511288654280808));
#2552=CARTESIAN_POINT('Ctrl Pts',(-0.812690165063102,3.55123847025451,-0.0257889311308363));
#2553=CARTESIAN_POINT('Ctrl Pts',(-0.812525608179682,3.55323462819564,-0.00043473940593493));
#2554=CARTESIAN_POINT('Ctrl Pts',(-0.810578051877424,3.44676537180436,-0.000543330811765969));
#2555=CARTESIAN_POINT('Ctrl Pts',(-0.811181816873613,3.43911764191569,-0.0982808443897977));
#2556=CARTESIAN_POINT('Ctrl Pts',(-0.794825481651049,3.43146991202702,-0.195823106498004));
#2557=CARTESIAN_POINT('Ctrl Pts',(-0.760603907343645,3.42382218213835,-0.286632869992222));
#2558=CARTESIAN_POINT('Ctrl Pts',(-0.666031677117747,3.40268747731033,-0.537588065179615));
#2559=CARTESIAN_POINT('Ctrl Pts',(-0.435021201766011,3.38155277248232,-0.737126635498879));
#2560=CARTESIAN_POINT('Ctrl Pts',(-0.172981119363832,3.3604180676543,-0.794200376712348));
#2561=CARTESIAN_POINT('Ctrl Pts',(0.0890589630383468,3.33928336282629,-0.851274117925816));
#2562=CARTESIAN_POINT('Ctrl Pts',(0.382128652490968,3.31814865799827,-0.76588303003349));
#2563=CARTESIAN_POINT('Ctrl Pts',(0.572502078860464,3.29701395317026,-0.576990533481136));
#2564=CARTESIAN_POINT('Ctrl Pts',(0.762875505229959,3.27587924834225,-0.388098036928784));
#2565=CARTESIAN_POINT('Ctrl Pts',(0.85055266851633,3.25474454351423,-0.0957041317164027));
#2566=CARTESIAN_POINT('Ctrl Pts',(0.795527026339804,3.23360983868622,0.16677366815342));
#2567=CARTESIAN_POINT('Ctrl Pts',(0.740501384163278,3.2124751338582,0.429251468023245));
#2568=CARTESIAN_POINT('Ctrl Pts',(0.542772936523856,3.19134042903019,0.661813162550513));
#2569=CARTESIAN_POINT('Ctrl Pts',(0.292563939978081,3.17020572420217,0.758342302031807));
#2570=CARTESIAN_POINT('Ctrl Pts',(0.042354943432304,3.14907101937416,0.854871441513102));
#2571=CARTESIAN_POINT('Ctrl Pts',(-0.260334602019824,3.12793631454614,0.81536802594842));
#2572=CARTESIAN_POINT('Ctrl Pts',(-0.477389345993481,3.10680160971813,0.657857217303508));
#2573=CARTESIAN_POINT('Ctrl Pts',(-0.682914655439983,3.08678953041354,0.508713010200423));
#2574=CARTESIAN_POINT('Ctrl Pts',(-0.811660982411924,3.06677745110895,0.253765001269724));
#2575=CARTESIAN_POINT('Ctrl Pts',(-0.812719406581615,3.04676537180436,-0.000257694301475124));
#2576=CARTESIAN_POINT('Origin',(0.,0.,0.));
#2577=CARTESIAN_POINT('',(-0.811315837780761,2.64676537180436,0.000732857010511054));
#2578=CARTESIAN_POINT('',(-0.810189068451718,2.75323462819564,-0.00010120871500766));
#2579=CARTESIAN_POINT('',(-0.8115,0.,9.93800877508077E-17));
#2580=CARTESIAN_POINT('Ctrl Pts',(-0.810189068451718,2.75323462819564,-0.00010120871500766));
#2581=CARTESIAN_POINT('Ctrl Pts',(-0.810031100922099,2.76428867898501,0.141338799872053));
#2582=CARTESIAN_POINT('Ctrl Pts',(-0.774820140920646,2.77534272977437,0.28285240612886));
#2583=CARTESIAN_POINT('Ctrl Pts',(-0.705013222016318,2.78639678056374,0.404515867872824));
#2584=CARTESIAN_POINT('Ctrl Pts',(-0.571546436481443,2.80753148539175,0.637129359642412));
#2585=CARTESIAN_POINT('Ctrl Pts',(-0.311613344537022,2.82866619021977,0.797180201384504));
#2586=CARTESIAN_POINT('Ctrl Pts',(-0.0438197936922218,2.84980089504778,
0.811638192952688));
#2587=CARTESIAN_POINT('Ctrl Pts',(0.223973757152579,2.8709355998758,0.826096184520873));
#2588=CARTESIAN_POINT('Ctrl Pts',(0.499627766897759,2.89207030470381,0.694961325915151));
#2589=CARTESIAN_POINT('Ctrl Pts',(0.657363031362123,2.91320500953183,0.478069634652877));
#2590=CARTESIAN_POINT('Ctrl Pts',(0.815098295826485,2.93433971435984,0.261177943390604));
#2591=CARTESIAN_POINT('Ctrl Pts',(0.854914815010032,2.95547441918786,-0.0414705805282208));
#2592=CARTESIAN_POINT('Ctrl Pts',(0.758644559719931,2.97660912401587,-0.291779304588391));
#2593=CARTESIAN_POINT('Ctrl Pts',(0.662374304429831,2.99774382884388,-0.542088028648561));
#2594=CARTESIAN_POINT('Ctrl Pts',(0.430017274666083,3.0188785336719,-0.740056952850077));
#2595=CARTESIAN_POINT('Ctrl Pts',(0.167596532877904,3.04001323849991,-0.79535409268202));
#2596=CARTESIAN_POINT('Ctrl Pts',(-0.094824208910277,3.06114794332793,-0.850651232513964));
#2597=CARTESIAN_POINT('Ctrl Pts',(-0.387308662722889,3.08228264815594,-0.763276587976334));
#2598=CARTESIAN_POINT('Ctrl Pts',(-0.576397997796212,3.10341735298396,-0.57309866403199));
#2599=CARTESIAN_POINT('Ctrl Pts',(-0.724967464014566,3.12002311138785,-0.423673882163835));
#2600=CARTESIAN_POINT('Ctrl Pts',(-0.809706893698262,3.13662886979174,-0.210784430392268));
#2601=CARTESIAN_POINT('Ctrl Pts',(-0.811649942773441,3.15323462819564,0.000725381507250552));
#2602=CARTESIAN_POINT('Ctrl Pts',(-0.812719406581615,3.04676537180436,-0.000257694301475124));
#2603=CARTESIAN_POINT('Ctrl Pts',(-0.812778781420652,3.04564274628094,-0.0145077058688381));
#2604=CARTESIAN_POINT('Ctrl Pts',(-0.812436332930766,3.04452012075751,-0.0287548055511576));
#2605=CARTESIAN_POINT('Ctrl Pts',(-0.811683073962241,3.04339749523409,-0.0429801520426086));
#2606=CARTESIAN_POINT('Ctrl Pts',(-0.797502115462164,3.02226279040608,-0.31078851101869));
#2607=CARTESIAN_POINT('Ctrl Pts',(-0.637720255966822,3.00112808557806,-0.570887027245717));
#2608=CARTESIAN_POINT('Ctrl Pts',(-0.405244960702256,2.97999338075004,-0.70459437114685));
#2609=CARTESIAN_POINT('Ctrl Pts',(-0.172769665437691,2.95885867592203,-0.838301715047983));
#2610=CARTESIAN_POINT('Ctrl Pts',(0.132399065596097,2.93772397109402,-0.845617886623221));
#2611=CARTESIAN_POINT('Ctrl Pts',(0.37101464510695,2.916589266266,-0.723204562445898));
#2612=CARTESIAN_POINT('Ctrl Pts',(0.609630224617803,2.89545456143798,-0.600791238268576));
#2613=CARTESIAN_POINT('Ctrl Pts',(0.781692652605722,2.87431985660997,-0.348648418338692));
#2614=CARTESIAN_POINT('Ctrl Pts',(0.808690917089377,2.85318515178195,-0.081827297667346));
#2615=CARTESIAN_POINT('Ctrl Pts',(0.835689181573033,2.83205044695394,0.184993823003998));
#2616=CARTESIAN_POINT('Ctrl Pts',(0.717623282552428,2.81091574212593,0.466493244416805));
#2617=CARTESIAN_POINT('Ctrl Pts',(0.508365952854765,2.78978103729791,0.634224537529465));
#2618=CARTESIAN_POINT('Ctrl Pts',(0.299108623157099,2.7686463324699,0.801955830642128));
#2619=CARTESIAN_POINT('Ctrl Pts',(-0.00134013721762707,2.74751162764188,
0.855918995454641));
#2620=CARTESIAN_POINT('Ctrl Pts',(-0.255887434129785,2.72637692281387,0.771490976668473));
#2621=CARTESIAN_POINT('Ctrl Pts',(-0.510434731041939,2.70524221798585,0.687062957882306));
#2622=CARTESIAN_POINT('Ctrl Pts',(-0.719080564491525,2.68410751315784,0.464243755497463));
#2623=CARTESIAN_POINT('Ctrl Pts',(-0.786621142916538,2.66297280832983,0.204704380859517));
#2624=CARTESIAN_POINT('Ctrl Pts',(-0.803885947363766,2.657570329488,0.138360611617819));
#2625=CARTESIAN_POINT('Ctrl Pts',(-0.811930623521919,2.65216785064618,0.0696174654081156));
#2626=CARTESIAN_POINT('Ctrl Pts',(-0.811315837780761,2.64676537180436,0.000732857010511054));
#2627=CARTESIAN_POINT('Origin',(0.,0.,0.));
#2628=CARTESIAN_POINT('',(-0.810267383526258,2.24676537180436,-0.000276960086445163));
#2629=CARTESIAN_POINT('',(-0.812018686616726,2.35323462819564,-0.000659222081569824));
#2630=CARTESIAN_POINT('',(-0.8115,0.,9.93800877508077E-17));
#2631=CARTESIAN_POINT('Ctrl Pts',(-0.812018686616726,2.35323462819564,-0.000659222081569824));
#2632=CARTESIAN_POINT('Ctrl Pts',(-0.810049271314808,2.37081378335025,0.2229867193129));
#2633=CARTESIAN_POINT('Ctrl Pts',(-0.713879018590201,2.38839293850486,0.448120575252622));
#2634=CARTESIAN_POINT('Ctrl Pts',(-0.549512754446855,2.40597209365948,0.598926091666553));
#2635=CARTESIAN_POINT('Ctrl Pts',(-0.351901865538954,2.42710679848749,0.780233443914837));
#2636=CARTESIAN_POINT('Ctrl Pts',(-0.0557185722992908,2.44824150331551,
0.854104554884187));
#2637=CARTESIAN_POINT('Ctrl Pts',(0.20389053716377,2.46937620814352,0.786832497698081));
#2638=CARTESIAN_POINT('Ctrl Pts',(0.46349964662683,2.49051091297154,0.719560440511975));
#2639=CARTESIAN_POINT('Ctrl Pts',(0.686534572313282,2.51164561779955,0.511145215170412));
#2640=CARTESIAN_POINT('Ctrl Pts',(0.771225869681449,2.53278032262756,0.256685388195015));
#2641=CARTESIAN_POINT('Ctrl Pts',(0.855917167049617,2.55391502745558,0.00222556121961922));
#2642=CARTESIAN_POINT('Ctrl Pts',(0.8022648360995,2.5750497322836,-0.29827886738961));
#2643=CARTESIAN_POINT('Ctrl Pts',(0.634750100578251,2.59618443711161,-0.507709602425083));
#2644=CARTESIAN_POINT('Ctrl Pts',(0.467235365057001,2.61731914193962,-0.717140337460555));
#2645=CARTESIAN_POINT('Ctrl Pts',(0.185858224964619,2.63845384676764,-0.835497378922272));
#2646=CARTESIAN_POINT('Ctrl Pts',(-0.0809906868605863,2.65958855159565,
-0.808775147504288));
#2647=CARTESIAN_POINT('Ctrl Pts',(-0.347839598685792,2.68072325642366,-0.782052916086304));
#2648=CARTESIAN_POINT('Ctrl Pts',(-0.600160282243821,2.70185796125168,-0.61025141178862));
#2649=CARTESIAN_POINT('Ctrl Pts',(-0.722820384460171,2.7229926660797,-0.371762588741235));
#2650=CARTESIAN_POINT('Ctrl Pts',(-0.781325770026243,2.73307332011834,-0.258010192538469));
#2651=CARTESIAN_POINT('Ctrl Pts',(-0.810333125688812,2.74315397415699,-0.129086303949136));
#2652=CARTESIAN_POINT('Ctrl Pts',(-0.810189068451718,2.75323462819564,-0.00010120871500766));
#2653=CARTESIAN_POINT('Ctrl Pts',(-0.811315837780761,2.64676537180436,0.000732857010511054));
#2654=CARTESIAN_POINT('Ctrl Pts',(-0.809525558078393,2.63103314581817,-0.19986176964351));
#2655=CARTESIAN_POINT('Ctrl Pts',(-0.734303320322695,2.61530091983198,-0.401655991095554));
#2656=CARTESIAN_POINT('Ctrl Pts',(-0.599494215904026,2.59956869384578,-0.548892877640085));
#2657=CARTESIAN_POINT('Ctrl Pts',(-0.41839138706607,2.57843398901777,-0.746691214610677));
#2658=CARTESIAN_POINT('Ctrl Pts',(-0.129750405989725,2.55729928418975,-0.84602834166082));
#2659=CARTESIAN_POINT('Ctrl Pts',(0.13472364918222,2.53616457936174,-0.801577347719752));
#2660=CARTESIAN_POINT('Ctrl Pts',(0.399197704354168,2.51502987453372,-0.757126353778684));
#2661=CARTESIAN_POINT('Ctrl Pts',(0.639504833621715,2.49389516970571,-0.568887238846406));
#2662=CARTESIAN_POINT('Ctrl Pts',(0.745994393751769,2.4727604648777,-0.322752336191892));
#2663=CARTESIAN_POINT('Ctrl Pts',(0.852483953881824,2.45162576004968,-0.0766174335373789));
#2664=CARTESIAN_POINT('Ctrl Pts',(0.825155944874383,2.43049105522167,0.227413256839369));
#2665=CARTESIAN_POINT('Ctrl Pts',(0.67647996667465,2.40935635039365,0.450612428495095));
#2666=CARTESIAN_POINT('Ctrl Pts',(0.527803988474918,2.38822164556564,0.673811600150817));
#2667=CARTESIAN_POINT('Ctrl Pts',(0.257780041082897,2.36708694073762,0.816179253085523));
#2668=CARTESIAN_POINT('Ctrl Pts',(-0.0103816336325275,2.34595223590961,
0.812753915837735));
#2669=CARTESIAN_POINT('Ctrl Pts',(-0.278543308347956,2.32481753108159,0.809328578589947));
#2670=CARTESIAN_POINT('Ctrl Pts',(-0.544842710386786,2.30368282625358,0.660110251159666));
#2671=CARTESIAN_POINT('Ctrl Pts',(-0.68776908467842,2.28254812142556,0.43318632502303));
#2672=CARTESIAN_POINT('Ctrl Pts',(-0.768431021323416,2.2706205382185,0.305119525287955));
#2673=CARTESIAN_POINT('Ctrl Pts',(-0.809798368182972,2.25869295501143,0.152303315726811));
#2674=CARTESIAN_POINT('Ctrl Pts',(-0.810267383526258,2.24676537180436,-0.000276960086445163));
#2675=CARTESIAN_POINT('Origin',(0.,0.,0.));
#2676=CARTESIAN_POINT('',(-0.812322033068938,1.84676537180436,-0.000550006057861187));
#2677=CARTESIAN_POINT('',(-0.812226623203881,1.95323462819564,0.000590886039431149));
#2678=CARTESIAN_POINT('',(-0.8115,0.,9.93800877508077E-17));
#2679=CARTESIAN_POINT('Ctrl Pts',(-0.812226623203881,1.95323462819564,0.000590886039431149));
#2680=CARTESIAN_POINT('Ctrl Pts',(-0.812536069678496,1.95620418288748,0.03834508598534));
#2681=CARTESIAN_POINT('Ctrl Pts',(-0.810130575210715,1.95917373757933,0.0760596559588428));
#2682=CARTESIAN_POINT('Ctrl Pts',(-0.804874744100688,1.96214329227117,0.113372734319871));
#2683=CARTESIAN_POINT('Ctrl Pts',(-0.767468314294447,1.98327799709919,0.37893473913842));
#2684=CARTESIAN_POINT('Ctrl Pts',(-0.585682271695647,2.0044127019272,0.624159776495138));
#2685=CARTESIAN_POINT('Ctrl Pts',(-0.342464452942924,2.02554740675522,0.737153192389207));
#2686=CARTESIAN_POINT('Ctrl Pts',(-0.0992466341901968,2.04668211158323,
0.850146608283277));
#2687=CARTESIAN_POINT('Ctrl Pts',(0.205402960716454,2.06781681641124,0.830908402714693));
#2688=CARTESIAN_POINT('Ctrl Pts',(0.432474623059172,2.08895152123926,0.68821684881182));
#2689=CARTESIAN_POINT('Ctrl Pts',(0.659546285401888,2.11008622606727,0.545525294908947));
#2690=CARTESIAN_POINT('Ctrl Pts',(0.809040015180672,2.13122093089529,0.279380392671787));
#2691=CARTESIAN_POINT('Ctrl Pts',(0.812742756547065,2.1523556357233,0.0112223998753743));
#2692=CARTESIAN_POINT('Ctrl Pts',(0.816445497913458,2.17349034055132,-0.256935592921038));
#2693=CARTESIAN_POINT('Ctrl Pts',(0.674357250867461,2.19462504537933,-0.527106676276703));
#2694=CARTESIAN_POINT('Ctrl Pts',(0.451311995707197,2.21575975020735,-0.676013471100668));
#2695=CARTESIAN_POINT('Ctrl Pts',(0.228266740546933,2.23689445503536,-0.824920265924633));
#2696=CARTESIAN_POINT('Ctrl Pts',(-0.0757355227275972,2.25802915986338,
-0.852562772216897));
#2697=CARTESIAN_POINT('Ctrl Pts',(-0.321980458782344,2.27916386469139,-0.746327886884195));
#2698=CARTESIAN_POINT('Ctrl Pts',(-0.568225394837092,2.30029856951941,-0.640093001551493));
#2699=CARTESIAN_POINT('Ctrl Pts',(-0.756713003672056,2.32143327434742,-0.399980724593825));
#2700=CARTESIAN_POINT('Ctrl Pts',(-0.801437565801471,2.34256797917543,-0.135552789351384));
#2701=CARTESIAN_POINT('Ctrl Pts',(-0.808961702219097,2.34612352884884,-0.091067348630061));
#2702=CARTESIAN_POINT('Ctrl Pts',(-0.812417019407576,2.34967907852224,-0.0458937198084881));
#2703=CARTESIAN_POINT('Ctrl Pts',(-0.812018686616726,2.35323462819564,-0.000659222081569824));
#2704=CARTESIAN_POINT('Ctrl Pts',(-0.810267383526258,2.24676537180436,-0.000276960086445163));
#2705=CARTESIAN_POINT('Ctrl Pts',(-0.8106294251262,2.23755825018341,-0.118056491109775));
#2706=CARTESIAN_POINT('Ctrl Pts',(-0.786621864462707,2.22835112856247,-0.235695439097481));
#2707=CARTESIAN_POINT('Ctrl Pts',(-0.737507054323682,2.21914400694152,-0.34170169863364));
#2708=CARTESIAN_POINT('Ctrl Pts',(-0.624765303132873,2.19800930211351,-0.585036271310687));
#2709=CARTESIAN_POINT('Ctrl Pts',(-0.37972845420682,2.17687459728549,-0.767075891821791));
#2710=CARTESIAN_POINT('Ctrl Pts',(-0.114205292338701,2.15573989245748,-0.804757017508137));
#2711=CARTESIAN_POINT('Ctrl Pts',(0.151317869529417,2.13460518762946,-0.842438143194483));
#2712=CARTESIAN_POINT('Ctrl Pts',(0.437327344339604,2.11347048280145,-0.735760774056069));
#2713=CARTESIAN_POINT('Ctrl Pts',(0.613318793833964,2.09233577797343,-0.533401127816607));
#2714=CARTESIAN_POINT('Ctrl Pts',(0.789310243328325,2.07120107314542,-0.331041481577143));
#2715=CARTESIAN_POINT('Ctrl Pts',(0.855283667506862,2.0500663683174,-0.0329995582366305));
#2716=CARTESIAN_POINT('Ctrl Pts',(0.781135804683249,2.02893166348939,0.224729972784724));
#2717=CARTESIAN_POINT('Ctrl Pts',(0.706987941859637,2.00779695866138,0.482459503806078));
#2718=CARTESIAN_POINT('Ctrl Pts',(0.492718792033876,1.98666225383336,0.699876642508271));
#2719=CARTESIAN_POINT('Ctrl Pts',(0.236098030932801,1.96552754900535,0.777775305482539));
#2720=CARTESIAN_POINT('Ctrl Pts',(-0.020522730168273,1.94439284417733,0.855673968456808));
#2721=CARTESIAN_POINT('Ctrl Pts',(-0.319495102544661,1.92325813934932,0.794054155703151));
#2722=CARTESIAN_POINT('Ctrl Pts',(-0.524399858685122,1.9021234345213,0.621032603197291));
#2723=CARTESIAN_POINT('Ctrl Pts',(-0.703301976216916,1.88367074694899,0.469967675740371));
#2724=CARTESIAN_POINT('Ctrl Pts',(-0.810496190721621,1.86521805937668,0.233981013569088));
#2725=CARTESIAN_POINT('Ctrl Pts',(-0.812322033068938,1.84676537180436,-0.000550006057861187));
#2726=CARTESIAN_POINT('Origin',(0.,0.,0.));
#2727=CARTESIAN_POINT('',(-0.811911787617148,1.44676537180436,0.00068504881546104));
#2728=CARTESIAN_POINT('',(-0.810233589391106,1.55323462819564,0.00022042584191177));
#2729=CARTESIAN_POINT('',(-0.8115,0.,9.93800877508077E-17));
#2730=CARTESIAN_POINT('Ctrl Pts',(-0.810233589391106,1.55323462819564,0.00022042584191177));
#2731=CARTESIAN_POINT('Ctrl Pts',(-0.810530018904721,1.56272928725273,0.121690865316021));
#2732=CARTESIAN_POINT('Ctrl Pts',(-0.784934686673072,1.57222394630982,0.24304263729057));
#2733=CARTESIAN_POINT('Ctrl Pts',(-0.732809489896816,1.58171860536691,0.351663165642261));
#2734=CARTESIAN_POINT('Ctrl Pts',(-0.616781032071844,1.60285331019493,0.593447814377086));
#2735=CARTESIAN_POINT('Ctrl Pts',(-0.369300132538194,1.62398801502294,0.772150608419482));
#2736=CARTESIAN_POINT('Ctrl Pts',(-0.10329078109368,1.64512271985096,0.806230578144587));
#2737=CARTESIAN_POINT('Ctrl Pts',(0.162718570350835,1.66625742467897,0.840310547869692));
#2738=CARTESIAN_POINT('Ctrl Pts',(0.447256373706209,1.68739212950698,0.729767693277506));
#2739=CARTESIAN_POINT('Ctrl Pts',(0.620489805196594,1.708526834335,0.525042029007423));
#2740=CARTESIAN_POINT('Ctrl Pts',(0.793723236686976,1.72966153916301,0.320316364737343));
#2741=CARTESIAN_POINT('Ctrl Pts',(0.855652296312368,1.75079624399103,0.0214078907893643));
#2742=CARTESIAN_POINT('Ctrl Pts',(0.778019140698691,1.77193094881904,-0.235293321795994));
#2743=CARTESIAN_POINT('Ctrl Pts',(0.700385985085012,1.79306565364706,-0.491994534381356));
#2744=CARTESIAN_POINT('Ctrl Pts',(0.483190614232264,1.81420035847507,-0.7064884856041));
#2745=CARTESIAN_POINT('Ctrl Pts',(0.225537920253587,1.83533506330309,-0.780902924254238));
#2746=CARTESIAN_POINT('Ctrl Pts',(-0.0321147737250862,1.8564697681311,-0.855317362904374));
#2747=CARTESIAN_POINT('Ctrl Pts',(-0.330224790829685,1.87760447295912,-0.789652288981908));
#2748=CARTESIAN_POINT('Ctrl Pts',(-0.532766390875146,1.89873917778713,-0.613870265880485));
#2749=CARTESIAN_POINT('Ctrl Pts',(-0.706849663084786,1.9169043279233,-0.462786687147731));
#2750=CARTESIAN_POINT('Ctrl Pts',(-0.810333699094442,1.93506947805947,-0.230356438208061));
#2751=CARTESIAN_POINT('Ctrl Pts',(-0.812226623203881,1.95323462819564,0.000590886039431149));
#2752=CARTESIAN_POINT('Ctrl Pts',(-0.812322033068938,1.84676537180436,-0.000550006057861187));
#2753=CARTESIAN_POINT('Ctrl Pts',(-0.812587411250978,1.84408335454866,-0.0346380617500917));
#2754=CARTESIAN_POINT('Ctrl Pts',(-0.81062684587082,1.84140133729296,-0.0686953664865651));
#2755=CARTESIAN_POINT('Ctrl Pts',(-0.806336983239654,1.83871932003726,-0.102456700536239));
#2756=CARTESIAN_POINT('Ctrl Pts',(-0.772532211749192,1.81758461520925,-0.368501159505848));
#2757=CARTESIAN_POINT('Ctrl Pts',(-0.594085528863732,1.79644991038123,-0.616166785187004));
#2758=CARTESIAN_POINT('Ctrl Pts',(-0.352421042225781,1.77531520555322,-0.732445298325062));
#2759=CARTESIAN_POINT('Ctrl Pts',(-0.110756555587828,1.7541805007252,-0.848723811463121));
#2760=CARTESIAN_POINT('Ctrl Pts',(0.194125734802619,1.73304579589719,-0.833615212058081));
#2761=CARTESIAN_POINT('Ctrl Pts',(0.423109942727534,1.71191109106917,-0.694013459786688));
#2762=CARTESIAN_POINT('Ctrl Pts',(0.652094150652445,1.69077638624116,-0.554411707515297));
#2763=CARTESIAN_POINT('Ctrl Pts',(0.805180276111828,1.66964168141314,-0.290316802377561));
#2764=CARTESIAN_POINT('Ctrl Pts',(0.81251607553642,1.64850697658513,-0.0222336011402233));
#2765=CARTESIAN_POINT('Ctrl Pts',(0.819851874961013,1.62737227175712,0.245849600097117));
#2766=CARTESIAN_POINT('Ctrl Pts',(0.681437348350807,1.6062375669291,0.517921097434061));
#2767=CARTESIAN_POINT('Ctrl Pts',(0.460430180285255,1.58510286210109,0.669836364500516));
#2768=CARTESIAN_POINT('Ctrl Pts',(0.239423012219702,1.56396815727307,0.821751631566973));
#2769=CARTESIAN_POINT('Ctrl Pts',(-0.0641767973011934,1.54283345244506,
0.853510668362944));
#2770=CARTESIAN_POINT('Ctrl Pts',(-0.311838550054567,1.52169874761704,0.750622025076016));
#2771=CARTESIAN_POINT('Ctrl Pts',(-0.55950030280794,1.50056404278903,0.647733381789088));
#2772=CARTESIAN_POINT('Ctrl Pts',(-0.751223998793786,1.47942933796101,0.41019705841926));
#2773=CARTESIAN_POINT('Ctrl Pts',(-0.799527312204079,1.458294633133,0.1463993958956));
#2774=CARTESIAN_POINT('Ctrl Pts',(-0.808310677887494,1.45445154602345,0.0984310232770554));
#2775=CARTESIAN_POINT('Ctrl Pts',(-0.812351853463503,1.45060845891391,0.0495943203660793));
#2776=CARTESIAN_POINT('Ctrl Pts',(-0.811911787617148,1.44676537180436,0.00068504881546104));
#2777=CARTESIAN_POINT('Origin',(0.,0.,0.));
#2778=CARTESIAN_POINT('',(-0.810179392795441,1.04676537180436,4.15056060711072E-5));
#2779=CARTESIAN_POINT('',(-0.811424799714536,1.15323462819564,-0.00073579262225834));
#2780=CARTESIAN_POINT('',(-0.8115,0.,9.93800877508077E-17));
#2781=CARTESIAN_POINT('Ctrl Pts',(-0.811424799714536,1.15323462819564,-0.00073579262225834));
#2782=CARTESIAN_POINT('Ctrl Pts',(-0.809572947088722,1.16925439161797,0.203455135206111));
#2783=CARTESIAN_POINT('Ctrl Pts',(-0.731293839172777,1.18527415504031,0.408911133631719));
#2784=CARTESIAN_POINT('Ctrl Pts',(-0.592001987535814,1.20129391846265,0.556965327383076));
#2785=CARTESIAN_POINT('Ctrl Pts',(-0.408235717605151,1.22242862329067,0.752291662797075));
#2786=CARTESIAN_POINT('Ctrl Pts',(-0.118275263556145,1.24356332811868,0.847708742495984));
#2787=CARTESIAN_POINT('Ctrl Pts',(0.145572230740387,1.2646980329467,0.799678345846358));
#2788=CARTESIAN_POINT('Ctrl Pts',(0.409419725036919,1.28583273777471,0.751647949196732));
#2789=CARTESIAN_POINT('Ctrl Pts',(0.647154259580978,1.30696744260272,0.56017007619857));
#2790=CARTESIAN_POINT('Ctrl Pts',(0.750299049235928,1.32810214743074,0.312614886636674));
#2791=CARTESIAN_POINT('Ctrl Pts',(0.853443838890879,1.34923685225875,0.0650596970747764));
#2792=CARTESIAN_POINT('Ctrl Pts',(0.82199888365672,1.37037155708677,-0.238572809050854));
#2793=CARTESIAN_POINT('Ctrl Pts',(0.670312320778345,1.39150626191478,-0.4597370150366));
#2794=CARTESIAN_POINT('Ctrl Pts',(0.518625757899971,1.4126409667428,-0.680901221022345));
#2795=CARTESIAN_POINT('Ctrl Pts',(0.24669758737738,1.43377567157081,-0.819597126868204));
#2796=CARTESIAN_POINT('Ctrl Pts',(-0.0213930640187761,1.45491037639883,
-0.812538655996634));
#2797=CARTESIAN_POINT('Ctrl Pts',(-0.28948371541493,1.47604508122684,-0.805480185125064));
#2798=CARTESIAN_POINT('Ctrl Pts',(-0.55373684768465,1.49717978605485,-0.652667337536068));
#2799=CARTESIAN_POINT('Ctrl Pts',(-0.693575405761365,1.51831449088287,-0.423827662027946));
#2800=CARTESIAN_POINT('Ctrl Pts',(-0.770592200166517,1.52995453665379,-0.297793051239969));
#2801=CARTESIAN_POINT('Ctrl Pts',(-0.809870179490279,1.54159458242471,-0.148697135788331));
#2802=CARTESIAN_POINT('Ctrl Pts',(-0.810233589391106,1.55323462819564,0.00022042584191177));
#2803=CARTESIAN_POINT('Ctrl Pts',(-0.811911787617148,1.44676537180436,0.00068504881546104));
#2804=CARTESIAN_POINT('Ctrl Pts',(-0.809931751732136,1.42947375408589,-0.219377729475781));
#2805=CARTESIAN_POINT('Ctrl Pts',(-0.717230442786462,1.41218213636742,-0.440909636241054));
#2806=CARTESIAN_POINT('Ctrl Pts',(-0.557577429616038,1.39489051864896,-0.591425495400559));
#2807=CARTESIAN_POINT('Ctrl Pts',(-0.362441302782964,1.37375581382094,-0.775393722495564));
#2808=CARTESIAN_POINT('Ctrl Pts',(-0.067286118282077,1.35262110899293,-0.85327117500808));
#2809=CARTESIAN_POINT('Ctrl Pts',(0.193210655209785,1.33148640416491,-0.789522860538086));
#2810=CARTESIAN_POINT('Ctrl Pts',(0.453707428701647,1.3103516993369,-0.725774546068091));
#2811=CARTESIAN_POINT('Ctrl Pts',(0.679545791184484,1.28921699450888,-0.520400464615586));
#2812=CARTESIAN_POINT('Ctrl Pts',(0.767677107724597,1.26808228968087,-0.267111521813658));
#2813=CARTESIAN_POINT('Ctrl Pts',(0.855808424264711,1.24694758485285,-0.0138225790117305));
#2814=CARTESIAN_POINT('Ctrl Pts',(0.8062326948621,1.22581288002484,0.28738122513962));
#2815=CARTESIAN_POINT('Ctrl Pts',(0.641571014812981,1.20467817519682,0.499062463522977));
#2816=CARTESIAN_POINT('Ctrl Pts',(0.476909334763861,1.18354347036881,0.710743701906335));
#2817=CARTESIAN_POINT('Ctrl Pts',(0.197161704068233,1.1624087655408,0.832902374521701));
#2818=CARTESIAN_POINT('Ctrl Pts',(-0.0700247782488012,1.14127406071278,
0.809798262766675));
#2819=CARTESIAN_POINT('Ctrl Pts',(-0.337211260565834,1.12013935588477,0.786694151011649));
#2820=CARTESIAN_POINT('Ctrl Pts',(-0.591836594504273,1.09900465105675,0.618327254886232));
#2821=CARTESIAN_POINT('Ctrl Pts',(-0.717716831594282,1.07786994622874,0.381522297902724));
#2822=CARTESIAN_POINT('Ctrl Pts',(-0.779470729349766,1.06750175475395,0.265351329054812));
#2823=CARTESIAN_POINT('Ctrl Pts',(-0.81024013778067,1.05713356327915,0.132709687397131));
#2824=CARTESIAN_POINT('Ctrl Pts',(-0.810179392795441,1.04676537180436,4.15056060711072E-5));
#2825=CARTESIAN_POINT('Origin',(0.,0.,0.));
#2826=CARTESIAN_POINT('',(-0.811760526873635,0.64676537180436,-0.000713433564830841));
#2827=CARTESIAN_POINT('',(-0.812665177621435,0.753234628195636,0.000319160603125947));
#2828=CARTESIAN_POINT('',(-0.8115,0.,9.93800877508077E-17));
#2829=CARTESIAN_POINT('Ctrl Pts',(-0.812665177621435,0.753234628195636,
0.000319160603125946));
#2830=CARTESIAN_POINT('Ctrl Pts',(-0.812755012962129,0.754644791155207,
0.0182222072247679));
#2831=CARTESIAN_POINT('Ctrl Pts',(-0.812214475453115,0.756054954114777,
0.0361197313335079));
#2832=CARTESIAN_POINT('Ctrl Pts',(-0.811026260104159,0.757465117074347,
0.0539741514100386));
#2833=CARTESIAN_POINT('Ctrl Pts',(-0.793217977379204,0.778599821902362,
0.32156584755542));
#2834=CARTESIAN_POINT('Ctrl Pts',(-0.629926507868407,0.799734526730377,
0.579475396833333));
#2835=CARTESIAN_POINT('Ctrl Pts',(-0.39566086723547,0.820869231558392,0.710020520376856));
#2836=CARTESIAN_POINT('Ctrl Pts',(-0.161395226602535,0.842003936386406,
0.840565643920378));
#2837=CARTESIAN_POINT('Ctrl Pts',(0.143844585152537,0.86313864121442,0.843746341729512));
#2838=CARTESIAN_POINT('Ctrl Pts',(0.380779619428457,0.884273346042434,0.718111155375657));
#2839=CARTESIAN_POINT('Ctrl Pts',(0.617714653704381,0.905408050870449,0.5924759690218));
#2840=CARTESIAN_POINT('Ctrl Pts',(0.786344910501149,0.926542755698464,0.338024898504949));
#2841=CARTESIAN_POINT('Ctrl Pts',(0.809725417971632,0.947677460526479,0.070862445530924));
#2842=CARTESIAN_POINT('Ctrl Pts',(0.833105925442115,0.968812165354493,-0.196300007443098));
#2843=CARTESIAN_POINT('Ctrl Pts',(0.711236683586316,0.989946870182507,-0.476173842874296));
#2844=CARTESIAN_POINT('Ctrl Pts',(0.499725886946217,1.01108157501052,-0.641054411442673));
#2845=CARTESIAN_POINT('Ctrl Pts',(0.288215090306117,1.03221627983854,-0.805934980011051));
#2846=CARTESIAN_POINT('Ctrl Pts',(-0.0129372611182847,1.05335098466655,
-0.855822281716606));
#2847=CARTESIAN_POINT('Ctrl Pts',(-0.266317239588557,1.07448568949457,-0.767953033713873));
#2848=CARTESIAN_POINT('Ctrl Pts',(-0.51969721805883,1.09562039432258,-0.680083785711141));
#2849=CARTESIAN_POINT('Ctrl Pts',(-0.725304823574973,1.11675509915059,-0.454457988000119));
#2850=CARTESIAN_POINT('Ctrl Pts',(-0.789322583426885,1.13788980397861,-0.194027293580065));
#2851=CARTESIAN_POINT('Ctrl Pts',(-0.804815919777205,1.14300474538428,-0.130998840945497));
#2852=CARTESIAN_POINT('Ctrl Pts',(-0.81201607671553,1.14811968678996,-0.065931801069945));
#2853=CARTESIAN_POINT('Ctrl Pts',(-0.811424799714536,1.15323462819564,-0.00073579262225834));
#2854=CARTESIAN_POINT('Ctrl Pts',(-0.810179392795441,1.04676537180436,4.15056060711072E-5));
#2855=CARTESIAN_POINT('Ctrl Pts',(-0.810116314128714,1.03599885845114,-0.137723480146145));
#2856=CARTESIAN_POINT('Ctrl Pts',(-0.776808733226823,1.02523234509792,-0.275517084423591));
#2857=CARTESIAN_POINT('Ctrl Pts',(-0.710429465794179,1.0144658317447,-0.394926195200285));
#2858=CARTESIAN_POINT('Ctrl Pts',(-0.580126722662487,0.99333112691668,-0.629326713478187));
#2859=CARTESIAN_POINT('Ctrl Pts',(-0.322386096157525,0.972196422088665,
-0.792884732192389));
#2860=CARTESIAN_POINT('Ctrl Pts',(-0.0548130333673244,0.95106171726065,
-0.810969893374131));
#2861=CARTESIAN_POINT('Ctrl Pts',(0.212760029422874,0.929927012432636,-0.829055054555873));
#2862=CARTESIAN_POINT('Ctrl Pts',(0.49016552849831,0.908792307604623,-0.701667358205155));
#2863=CARTESIAN_POINT('Ctrl Pts',(0.650825080964291,0.887657602776609,-0.486932739803338));
#2864=CARTESIAN_POINT('Ctrl Pts',(0.811484633430272,0.866522897948594,-0.272198121401521));
#2865=CARTESIAN_POINT('Ctrl Pts',(0.8553982392868,0.845388193120578,0.0298834190513957));
#2866=CARTESIAN_POINT('Ctrl Pts',(0.762528365934389,0.824253488292564,0.281473437923084));
#2867=CARTESIAN_POINT('Ctrl Pts',(0.669658492581977,0.803118783464549,0.533063456794772));
#2868=CARTESIAN_POINT('Ctrl Pts',(0.440005140020627,0.781984078636535,0.734161954085232));
#2869=CARTESIAN_POINT('Ctrl Pts',(0.178357753398795,0.760849373808521,0.793009930943135));
#2870=CARTESIAN_POINT('Ctrl Pts',(-0.0832896332230362,0.739714668980507,
0.851857907801038));
#2871=CARTESIAN_POINT('Ctrl Pts',(-0.376931053905349,0.718579964152492,
0.768455364226384));
#2872=CARTESIAN_POINT('Ctrl Pts',(-0.568579863035903,0.697445259324477,
0.580856481958216));
#2873=CARTESIAN_POINT('Ctrl Pts',(-0.721767714788731,0.680551963484438,
0.430905799268006));
#2874=CARTESIAN_POINT('Ctrl Pts',(-0.809791959828626,0.663658667644399,
0.214383537203086));
#2875=CARTESIAN_POINT('Ctrl Pts',(-0.811760526873635,0.64676537180436,-0.000713433564830841));
#2876=CARTESIAN_POINT('Origin',(0.,0.,0.));
#2877=CARTESIAN_POINT('',(-0.812446494248389,0.24676537180436,0.000455480929356517));
#2878=CARTESIAN_POINT('',(-0.810504326987226,0.353234628195637,0.000498281031547183));
#2879=CARTESIAN_POINT('',(-0.8115,0.,9.93800877508077E-17));
#2880=CARTESIAN_POINT('',(0.60221940417671,0.,0.54393385556798));
#2881=CARTESIAN_POINT('Ctrl Pts',(-0.812446494248389,0.24676537180436,0.000455480929356517));
#2882=CARTESIAN_POINT('Ctrl Pts',(-0.8107455880424,0.227914362353616,-0.238982847225265));
#2883=CARTESIAN_POINT('Ctrl Pts',(-0.698270329121537,0.209063352902873,
-0.479732632329459));
#2884=CARTESIAN_POINT('Ctrl Pts',(-0.512646349744695,0.19021234345213,-0.630674712767763));
#2885=CARTESIAN_POINT('Ctrl Pts',(-0.304535053456724,0.169077638624115,
-0.79990259016741));
#2886=CARTESIAN_POINT('Ctrl Pts',(-0.00447838291477671,0.147942933796101,
-0.856245334854927));
#2887=CARTESIAN_POINT('Ctrl Pts',(0.25064755036892,0.126808228968086,-0.773371266311868));
#2888=CARTESIAN_POINT('Ctrl Pts',(0.505773483652616,0.105673524140072,-0.690497197768809));
#2889=CARTESIAN_POINT('Ctrl Pts',(0.715968679678062,0.0845388193120571,
-0.468406315995176));
#2890=CARTESIAN_POINT('Ctrl Pts',(0.785224380827543,0.0634041144840426,
-0.20978022893551));
#2891=CARTESIAN_POINT('Ctrl Pts',(0.854480081977024,0.0422694096560281,
0.048845858124156));
#2892=CARTESIAN_POINT('Ctrl Pts',(0.78279628825054,0.0211347048280136,0.344007150469855));
#2893=CARTESIAN_POINT('Ctrl Pts',(0.602219404176703,-8.55906952043745E-16,
0.543933855567987));
#2894=CARTESIAN_POINT('',(-0.603385859583871,2.06475619975484E-16,0.544716685344782));
#2895=CARTESIAN_POINT('Origin',(0.,0.,0.));
#2896=CARTESIAN_POINT('Ctrl Pts',(-0.603391875650875,8.67361737988404E-17,
0.544720722838507));
#2897=CARTESIAN_POINT('Ctrl Pts',(-0.432436802373351,0.0200066192499567,
0.732569188561374));
#2898=CARTESIAN_POINT('Ctrl Pts',(-0.165953353128291,0.0400132384999132,
0.835203774555661));
#2899=CARTESIAN_POINT('Ctrl Pts',(0.0865138532011131,0.0600198577498698,
0.80812889261719));
#2900=CARTESIAN_POINT('Ctrl Pts',(0.353216578827131,0.0811545625778844,
0.779527376745179));
#2901=CARTESIAN_POINT('Ctrl Pts',(0.604277870145676,0.102289267405899,0.606176505861528));
#2902=CARTESIAN_POINT('Ctrl Pts',(0.725298176737202,0.123423972233913,0.366899183998462));
#2903=CARTESIAN_POINT('Ctrl Pts',(0.846318483328727,0.144558677061928,0.127621862135396));
#2904=CARTESIAN_POINT('Ctrl Pts',(0.837297805193235,0.165693381889942,-0.177581910707084));
#2905=CARTESIAN_POINT('Ctrl Pts',(0.702269309938897,0.186828086717957,-0.409305255869542));
#2906=CARTESIAN_POINT('Ctrl Pts',(0.567240814684559,0.207962791545971,-0.641028601032));
#2907=CARTESIAN_POINT('Ctrl Pts',(0.306204502311374,0.229097496373986,-0.799271518514437));
#2908=CARTESIAN_POINT('Ctrl Pts',(0.0383132685964731,0.250232201202,-0.8119046844508));
#2909=CARTESIAN_POINT('Ctrl Pts',(-0.229577965118428,0.271366906030015,
-0.824537850387162));
#2910=CARTESIAN_POINT('Ctrl Pts',(-0.504324120175046,0.292501610858029,
-0.69156126477745));
#2911=CARTESIAN_POINT('Ctrl Pts',(-0.660583249470472,0.313636315686044,
-0.473611299698082));
#2912=CARTESIAN_POINT('Ctrl Pts',(-0.75817309651225,0.326835753189241,-0.337493148709007));
#2913=CARTESIAN_POINT('Ctrl Pts',(-0.809547271517904,0.340035190692439,
-0.168231269010886));
#2914=CARTESIAN_POINT('Ctrl Pts',(-0.810504326987226,0.353234628195637,
0.000498281031547183));
#2915=CARTESIAN_POINT('Origin',(0.,-0.883427113897899,0.));
#2916=CARTESIAN_POINT('',(-1.03820951745842,8.8834271138979,-0.000582068595331546));
#2917=CARTESIAN_POINT('',(-1.03594813915578,8.9165728861021,0.00127397575772778));
#2918=CARTESIAN_POINT('',(-1.037,-0.883427113897899,3.55097107033344E-14));
#2919=CARTESIAN_POINT('',(-0.266919504593952,9.,1.00205936853428));
#2920=CARTESIAN_POINT('Ctrl Pts',(-1.03594813915578,8.9165728861021,0.00127397575772771));
#2921=CARTESIAN_POINT('Ctrl Pts',(-1.03676207867716,8.92324721924006,0.110212468357497));
#2922=CARTESIAN_POINT('Ctrl Pts',(-0.970946876155886,8.95105625720602,0.562836539739555));
#2923=CARTESIAN_POINT('Ctrl Pts',(-0.59958634739962,8.97886529517199,0.913446586033773));
#2924=CARTESIAN_POINT('Ctrl Pts',(-0.266919504593952,9.,1.00205936853428));
#2925=CARTESIAN_POINT('',(0.2676249100654,8.99999999999999,1.00371012269493));
#2926=CARTESIAN_POINT('Origin',(0.,9.,0.));
#2927=CARTESIAN_POINT('Ctrl Pts',(-1.03820951745842,8.8834271138979,-0.000582068595331546));
#2928=CARTESIAN_POINT('Ctrl Pts',(-1.03603597797097,8.90227812334864,0.30539151976482));
#2929=CARTESIAN_POINT('Ctrl Pts',(-0.739765199060716,8.94113575204935,0.939550145406163));
#2930=CARTESIAN_POINT('Ctrl Pts',(-0.0463206274173733,8.97999338075004,
1.08608209389464));
#2931=CARTESIAN_POINT('Ctrl Pts',(0.267628548238423,8.99999999999999,1.00371863656315));
#2932=CARTESIAN_POINT('Origin',(0.,-0.883427113897899,0.));
#2933=CARTESIAN_POINT('',(-1.03733294110895,8.48342711389791,0.00091168163375635));
#2934=CARTESIAN_POINT('',(-1.03572762956637,8.51657288610211,-0.000636742101458223));
#2935=CARTESIAN_POINT('',(-1.037,-0.883427113897899,3.55097107033344E-14));
#2936=CARTESIAN_POINT('Ctrl Pts',(-1.03572762956637,8.51657288610211,-0.000636742101458223));
#2937=CARTESIAN_POINT('Ctrl Pts',(-1.03450462642181,8.5297723236053,0.214979453543566));
#2938=CARTESIAN_POINT('Ctrl Pts',(-0.863736871431353,8.56410646593651,0.777605934574889));
#2939=CARTESIAN_POINT('Ctrl Pts',(0.0577195416490109,8.61957531309573,1.22358893979434));
#2940=CARTESIAN_POINT('Ctrl Pts',(1.05843914859943,8.68297942757978,0.616942439839147));
#2941=CARTESIAN_POINT('Ctrl Pts',(1.09302118563555,8.74638354206383,-0.553099507376162));
#2942=CARTESIAN_POINT('Ctrl Pts',(0.130542234522575,8.80978765654787,-1.21766432754983));
#2943=CARTESIAN_POINT('Ctrl Pts',(-0.837922779674283,8.86651743789395,-0.819267479086571));
#2944=CARTESIAN_POINT('Ctrl Pts',(-1.03418468687238,8.90211251441204,-0.234748269729346));
#2945=CARTESIAN_POINT('Ctrl Pts',(-1.03594813915578,8.9165728861021,0.00127397575772771));
#2946=CARTESIAN_POINT('Ctrl Pts',(-1.03733294110895,8.48342711389791,0.00091168163375642));
#2947=CARTESIAN_POINT('Ctrl Pts',(-1.03796453251379,8.48766852288588,0.0699229960177301));
#2948=CARTESIAN_POINT('Ctrl Pts',(-1.00026927656714,8.51304463670186,0.482126937079439));
#2949=CARTESIAN_POINT('Ctrl Pts',(-0.448658029448212,8.55955545534586,1.13988107583896));
#2950=CARTESIAN_POINT('Ctrl Pts',(0.712743025393129,8.62295956982992,0.996332190611358));
#2951=CARTESIAN_POINT('Ctrl Pts',(1.22370716943869,8.68636368431395,-0.0565213214944668));
#2952=CARTESIAN_POINT('Ctrl Pts',(0.617924829694997,8.749767798798,-1.05767219959152));
#2953=CARTESIAN_POINT('Ctrl Pts',(-0.5517554784321,8.81317191328205,-1.09383603568067));
#2954=CARTESIAN_POINT('Ctrl Pts',(-1.01986926738468,8.85772501831534,-0.417504453691167));
#2955=CARTESIAN_POINT('Ctrl Pts',(-1.03847282972787,8.88114341852063,-0.0376490740059179));
#2956=CARTESIAN_POINT('Ctrl Pts',(-1.03820951745842,8.8834271138979,-0.000582068595331546));
#2957=CARTESIAN_POINT('Origin',(0.,-0.883427113897899,0.));
#2958=CARTESIAN_POINT('',(-1.03531244107941,8.0834271138979,-5.30392258835805E-5));
#2959=CARTESIAN_POINT('',(-1.03848893846038,8.11657288610211,-0.000407849180041663));
#2960=CARTESIAN_POINT('',(-1.037,-0.883427113897899,3.55097107033344E-14));
#2961=CARTESIAN_POINT('Ctrl Pts',(-1.03848893846038,8.11657288610211,-0.000407849180041682));
#2962=CARTESIAN_POINT('Ctrl Pts',(-1.0368831990202,8.13629742797055,0.319595695341365));
#2963=CARTESIAN_POINT('Ctrl Pts',(-0.707084576493703,8.17715667466701,0.985340867080647));
#2964=CARTESIAN_POINT('Ctrl Pts',(0.425398687012634,8.23915062619147,1.14877232258091));
#2965=CARTESIAN_POINT('Ctrl Pts',(1.19543125117737,8.30255474067552,0.267570353045884));
#2966=CARTESIAN_POINT('Ctrl Pts',(0.874523471622145,8.36595885515957,-0.857821168339372));
#2967=CARTESIAN_POINT('Ctrl Pts',(-0.244454585404509,8.4293629696436,-1.20036026997636));
#2968=CARTESIAN_POINT('Ctrl Pts',(-0.95385351765543,8.47956764662446,-0.604226145261881));
#2969=CARTESIAN_POINT('Ctrl Pts',(-1.03646287732892,8.50863761877729,-0.130261368271257));
#2970=CARTESIAN_POINT('Ctrl Pts',(-1.03572762956637,8.51657288610211,-0.000636742101458223));
#2971=CARTESIAN_POINT('Ctrl Pts',(-1.03531244107941,8.0834271138979,-5.30392258835978E-5));
#2972=CARTESIAN_POINT('Ctrl Pts',(-1.0352318340785,8.09419362725112,0.175994148534075));
#2973=CARTESIAN_POINT('Ctrl Pts',(-0.909117190816152,8.12609484543236,0.697730965644401));
#2974=CARTESIAN_POINT('Ctrl Pts',(-0.082609184616816,8.17913076844161,1.22221953333303));
#2975=CARTESIAN_POINT('Ctrl Pts',(0.980864042465773,8.24253488292565,0.733860776449028));
#2976=CARTESIAN_POINT('Ctrl Pts',(1.14921306296799,8.30593899740969,-0.424211545083976));
#2977=CARTESIAN_POINT('Ctrl Pts',(0.26880444598507,8.36934311189374,-1.19515108699406));
#2978=CARTESIAN_POINT('Ctrl Pts',(-0.78160688145066,8.42850581738981,-0.896804289880565));
#2979=CARTESIAN_POINT('Ctrl Pts',(-1.03481734771012,8.46653381805787,-0.273956541049882));
#2980=CARTESIAN_POINT('Ctrl Pts',(-1.03733294110895,8.48342711389791,0.00091168163375642));
#2981=CARTESIAN_POINT('Origin',(0.,-0.883427113897899,0.));
#2982=CARTESIAN_POINT('',(-1.03752623463154,7.6834271138979,-0.000875410517074821));
#2983=CARTESIAN_POINT('',(-1.03690388375852,7.71657288610211,0.00094025499972151));
#2984=CARTESIAN_POINT('',(-1.037,-0.883427113897899,3.55097107033344E-14));
#2985=CARTESIAN_POINT('Ctrl Pts',(-1.03690388375852,7.71657288610211,0.000940254999721498));
#2986=CARTESIAN_POINT('Ctrl Pts',(-1.03765946507548,7.72168782750778,0.0842529592558207));
#2987=CARTESIAN_POINT('Ctrl Pts',(-0.990440661520609,7.74793747374147,0.51096418237097));
#2988=CARTESIAN_POINT('Ctrl Pts',(-0.401368973688287,7.79532182480317,1.15738856509348));
#2989=CARTESIAN_POINT('Ctrl Pts',(0.753141128412024,7.85872593928722,0.966138543197792));
#2990=CARTESIAN_POINT('Ctrl Pts',(1.22034409132178,7.92213005377125,-0.106797360393781));
#2991=CARTESIAN_POINT('Ctrl Pts',(0.57387616870418,7.9855341682553,-1.08227150188424));
#2992=CARTESIAN_POINT('Ctrl Pts',(-0.596303790168512,8.04893828273935,-1.07007784696056));
#2993=CARTESIAN_POINT('Ctrl Pts',(-1.02756054972428,8.09261785535495,-0.388932428230561));
#2994=CARTESIAN_POINT('Ctrl Pts',(-1.03860373728797,8.11516272314254,-0.0232858023627098));
#2995=CARTESIAN_POINT('Ctrl Pts',(-1.03848893846038,8.11657288610211,-0.000407849180041682));
#2996=CARTESIAN_POINT('Ctrl Pts',(-1.03752623463154,7.6834271138979,-0.000875410517074864));
#2997=CARTESIAN_POINT('Ctrl Pts',(-1.03499598540046,7.70071873161637,0.280338520878821));
#2998=CARTESIAN_POINT('Ctrl Pts',(-0.771745424638181,7.73914505416287,0.909438577238726));
#2999=CARTESIAN_POINT('Ctrl Pts',(0.291189434453049,7.79870608153734,1.18989666628001));
#3000=CARTESIAN_POINT('Ctrl Pts',(1.15697274775155,7.8621101960214,0.40256606950173));
#3001=CARTESIAN_POINT('Ctrl Pts',(0.966917175302458,7.92551431050542,-0.752141326800438));
#3002=CARTESIAN_POINT('Ctrl Pts',(-0.105534944544169,7.98891842498948,-1.22045388085683));
#3003=CARTESIAN_POINT('Ctrl Pts',(-0.91592061667198,8.0415560261203,-0.684599422897064));
#3004=CARTESIAN_POINT('Ctrl Pts',(-1.03539006591414,8.07305892242311,-0.169587120632915));
#3005=CARTESIAN_POINT('Ctrl Pts',(-1.03531244107941,8.0834271138979,-5.30392258835978E-5));
#3006=CARTESIAN_POINT('Origin',(0.,-0.883427113897899,0.));
#3007=CARTESIAN_POINT('',(-1.0380504792913,7.28342711389791,0.000702842011983951));
#3008=CARTESIAN_POINT('',(-1.03538165937947,7.31657288610211,-0.000281677872827531));
#3009=CARTESIAN_POINT('',(-1.037,-0.883427113897899,3.55097107033344E-14));
#3010=CARTESIAN_POINT('Ctrl Pts',(-1.03538165937947,7.31657288610211,-0.00028167787282745));
#3011=CARTESIAN_POINT('Ctrl Pts',(-1.03491726497386,7.32821293187303,0.190017161980589));
#3012=CARTESIAN_POINT('Ctrl Pts',(-0.89359061357568,7.36098768247196,0.726481278279494));
#3013=CARTESIAN_POINT('Ctrl Pts',(-0.0322416688050137,7.41489713789891,
1.22458392662953));
#3014=CARTESIAN_POINT('Ctrl Pts',(1.01023340547241,7.47830125238296,0.692873569180081));
#3015=CARTESIAN_POINT('Ctrl Pts',(1.1307820855917,7.541705366867,-0.471144556516399));
#3016=CARTESIAN_POINT('Ctrl Pts',(0.219393147543834,7.60510948135105,-1.20520204491192));
#3017=CARTESIAN_POINT('Ctrl Pts',(-0.802535803426716,7.66339865442941,-0.868916614251854));
#3018=CARTESIAN_POINT('Ctrl Pts',(-1.03453743750158,7.70055312267977,-0.259991338620763));
#3019=CARTESIAN_POINT('Ctrl Pts',(-1.03690388375852,7.71657288610211,0.000940254999721498));
#3020=CARTESIAN_POINT('Ctrl Pts',(-1.0380504792913,7.28342711389791,0.000702842011983972));
#3021=CARTESIAN_POINT('Ctrl Pts',(-1.03838960089312,7.28610913115361,0.0442633033916855));
#3022=CARTESIAN_POINT('Ctrl Pts',(-1.01614154888554,7.30992585323732,0.430737886021316));
#3023=CARTESIAN_POINT('Ctrl Pts',(-0.531136772998539,7.35487728014904,1.10387458621703));
#3024=CARTESIAN_POINT('Ctrl Pts',(0.637672620752171,7.41828139463309,1.04595363289333));
#3025=CARTESIAN_POINT('Ctrl Pts',(1.22454994071959,7.48168550911713,0.0335084509460528));
#3026=CARTESIAN_POINT('Ctrl Pts',(0.693918270620217,7.54508962360117,-1.00951612569212));
#3027=CARTESIAN_POINT('Ctrl Pts',(-0.469974551276538,7.60849373808523,-1.13126888639396));
#3028=CARTESIAN_POINT('Ctrl Pts',(-1.00452473592609,7.65460623485079,-0.468987237452548));
#3029=CARTESIAN_POINT('Ctrl Pts',(-1.03808858619183,7.67958402678835,-0.0633756145100797));
#3030=CARTESIAN_POINT('Ctrl Pts',(-1.03752623463154,7.6834271138979,-0.000875410517074864));
#3031=CARTESIAN_POINT('Origin',(0.,-0.883427113897899,0.));
#3032=CARTESIAN_POINT('',(-1.03542488272278,6.88342711389791,0.000353921891673228));
#3033=CARTESIAN_POINT('',(-1.03792851831407,6.91657288610211,-0.000755081714667502));
#3034=CARTESIAN_POINT('',(-1.037,-0.883427113897899,3.55097107033344E-14));
#3035=CARTESIAN_POINT('Ctrl Pts',(-1.03792851831407,6.91657288610211,-0.000755081714667602));
#3036=CARTESIAN_POINT('Ctrl Pts',(-1.03550958761163,6.93473803623827,0.294367987656328));
#3037=CARTESIAN_POINT('Ctrl Pts',(-0.749411115493135,6.97403789120245,0.936959267045128));
#3038=CARTESIAN_POINT('Ctrl Pts',(0.339910119851068,7.03447245099466,1.17690544577119));
#3039=CARTESIAN_POINT('Ctrl Pts',(1.17255927101273,7.09787656547869,0.354612568562444));
#3040=CARTESIAN_POINT('Ctrl Pts',(0.935145468283655,7.16128067996274,-0.791295312119457));
#3041=CARTESIAN_POINT('Ctrl Pts',(-0.155670415623415,7.22468479444678,-1.21507696861532));
#3042=CARTESIAN_POINT('Ctrl Pts',(-0.930246579640708,7.27644886315991,-0.655765421867988));
#3043=CARTESIAN_POINT('Ctrl Pts',(-1.03576046085809,7.30707822704502,-0.155506377064542));
#3044=CARTESIAN_POINT('Ctrl Pts',(-1.03538165937947,7.31657288610211,-0.00028167787282745));
#3045=CARTESIAN_POINT('Ctrl Pts',(-1.03542488272278,6.88342711389791,0.000353921891673263));
#3046=CARTESIAN_POINT('Ctrl Pts',(-1.03588752862062,6.89263423551885,0.15086208694479));
#3047=CARTESIAN_POINT('Ctrl Pts',(-0.93478637406642,6.9229760619678,0.646265748682957));
#3048=CARTESIAN_POINT('Ctrl Pts',(-0.172119774826278,6.97445259324479,1.21285619787731));
#3049=CARTESIAN_POINT('Ctrl Pts',(0.924338010346358,7.03785670772882,0.803893410993548));
#3050=CARTESIAN_POINT('Ctrl Pts',(1.1772564655936,7.10126082221288,-0.338692467923254));
#3051=CARTESIAN_POINT('Ctrl Pts',(0.355825365785844,7.16466493669691,-1.17219182845384));
#3052=CARTESIAN_POINT('Ctrl Pts',(-0.741844834408419,7.22538703392526,-0.945956100839311));
#3053=CARTESIAN_POINT('Ctrl Pts',(-1.03571727097421,7.2649744263256,-0.298999772741313));
#3054=CARTESIAN_POINT('Ctrl Pts',(-1.0380504792913,7.28342711389791,0.000702842011983972));
#3055=CARTESIAN_POINT('Origin',(0.,-0.883427113897899,0.));
#3056=CARTESIAN_POINT('',(-1.03676468196137,6.48342711389791,-0.000936503677058907));
#3057=CARTESIAN_POINT('',(-1.03766280021565,6.51657288610211,0.000842407006685675));
#3058=CARTESIAN_POINT('',(-1.037,-0.883427113897899,3.55097107033344E-14));
#3059=CARTESIAN_POINT('Ctrl Pts',(-1.03766280021565,6.51657288610211,0.000842407006685685));
#3060=CARTESIAN_POINT('Ctrl Pts',(-1.03817182189948,6.52012843577551,0.0586466870697517));
#3061=CARTESIAN_POINT('Ctrl Pts',(-1.00751007030602,6.54481869027692,0.459507884450006));
#3062=CARTESIAN_POINT('Ctrl Pts',(-0.48525949077904,6.59064364960635,1.12479711257371));
#3063=CARTESIAN_POINT('Ctrl Pts',(0.680176151209718,6.65404776409039,1.01882565788821));
#3064=CARTESIAN_POINT('Ctrl Pts',(1.22489152810012,6.71745187857444,-0.0169133744000402));
#3065=CARTESIAN_POINT('Ctrl Pts',(0.651786186510345,6.78085599305847,-1.03721747233599));
#3066=CARTESIAN_POINT('Ctrl Pts',(-0.516131092779823,6.84426010754252,-1.11096985238753));
#3067=CARTESIAN_POINT('Ctrl Pts',(-1.0133724312898,6.8894990718904,-0.440203141873265));
#3068=CARTESIAN_POINT('Ctrl Pts',(-1.03832395391261,6.91360333141026,-0.0490004355242334));
#3069=CARTESIAN_POINT('Ctrl Pts',(-1.03792851831407,6.91657288610211,-0.000755081714667602));
#3070=CARTESIAN_POINT('Ctrl Pts',(-1.03676468196137,6.48342711389791,-0.00093650367705902));
#3071=CARTESIAN_POINT('Ctrl Pts',(-1.03447691845444,6.4991593398841,0.255399456526733));
#3072=CARTESIAN_POINT('Ctrl Pts',(-0.809217324499305,6.53602627069831,0.859689966128519));
#3073=CARTESIAN_POINT('Ctrl Pts',(0.203043166267903,6.59402790634051,1.20806409028866));
#3074=CARTESIAN_POINT('Ctrl Pts',(1.12429454401601,6.65743202082457,0.486422811871324));
#3075=CARTESIAN_POINT('Ctrl Pts',(1.01952875522755,6.72083613530861,-0.679121852745915));
#3076=CARTESIAN_POINT('Ctrl Pts',(-0.0156462490184194,6.78424024979265,
-1.22490839188286));
#3077=CARTESIAN_POINT('Ctrl Pts',(-0.888294926904538,6.83843724265576,-0.735928036870964));
#3078=CARTESIAN_POINT('Ctrl Pts',(-1.03482553716516,6.87149953069084,-0.194625436036139));
#3079=CARTESIAN_POINT('Ctrl Pts',(-1.03542488272278,6.88342711389791,0.000353921891673263));
#3080=CARTESIAN_POINT('Origin',(0.,-0.883427113897899,0.));
#3081=CARTESIAN_POINT('',(-1.03855827515118,6.08342711389791,0.000329302520894609));
#3082=CARTESIAN_POINT('',(-1.03532476694163,6.11657288610211,0.000129332637780552));
#3083=CARTESIAN_POINT('',(-1.037,-0.883427113897899,3.55097107033344E-14));
#3084=CARTESIAN_POINT('Ctrl Pts',(-1.03532476694163,6.11657288610211,0.000129332637780529));
#3085=CARTESIAN_POINT('Ctrl Pts',(-1.0355088548678,6.12665354014076,0.164956863472515));
#3086=CARTESIAN_POINT('Ctrl Pts',(-0.920725745308427,6.15786889900741,0.675113149378484));
#3087=CARTESIAN_POINT('Ctrl Pts',(-0.122061753723978,6.21021896270207,1.21891191073155));
#3088=CARTESIAN_POINT('Ctrl Pts',(0.956637280856547,6.27362307718614,0.765173464464635));
#3089=CARTESIAN_POINT('Ctrl Pts',(1.16232107442946,6.33702719167016,-0.386852733973208));
#3090=CARTESIAN_POINT('Ctrl Pts',(0.307285164487702,6.40043130615422,-1.18584195638844));
#3091=CARTESIAN_POINT('Ctrl Pts',(-0.764501466261542,6.46027987096486,-0.918527523256441));
#3092=CARTESIAN_POINT('Ctrl Pts',(-1.03514612291419,6.49899373094749,-0.284950367998521));
#3093=CARTESIAN_POINT('Ctrl Pts',(-1.03766280021565,6.51657288610211,0.000842407006685685));
#3094=CARTESIAN_POINT('Ctrl Pts',(-1.03855827515118,6.08342711389791,0.00032930252089463));
#3095=CARTESIAN_POINT('Ctrl Pts',(-1.0386341490997,6.08454973942133,0.0185391143137315));
#3096=CARTESIAN_POINT('Ctrl Pts',(-1.02995806694712,6.10680706977277,0.37949561121834));
#3097=CARTESIAN_POINT('Ctrl Pts',(-0.610748153235011,6.15019910495222,1.06190021514878));
#3098=CARTESIAN_POINT('Ctrl Pts',(0.559159351246486,6.21360321943625,1.08994779394548));
#3099=CARTESIAN_POINT('Ctrl Pts',(1.21878501164908,6.27700733392031,0.123322621576722));
#3100=CARTESIAN_POINT('Ctrl Pts',(0.766162684257822,6.34041144840435,-0.955845235832583));
#3101=CARTESIAN_POINT('Ctrl Pts',(-0.385650144939392,6.40381556288839,-1.16272066263623));
#3102=CARTESIAN_POINT('Ctrl Pts',(-0.987053887856966,6.45148745138624,-0.52046339781276));
#3103=CARTESIAN_POINT('Ctrl Pts',(-1.03755030466678,6.47802463505608,-0.088962800948373));
#3104=CARTESIAN_POINT('Ctrl Pts',(-1.03676468196137,6.48342711389791,-0.00093650367705902));
#3105=CARTESIAN_POINT('Origin',(0.,-0.883427113897899,0.));
#3106=CARTESIAN_POINT('',(-1.03582187974822,5.68342711389791,0.00069431184521157));
#3107=CARTESIAN_POINT('',(-1.03719158966927,5.71657288610211,-0.000926950842863598));
#3108=CARTESIAN_POINT('',(-1.037,-0.883427113897899,3.55097107033344E-14));
#3109=CARTESIAN_POINT('Ctrl Pts',(-1.03719158966927,5.71657288610211,-0.00092695084286362));
#3110=CARTESIAN_POINT('Ctrl Pts',(-1.03470860525333,5.733178644506,0.269357301608459));
#3111=CARTESIAN_POINT('Ctrl Pts',(-0.788601431965647,5.77091910773791,0.887648236464073));
#3112=CARTESIAN_POINT('Ctrl Pts',(0.252586161620481,5.82979427579783,1.1986849247418));
#3113=CARTESIAN_POINT('Ctrl Pts',(1.1433596750689,5.89319839028187,0.439743074160068));
#3114=CARTESIAN_POINT('Ctrl Pts',(0.990717421367929,5.95660250476592,-0.720502816679775));
#3115=CARTESIAN_POINT('Ctrl Pts',(-0.0660411841560965,6.02000661924995,
-1.22322683090287));
#3116=CARTESIAN_POINT('Ctrl Pts',(-0.904098912881688,6.07333007969535,-0.707202326644429));
#3117=CARTESIAN_POINT('Ctrl Pts',(-1.03512290332467,6.10551883531274,-0.180614088408977));
#3118=CARTESIAN_POINT('Ctrl Pts',(-1.03532476694163,6.11657288610211,0.000129332637780529));
#3119=CARTESIAN_POINT('Ctrl Pts',(-1.03582187974822,5.68342711389791,0.000694311845211605));
#3120=CARTESIAN_POINT('Ctrl Pts',(-1.03659341925859,5.69107484378657,0.125591173784389));
#3121=CARTESIAN_POINT('Ctrl Pts',(-0.957930287842796,5.71985727850326,0.594704803359837));
#3122=CARTESIAN_POINT('Ctrl Pts',(-0.260701327446296,5.76977441804796,1.19694619406251));
#3123=CARTESIAN_POINT('Ctrl Pts',(0.862822789409327,5.833178532532,0.869587377834402));
#3124=CARTESIAN_POINT('Ctrl Pts',(1.1989455990855,5.89658264701605,-0.251346024528947));
#3125=CARTESIAN_POINT('Ctrl Pts',(0.440925621222131,5.95998676150008,-1.14290418240677));
#3126=CARTESIAN_POINT('Ctrl Pts',(-0.698931617030565,6.02226825046071,-0.994143662449489));
#3127=CARTESIAN_POINT('Ctrl Pts',(-1.03720573555251,6.06341503459331,-0.324281344678209));
#3128=CARTESIAN_POINT('Ctrl Pts',(-1.03855827515118,6.08342711389791,0.00032930252089463));
#3129=CARTESIAN_POINT('Origin',(0.,-0.883427113897899,0.));
#3130=CARTESIAN_POINT('',(-1.0360728039508,5.28342711389791,-0.000805057232775158));
#3131=CARTESIAN_POINT('',(-1.03831058536785,5.3165728861021,0.000555544985305755));
#3132=CARTESIAN_POINT('',(-1.037,-0.883427113897899,3.55097107033344E-14));
#3133=CARTESIAN_POINT('Ctrl Pts',(-1.03831058536785,5.3165728861021,0.000555544985305755));
#3134=CARTESIAN_POINT('Ctrl Pts',(-1.03852086939119,5.31856904404323,0.032955170777257));
#3135=CARTESIAN_POINT('Ctrl Pts',(-1.02246567782216,5.34169990681236,0.40818092555533));
#3136=CARTESIAN_POINT('Ctrl Pts',(-0.566530783865021,5.38596547440953,1.08613451688946));
#3137=CARTESIAN_POINT('Ctrl Pts',(0.603539868945142,5.44936958889356,1.0660135761045));
#3138=CARTESIAN_POINT('Ctrl Pts',(1.22282757121728,5.51277370337761,0.0730619525899511));
#3139=CARTESIAN_POINT('Ctrl Pts',(0.72617809629605,5.57617781786165,-0.986565096841186));
#3140=CARTESIAN_POINT('Ctrl Pts',(-0.433172444576433,5.6395819323457,-1.14586515397977));
#3141=CARTESIAN_POINT('Ctrl Pts',(-0.997109755948507,5.68638028842584,-0.491614792930199));
#3142=CARTESIAN_POINT('Ctrl Pts',(-1.03786878267173,5.71204393967798,-0.0746425179890951));
#3143=CARTESIAN_POINT('Ctrl Pts',(-1.03719158966927,5.71657288610211,-0.00092695084286362));
#3144=CARTESIAN_POINT('Ctrl Pts',(-1.0360728039508,5.28342711389791,-0.000805057232775149));
#3145=CARTESIAN_POINT('Ctrl Pts',(-1.03438836294476,5.29759994815182,0.230513734322078));
#3146=CARTESIAN_POINT('Ctrl Pts',(-0.843696723798622,5.33290748723375,0.809297289318688));
#3147=CARTESIAN_POINT('Ctrl Pts',(0.113800961159207,5.3893497311437,1.21971091445975));
#3148=CARTESIAN_POINT('Ctrl Pts',(1.08554789537965,5.45275384562773,0.567654067588529));
#3149=CARTESIAN_POINT('Ctrl Pts',(1.06663737094281,5.51615796011178,-0.602436795457585));
#3150=CARTESIAN_POINT('Ctrl Pts',(0.0743268963936424,5.57956207459582,-1.22275135906099));
#3151=CARTESIAN_POINT('Ctrl Pts',(-0.857940500343736,5.6353184591912,-0.786971324734401));
#3152=CARTESIAN_POINT('Ctrl Pts',(-1.03446124931375,5.66994013895856,-0.219564624008771));
#3153=CARTESIAN_POINT('Ctrl Pts',(-1.03582187974822,5.68342711389791,0.000694311845211605));
#3154=CARTESIAN_POINT('Origin',(0.,-0.883427113897899,0.));
#3155=CARTESIAN_POINT('',(-1.03866642942836,4.88342711389791,-0.000130914325715569));
#3156=CARTESIAN_POINT('',(-1.03556695527254,4.91657288610211,0.000516141917884131));
#3157=CARTESIAN_POINT('',(-1.037,-0.883427113897899,3.55097107033344E-14));
#3158=CARTESIAN_POINT('Ctrl Pts',(-1.03556695527254,4.91657288610211,0.000516141917884204));
#3159=CARTESIAN_POINT('Ctrl Pts',(-1.03619642972347,4.92509414840848,0.139764801043881));
#3160=CARTESIAN_POINT('Ctrl Pts',(-0.945269753449004,4.95475011554286,0.623594371648815));
#3161=CARTESIAN_POINT('Ctrl Pts',(-0.21122300313719,5.00554078750525,1.20666074801127));
#3162=CARTESIAN_POINT('Ctrl Pts',(0.897877651187958,5.0689449019893,0.833343291412733));
#3163=CARTESIAN_POINT('Ctrl Pts',(1.18758636905695,5.13234901647335,-0.300472850479936));
#3164=CARTESIAN_POINT('Ctrl Pts',(0.393518590915572,5.19575313095739,-1.16008121976405));
#3165=CARTESIAN_POINT('Ctrl Pts',(-0.723363412569585,5.25716108750031,-0.967281203309825));
#3166=CARTESIAN_POINT('Ctrl Pts',(-1.0362944469866,5.29743433921521,-0.310082077700774));
#3167=CARTESIAN_POINT('Ctrl Pts',(-1.03831058536785,5.3165728861021,0.000555544985305755));
#3168=CARTESIAN_POINT('Ctrl Pts',(-1.03866642942836,4.88342711389791,-0.000130914325715635));
#3169=CARTESIAN_POINT('Ctrl Pts',(-1.03806778456058,4.90412505251707,0.335511305483179));
#3170=CARTESIAN_POINT('Ctrl Pts',(-0.679039883474289,4.94595769596424,1.01497854631437));
#3171=CARTESIAN_POINT('Ctrl Pts',(0.477627986997907,5.00892504423944,1.12805889901606));
#3172=CARTESIAN_POINT('Ctrl Pts',(1.20644162039252,5.07232915872347,0.212471151448074));
#3173=CARTESIAN_POINT('Ctrl Pts',(0.83427169077406,5.13573327320752,-0.897015116698705));
#3174=CARTESIAN_POINT('Ctrl Pts',(-0.299244169806665,5.19913738769156,-1.18789658659739));
#3175=CARTESIAN_POINT('Ctrl Pts',(-0.967340232828339,5.24836866792169,-0.572018974410438));
#3176=CARTESIAN_POINT('Ctrl Pts',(-1.03690022209905,5.27646524332381,-0.114431693889251));
#3177=CARTESIAN_POINT('Ctrl Pts',(-1.0360728039508,5.28342711389791,-0.000805057232775149));
#3178=CARTESIAN_POINT('Origin',(0.,-0.883427113897899,0.));
#3179=CARTESIAN_POINT('',(-1.03644407133192,4.48342711389791,0.000901019662262331));
#3180=CARTESIAN_POINT('',(-1.03644405207354,4.5165728861021,-0.000901019645330584));
#3181=CARTESIAN_POINT('',(-1.037,-0.883427113897899,3.55097107033344E-14));
#3182=CARTESIAN_POINT('Ctrl Pts',(-1.03644405207354,4.5165728861021,-0.000901019645330511));
#3183=CARTESIAN_POINT('Ctrl Pts',(-1.03439051688742,4.53161925277372,0.244452573804955));
#3184=CARTESIAN_POINT('Ctrl Pts',(-0.824744905772966,4.56780032427336,0.837595443591992));
#3185=CARTESIAN_POINT('Ctrl Pts',(0.163898855063401,4.625116100601,1.21399443291735));
#3186=CARTESIAN_POINT('Ctrl Pts',(1.10798872953271,4.68852021508504,0.522500041219051));
#3187=CARTESIAN_POINT('Ctrl Pts',(1.04094192022087,4.75192432956909,-0.645821365837575));
#3188=CARTESIAN_POINT('Ctrl Pts',(0.0239445083746334,4.81532844405313,-1.22477425608318));
#3189=CARTESIAN_POINT('Ctrl Pts',(-0.875287181905585,4.8702112962308,-0.758420771228281));
#3190=CARTESIAN_POINT('Ctrl Pts',(-1.03463518724099,4.90395944358046,-0.205604136387432));
#3191=CARTESIAN_POINT('Ctrl Pts',(-1.03556695527254,4.91657288610211,0.000516141917884204));
#3192=CARTESIAN_POINT('Ctrl Pts',(-1.03644407133192,4.48342711389791,0.000901019662262236));
#3193=CARTESIAN_POINT('Ctrl Pts',(-1.0372750105968,4.4895154520543,0.100180513853104));
#3194=CARTESIAN_POINT('Ctrl Pts',(-0.978666276782838,4.51673849503871,0.543132183875826));
#3195=CARTESIAN_POINT('Ctrl Pts',(-0.347875729662067,4.56509624285113,1.17457560434613));
#3196=CARTESIAN_POINT('Ctrl Pts',(0.796650432857277,4.62850035733517,0.930587696803109));
#3197=CARTESIAN_POINT('Ctrl Pts',(1.21416335477096,4.69190447181921,-0.162642926511835));
#3198=CARTESIAN_POINT('Ctrl Pts',(0.523645955266589,4.75530858630326,-1.10744764532954));
#3199=CARTESIAN_POINT('Ctrl Pts',(-0.644744206451685,4.8187127007873,-1.04160946705567));
#3200=CARTESIAN_POINT('Ctrl Pts',(-1.03540939693321,4.86141887665219,-0.357009247450079));
#3201=CARTESIAN_POINT('Ctrl Pts',(-1.03867906198342,4.88299034768906,-0.00721360901209264));
#3202=CARTESIAN_POINT('Ctrl Pts',(-1.03866642942836,4.88342711389791,-0.000130914325715635));
#3203=CARTESIAN_POINT('Origin',(0.,-0.883427113897899,0.));
#3204=CARTESIAN_POINT('',(-1.03556697451462,4.08342711389791,-0.000516141927299762));
#3205=CARTESIAN_POINT('',(-1.03866641012869,4.11657288610211,0.000130914323427357));
#3206=CARTESIAN_POINT('',(-1.037,-0.883427113897899,3.55097107033344E-14));
#3207=CARTESIAN_POINT('Ctrl Pts',(-1.03866641012869,4.11657288610211,0.000130914323427213));
#3208=CARTESIAN_POINT('Ctrl Pts',(-1.03867904268352,4.11700965231096,0.00721360887813566));
#3209=CARTESIAN_POINT('Ctrl Pts',(-1.03540937769404,4.13858112334782,0.357009240816434));
#3210=CARTESIAN_POINT('Ctrl Pts',(-0.644744194471609,4.18128729921269,1.04160944770128));
#3211=CARTESIAN_POINT('Ctrl Pts',(0.523645945536568,4.24469141369674,1.10744762475186));
#3212=CARTESIAN_POINT('Ctrl Pts',(1.21416333221034,4.30809552818078,0.162642923489787));
#3213=CARTESIAN_POINT('Ctrl Pts',(0.796650418054596,4.37149964266483,-0.930587679511634));
#3214=CARTESIAN_POINT('Ctrl Pts',(-0.347875723198064,4.43490375714887,-1.17457558252112));
#3215=CARTESIAN_POINT('Ctrl Pts',(-0.978666258598082,4.48326150496129,-0.543132173783758));
#3216=CARTESIAN_POINT('Ctrl Pts',(-1.037274991323,4.51048454794571,-0.100180511991519));
#3217=CARTESIAN_POINT('Ctrl Pts',(-1.03644405207354,4.5165728861021,-0.000901019645330511));
#3218=CARTESIAN_POINT('Ctrl Pts',(-1.03556697451462,4.08342711389791,-0.000516141927299762));
#3219=CARTESIAN_POINT('Ctrl Pts',(-1.03463520646572,4.09604055641955,0.205604140207906));
#3220=CARTESIAN_POINT('Ctrl Pts',(-0.875287198169432,4.1297887037692,0.75842078532065));
#3221=CARTESIAN_POINT('Ctrl Pts',(0.0239445088194962,4.18467155594687,1.22477427884096));
#3222=CARTESIAN_POINT('Ctrl Pts',(1.04094193956279,4.24807567043091,0.645821377837759));
#3223=CARTESIAN_POINT('Ctrl Pts',(1.10798875012049,4.31147978491495,-0.52250005092768));
#3224=CARTESIAN_POINT('Ctrl Pts',(0.163898858108893,4.374883899399,-1.21399445547482));
#3225=CARTESIAN_POINT('Ctrl Pts',(-0.824744921097764,4.43219967572665,-0.837595459155528));
#3226=CARTESIAN_POINT('Ctrl Pts',(-1.03439053610769,4.46838074722629,-0.244452578347065));
#3227=CARTESIAN_POINT('Ctrl Pts',(-1.03644407133192,4.48342711389791,0.000901019662262236));
#3228=CARTESIAN_POINT('Origin',(0.,-0.883427113897899,0.));
#3229=CARTESIAN_POINT('',(-1.03831060466091,3.68342711389791,-0.000555544995498921));
#3230=CARTESIAN_POINT('',(-1.03607278469933,3.7165728861021,0.000805057217961915));
#3231=CARTESIAN_POINT('',(-1.037,-0.883427113897899,3.55097107033344E-14));
#3232=CARTESIAN_POINT('Ctrl Pts',(-1.03607278469933,3.7165728861021,0.000805057217961843));
#3233=CARTESIAN_POINT('Ctrl Pts',(-1.03690020283218,3.7235347566762,0.114431691763054));
#3234=CARTESIAN_POINT('Ctrl Pts',(-0.967340214853968,3.75163133207831,0.572018963781644));
#3235=CARTESIAN_POINT('Ctrl Pts',(-0.299244164246402,3.80086261230844,1.18789656452483));
#3236=CARTESIAN_POINT('Ctrl Pts',(0.834271675272249,3.86426672679247,0.897015100031125));
#3237=CARTESIAN_POINT('Ctrl Pts',(1.2064415979754,3.92767084127652,-0.212471147500052));
#3238=CARTESIAN_POINT('Ctrl Pts',(0.477627978123054,3.99107495576057,-1.12805887805535));
#3239=CARTESIAN_POINT('Ctrl Pts',(-0.679039870856938,4.05404230403575,-1.01497852745487));
#3240=CARTESIAN_POINT('Ctrl Pts',(-1.03806776527208,4.09587494748294,-0.335511299248895));
#3241=CARTESIAN_POINT('Ctrl Pts',(-1.03866641012869,4.11657288610211,0.000130914323427213));
#3242=CARTESIAN_POINT('Ctrl Pts',(-1.03831060466091,3.68342711389791,-0.000555544995498886));
#3243=CARTESIAN_POINT('Ctrl Pts',(-1.03629446624216,3.70256566078479,0.310082083462543));
#3244=CARTESIAN_POINT('Ctrl Pts',(-0.723363426010524,3.74283891249969,0.967281221283051));
#3245=CARTESIAN_POINT('Ctrl Pts',(0.393518598227567,3.80424686904261,1.16008124131977));
#3246=CARTESIAN_POINT('Ctrl Pts',(1.18758639112372,3.86765098352666,0.300472856063136));
#3247=CARTESIAN_POINT('Ctrl Pts',(0.897877667871641,3.93105509801069,-0.833343306897213));
#3248=CARTESIAN_POINT('Ctrl Pts',(-0.211223007061912,3.99445921249474,-1.20666077043249));
#3249=CARTESIAN_POINT('Ctrl Pts',(-0.94526977101329,4.04524988445714,-0.623594383235939));
#3250=CARTESIAN_POINT('Ctrl Pts',(-1.03619644897727,4.07490585159153,-0.139764803640778));
#3251=CARTESIAN_POINT('Ctrl Pts',(-1.03556697451462,4.08342711389791,-0.000516141927299762));
#3252=CARTESIAN_POINT('Origin',(0.,-0.883427113897899,0.));
#3253=CARTESIAN_POINT('',(-1.03719160894154,3.2834271138979,0.000926950860261622));
#3254=CARTESIAN_POINT('',(-1.0358218605014,3.3165728861021,-0.000694311832164735));
#3255=CARTESIAN_POINT('',(-1.037,-0.883427113897899,3.55097107033344E-14));
#3256=CARTESIAN_POINT('Ctrl Pts',(-1.0358218605014,3.3165728861021,-0.00069431183216468));
#3257=CARTESIAN_POINT('Ctrl Pts',(-1.03446123009219,3.33005986104144,0.219564619929079));
#3258=CARTESIAN_POINT('Ctrl Pts',(-0.85794048440214,3.3646815408088,0.78697131011152));
#3259=CARTESIAN_POINT('Ctrl Pts',(0.0743268950125049,3.42043792540418,1.2227513363408));
#3260=CARTESIAN_POINT('Ctrl Pts',(1.06663735112338,3.48384203988822,0.602436784263633));
#3261=CARTESIAN_POINT('Ctrl Pts',(1.0855478752089,3.54724615437226,-0.567654057040786));
#3262=CARTESIAN_POINT('Ctrl Pts',(0.113800959044703,3.61065026885631,-1.21971089179605));
#3263=CARTESIAN_POINT('Ctrl Pts',(-0.843696708121753,3.66709251276625,-0.809297274280981));
#3264=CARTESIAN_POINT('Ctrl Pts',(-1.03438834372461,3.70240005184818,-0.230513730038773));
#3265=CARTESIAN_POINT('Ctrl Pts',(-1.03607278469933,3.7165728861021,0.000805057217961843));
#3266=CARTESIAN_POINT('Ctrl Pts',(-1.03719160894154,3.2834271138979,0.0009269508602617));
#3267=CARTESIAN_POINT('Ctrl Pts',(-1.03786880195657,3.28795606032202,0.0746425193761431));
#3268=CARTESIAN_POINT('Ctrl Pts',(-0.997109774475973,3.31361971157415,0.491614802065011));
#3269=CARTESIAN_POINT('Ctrl Pts',(-0.433172452625348,3.36041806765431,1.14586517527131));
#3270=CARTESIAN_POINT('Ctrl Pts',(0.726178109789267,3.42382218213834,0.986565115172783));
#3271=CARTESIAN_POINT('Ctrl Pts',(1.22282759393889,3.48722629662239,-0.0730619539474754));
#3272=CARTESIAN_POINT('Ctrl Pts',(0.603539880159686,3.55063041110644,-1.06601359591228));
#3273=CARTESIAN_POINT('Ctrl Pts',(-0.566530794391795,3.61403452559048,-1.08613453707117));
#3274=CARTESIAN_POINT('Ctrl Pts',(-1.02246569682082,3.65830009318764,-0.408180933139812));
#3275=CARTESIAN_POINT('Ctrl Pts',(-1.03852088868816,3.68143095595678,-0.0329551713895329));
#3276=CARTESIAN_POINT('Ctrl Pts',(-1.03831060466091,3.68342711389791,-0.000555544995498886));
#3277=CARTESIAN_POINT('Origin',(0.,-0.883427113897899,0.));
#3278=CARTESIAN_POINT('',(-1.03532478617921,2.8834271138979,-0.000129332640015495));
#3279=CARTESIAN_POINT('',(-1.03855825585352,2.9165728861021,-0.000329302514594872));
#3280=CARTESIAN_POINT('',(-1.037,-0.883427113897899,3.55097107033344E-14));
#3281=CARTESIAN_POINT('Ctrl Pts',(-1.03855825585352,2.9165728861021,-0.000329302514594809));
#3282=CARTESIAN_POINT('Ctrl Pts',(-1.03720571627992,2.93658496540669,0.324281338652778));
#3283=CARTESIAN_POINT('Ctrl Pts',(-0.698931604043534,2.97773174953929,0.994143643977085));
#3284=CARTESIAN_POINT('Ctrl Pts',(0.440925613029152,3.04001323849992,1.14290416117025));
#3285=CARTESIAN_POINT('Ctrl Pts',(1.19894557680764,3.10341735298395,0.251346019858689));
#3286=CARTESIAN_POINT('Ctrl Pts',(0.862822773377081,3.166821467468,-0.869587361676385));
#3287=CARTESIAN_POINT('Ctrl Pts',(-0.260701322602098,3.23022558195204,-1.19694617182183));
#3288=CARTESIAN_POINT('Ctrl Pts',(-0.957930270043328,3.28014272149674,-0.594704792309502));
#3289=CARTESIAN_POINT('Ctrl Pts',(-1.03659339999746,3.30892515621343,-0.125591171450672));
#3290=CARTESIAN_POINT('Ctrl Pts',(-1.0358218605014,3.3165728861021,-0.00069431183216468));
#3291=CARTESIAN_POINT('Ctrl Pts',(-1.03532478617921,2.8834271138979,-0.000129332640015564));
#3292=CARTESIAN_POINT('Ctrl Pts',(-1.03512292255847,2.89448116468727,0.180614091765101));
#3293=CARTESIAN_POINT('Ctrl Pts',(-0.904098929680897,2.92666992030465,0.707202339785101));
#3294=CARTESIAN_POINT('Ctrl Pts',(-0.066041185383277,2.97999338075005,1.22322685363189));
#3295=CARTESIAN_POINT('Ctrl Pts',(0.990717439776616,3.04339749523408,0.72050283006763));
#3296=CARTESIAN_POINT('Ctrl Pts',(1.14335969631392,3.10680160971814,-0.439743082330973));
#3297=CARTESIAN_POINT('Ctrl Pts',(0.252586166313885,3.17020572420216,-1.19868494701479));
#3298=CARTESIAN_POINT('Ctrl Pts',(-0.788601446618848,3.22908089226211,-0.887648252957655));
#3299=CARTESIAN_POINT('Ctrl Pts',(-1.03470862447951,3.26682135549401,-0.26935730661334));
#3300=CARTESIAN_POINT('Ctrl Pts',(-1.03719160894154,3.2834271138979,0.0009269508602617));
#3301=CARTESIAN_POINT('Origin',(0.,-0.883427113897899,0.));
#3302=CARTESIAN_POINT('',(-1.03766281949667,2.4834271138979,-0.000842407022186298));
#3303=CARTESIAN_POINT('',(-1.03676466269704,2.5165728861021,0.000936503659810162));
#3304=CARTESIAN_POINT('',(-1.037,-0.883427113897899,3.55097107033344E-14));
#3305=CARTESIAN_POINT('Ctrl Pts',(-1.03676466269704,2.5165728861021,0.000936503659810231));
#3306=CARTESIAN_POINT('Ctrl Pts',(-1.03755028538783,2.52197536494392,0.0889627992954257));
#3307=CARTESIAN_POINT('Ctrl Pts',(-0.98705386951629,2.54851254861376,0.52046338814194));
#3308=CARTESIAN_POINT('Ctrl Pts',(-0.385650137773593,2.59618443711161,1.16272064103147));
#3309=CARTESIAN_POINT('Ctrl Pts',(0.766162670021562,2.65958855159565,0.95584521807186));
#3310=CARTESIAN_POINT('Ctrl Pts',(1.21878498900259,2.7229926660797,-0.123322619285195));
#3311=CARTESIAN_POINT('Ctrl Pts',(0.559159340856674,2.78639678056374,-1.08994777369292));
#3312=CARTESIAN_POINT('Ctrl Pts',(-0.610748141886532,2.84980089504778,-1.06190019541742));
#3313=CARTESIAN_POINT('Ctrl Pts',(-1.02995804780929,2.89319293022724,-0.379495604166825));
#3314=CARTESIAN_POINT('Ctrl Pts',(-1.03863412980064,2.91545026057868,-0.0185391139691473));
#3315=CARTESIAN_POINT('Ctrl Pts',(-1.03855825585352,2.9165728861021,-0.000329302514594809));
#3316=CARTESIAN_POINT('Ctrl Pts',(-1.03766281949667,2.4834271138979,-0.000842407022186298));
#3317=CARTESIAN_POINT('Ctrl Pts',(-1.03514614214841,2.50100626905252,0.284950373293328));
#3318=CARTESIAN_POINT('Ctrl Pts',(-0.764501480466867,2.53972012903514,0.91852754032377));
#3319=CARTESIAN_POINT('Ctrl Pts',(0.307285170197376,2.59956869384578,1.18584197842282));
#3320=CARTESIAN_POINT('Ctrl Pts',(1.16232109602677,2.66297280832983,0.386852741161448));
#3321=CARTESIAN_POINT('Ctrl Pts',(0.956637298632053,2.72637692281387,-0.765173478682434));
#3322=CARTESIAN_POINT('Ctrl Pts',(-0.122061755991979,2.78978103729791,-1.2189119333804));
#3323=CARTESIAN_POINT('Ctrl Pts',(-0.920725762416653,2.84213110099259,-0.675113161922894));
#3324=CARTESIAN_POINT('Ctrl Pts',(-1.03550887410883,2.87334645985925,-0.164956866537515));
#3325=CARTESIAN_POINT('Ctrl Pts',(-1.03532478617921,2.8834271138979,-0.000129332640015564));
#3326=CARTESIAN_POINT('Origin',(0.,-0.883427113897899,0.));
#3327=CARTESIAN_POINT('',(-1.03792853760003,2.0834271138979,0.000755081728879281));
#3328=CARTESIAN_POINT('',(-1.03542486348334,2.1165728861021,-0.000353921884914027));
#3329=CARTESIAN_POINT('',(-1.037,-0.883427113897899,3.55097107033344E-14));
#3330=CARTESIAN_POINT('Ctrl Pts',(-1.03542486348334,2.1165728861021,-0.000353921884914035));
#3331=CARTESIAN_POINT('Ctrl Pts',(-1.03482551793683,2.12850046930917,0.194625432419873));
#3332=CARTESIAN_POINT('Ctrl Pts',(-0.888294910398906,2.16156275734425,0.735928023196545));
#3333=CARTESIAN_POINT('Ctrl Pts',(-0.0156462487277393,2.21575975020735,
1.22490836912259));
#3334=CARTESIAN_POINT('Ctrl Pts',(1.01952873628345,2.27916386469139,0.679121840127054));
#3335=CARTESIAN_POINT('Ctrl Pts',(1.12429452312528,2.34256797917543,-0.48642280283296));
#3336=CARTESIAN_POINT('Ctrl Pts',(0.203043162495161,2.40597209365948,-1.20806406784137));
#3337=CARTESIAN_POINT('Ctrl Pts',(-0.809217309463109,2.4639737293017,-0.859689950154454));
#3338=CARTESIAN_POINT('Ctrl Pts',(-1.03447689923266,2.50084066011591,-0.255399451781015));
#3339=CARTESIAN_POINT('Ctrl Pts',(-1.03676466269704,2.5165728861021,0.000936503659810231));
#3340=CARTESIAN_POINT('Ctrl Pts',(-1.03792853760003,2.0834271138979,0.000755081728879203));
#3341=CARTESIAN_POINT('Ctrl Pts',(-1.03832397320591,2.08639666858975,0.0490004364348257));
#3342=CARTESIAN_POINT('Ctrl Pts',(-1.01337245011945,2.1105009281096,0.440203150052794));
#3343=CARTESIAN_POINT('Ctrl Pts',(-0.516131102370209,2.15573989245748,1.11096987303066));
#3344=CARTESIAN_POINT('Ctrl Pts',(0.651786198621268,2.21914400694152,1.03721749160877));
#3345=CARTESIAN_POINT('Ctrl Pts',(1.22489155086008,2.28254812142556,0.0169133747143662));
#3346=CARTESIAN_POINT('Ctrl Pts',(0.680176163848254,2.34595223590961,-1.01882567681918));
#3347=CARTESIAN_POINT('Ctrl Pts',(-0.485259499795694,2.40935635039365,-1.12479713347382));
#3348=CARTESIAN_POINT('Ctrl Pts',(-1.00751008902679,2.45518130972308,-0.4595078929882));
#3349=CARTESIAN_POINT('Ctrl Pts',(-1.03817184118997,2.4798715642245,-0.0586466881593917));
#3350=CARTESIAN_POINT('Ctrl Pts',(-1.03766281949667,2.4834271138979,-0.000842407022186298));
#3351=CARTESIAN_POINT('Origin',(0.,-0.883427113897899,0.));
#3352=CARTESIAN_POINT('',(-1.03538167861809,1.6834271138979,0.00028167787818438));
#3353=CARTESIAN_POINT('',(-1.03805046000307,1.7165728861021,-0.000702841998740964));
#3354=CARTESIAN_POINT('',(-1.037,-0.883427113897899,3.55097107033344E-14));
#3355=CARTESIAN_POINT('Ctrl Pts',(-1.03805046000307,1.7165728861021,-0.00070284199874092));
#3356=CARTESIAN_POINT('Ctrl Pts',(-1.03571725172928,1.73502557367441,0.298999767185656));
#3357=CARTESIAN_POINT('Ctrl Pts',(-0.741844820624014,1.77461296607474,0.945956083262272));
#3358=CARTESIAN_POINT('Ctrl Pts',(0.355825359174139,1.83533506330309,1.17219180667314));
#3359=CARTESIAN_POINT('Ctrl Pts',(1.17725644371874,1.89873917778713,0.338692461629977));
#3360=CARTESIAN_POINT('Ctrl Pts',(0.924337993171078,1.96214329227117,-0.803893396056204));
#3361=CARTESIAN_POINT('Ctrl Pts',(-0.172119771628041,2.02554740675522,-1.21285617534099));
#3362=CARTESIAN_POINT('Ctrl Pts',(-0.934786356697009,2.07702393803219,-0.646265736674548));
#3363=CARTESIAN_POINT('Ctrl Pts',(-1.03588750937261,2.10736576448116,-0.150862084141483));
#3364=CARTESIAN_POINT('Ctrl Pts',(-1.03542486348334,2.1165728861021,-0.000353921884914035));
#3365=CARTESIAN_POINT('Ctrl Pts',(-1.03538167861809,1.6834271138979,0.000281677878184294));
#3366=CARTESIAN_POINT('Ctrl Pts',(-1.03576048010374,1.69292177295499,0.155506379954122));
#3367=CARTESIAN_POINT('Ctrl Pts',(-0.930246596925824,1.7235511368401,0.655765434053023));
#3368=CARTESIAN_POINT('Ctrl Pts',(-0.155670418515972,1.77531520555322,1.21507699119281));
#3369=CARTESIAN_POINT('Ctrl Pts',(0.935145485659723,1.83871932003726,0.791295326822766));
#3370=CARTESIAN_POINT('Ctrl Pts',(1.17255929280032,1.9021234345213,-0.354612575151544));
#3371=CARTESIAN_POINT('Ctrl Pts',(0.339910126167052,1.96552754900535,-1.17690546763948));
#3372=CARTESIAN_POINT('Ctrl Pts',(-0.749411129418133,2.02596210879755,-0.936959284454977));
#3373=CARTESIAN_POINT('Ctrl Pts',(-1.0355096068527,2.06526196376173,-0.294367993125934));
#3374=CARTESIAN_POINT('Ctrl Pts',(-1.03792853760003,2.0834271138979,0.000755081728879203));
#3375=CARTESIAN_POINT('Origin',(0.,-0.883427113897899,0.));
#3376=CARTESIAN_POINT('',(-1.036903903024,1.2834271138979,-0.000940255020583994));
#3377=CARTESIAN_POINT('',(-1.03752621535303,1.3165728861021,0.000875410501117255));
#3378=CARTESIAN_POINT('',(-1.037,-0.883427113897899,3.55097107033344E-14));
#3379=CARTESIAN_POINT('Ctrl Pts',(-1.03752621535303,1.3165728861021,0.000875410501117386));
#3380=CARTESIAN_POINT('Ctrl Pts',(-1.03808856690284,1.32041597321165,0.0633756133328896));
#3381=CARTESIAN_POINT('Ctrl Pts',(-1.0045247172606,1.34539376514921,0.468987228739359));
#3382=CARTESIAN_POINT('Ctrl Pts',(-0.469974542544069,1.39150626191478,1.13126886537251));
#3383=CARTESIAN_POINT('Ctrl Pts',(0.69391825772644,1.45491037639882,1.00951610693472));
#3384=CARTESIAN_POINT('Ctrl Pts',(1.22454991796593,1.51831449088287,-0.0335084503237078));
#3385=CARTESIAN_POINT('Ctrl Pts',(0.637672608903515,1.58171860536691,-1.04595361345805));
#3386=CARTESIAN_POINT('Ctrl Pts',(-0.531136763129353,1.64512271985095,-1.10387456570583));
#3387=CARTESIAN_POINT('Ctrl Pts',(-1.01614153000443,1.69007414676269,-0.430737878017654));
#3388=CARTESIAN_POINT('Ctrl Pts',(-1.0383895815986,1.7138908688464,-0.0442633025691057));
#3389=CARTESIAN_POINT('Ctrl Pts',(-1.03805046000307,1.7165728861021,-0.00070284199874092));
#3390=CARTESIAN_POINT('Ctrl Pts',(-1.036903903024,1.2834271138979,-0.000940255020584089));
#3391=CARTESIAN_POINT('Ctrl Pts',(-1.03453745672333,1.29944687732024,0.259991343448909));
#3392=CARTESIAN_POINT('Ctrl Pts',(-0.802535818341034,1.33660134557059,0.868916630402737));
#3393=CARTESIAN_POINT('Ctrl Pts',(0.219393151621807,1.39489051864896,1.20520206730265));
#3394=CARTESIAN_POINT('Ctrl Pts',(1.13078210660217,1.458294633133,0.471144565272736));
#3395=CARTESIAN_POINT('Ctrl Pts',(1.01023342424423,1.52169874761704,-0.692873582055475));
#3396=CARTESIAN_POINT('Ctrl Pts',(-0.032241669404293,1.58510286210109,-1.22458394938322));
#3397=CARTESIAN_POINT('Ctrl Pts',(-0.893590630179627,1.63901231752804,-0.726481291778564));
#3398=CARTESIAN_POINT('Ctrl Pts',(-1.03491728420386,1.67178706812698,-0.190017165511327));
#3399=CARTESIAN_POINT('Ctrl Pts',(-1.03538167861809,1.6834271138979,0.000281677878184294));
#3400=CARTESIAN_POINT('Origin',(0.,-0.883427113897899,0.));
#3401=CARTESIAN_POINT('',(-1.0384889577245,0.883427113897903,0.000407849101070612));
#3402=CARTESIAN_POINT('',(-1.03531242184704,0.916572886102101,5.30392033515298E-5));
#3403=CARTESIAN_POINT('',(-1.037,-0.883427113897899,3.55097107033344E-14));
#3404=CARTESIAN_POINT('Ctrl Pts',(-1.03531242184704,0.916572886102101,5.30392033515521E-5));
#3405=CARTESIAN_POINT('Ctrl Pts',(-1.0353900466772,0.926941077576893,0.169587117474849));
#3406=CARTESIAN_POINT('Ctrl Pts',(-0.915920599642313,0.958443973879701,
0.6845994102275));
#3407=CARTESIAN_POINT('Ctrl Pts',(-0.105534942591016,1.01108157501052,1.22045385814065));
#3408=CARTESIAN_POINT('Ctrl Pts',(0.9669171573401,1.07448568949457,0.752141312846255));
#3409=CARTESIAN_POINT('Ctrl Pts',(1.1569727262514,1.13788980397861,-0.402566062033413));
#3410=CARTESIAN_POINT('Ctrl Pts',(0.291189429043631,1.20129391846265,-1.18989664416372));
#3411=CARTESIAN_POINT('Ctrl Pts',(-0.771745410298769,1.26085494583715,-0.909438560343282));
#3412=CARTESIAN_POINT('Ctrl Pts',(-1.03499596616911,1.29928126838363,-0.280338515670202));
#3413=CARTESIAN_POINT('Ctrl Pts',(-1.03752621535303,1.3165728861021,0.000875410501117386));
#3414=CARTESIAN_POINT('Ctrl Pts',(-1.0384889577245,0.883427113897903,0.000407849101070742));
#3415=CARTESIAN_POINT('Ctrl Pts',(-1.03860375655173,0.884837276857472,0.023285802701338));
#3416=CARTESIAN_POINT('Ctrl Pts',(-1.02756056874864,0.907382144645055,0.388932435260303));
#3417=CARTESIAN_POINT('Ctrl Pts',(-0.596303801326979,0.951061717260651,
1.07007786705774));
#3418=CARTESIAN_POINT('Ctrl Pts',(0.573876179412442,1.0144658317447,1.08227152187502));
#3419=CARTESIAN_POINT('Ctrl Pts',(1.22034411397158,1.07786994622874,0.10679736244444));
#3420=CARTESIAN_POINT('Ctrl Pts',(0.753141142420883,1.14127406071278,-0.966138561186442));
#3421=CARTESIAN_POINT('Ctrl Pts',(-0.401368981154363,1.20467817519683,-1.15738858657891));
#3422=CARTESIAN_POINT('Ctrl Pts',(-0.990440679922833,1.25206252625853,-0.510964191868531));
#3423=CARTESIAN_POINT('Ctrl Pts',(-1.03765948435491,1.27831217249223,-0.084252960824992));
#3424=CARTESIAN_POINT('Ctrl Pts',(-1.036903903024,1.2834271138979,-0.000940255020584089));
#3425=CARTESIAN_POINT('Origin',(0.,-0.883427113897899,0.));
#3426=CARTESIAN_POINT('',(-1.03572764890419,0.483427113897903,0.000636743598015077));
#3427=CARTESIAN_POINT('',(-1.03733292220328,0.516572886102101,-0.000911682817871414));
#3428=CARTESIAN_POINT('',(-1.037,-0.883427113897899,3.55097107033344E-14));
#3429=CARTESIAN_POINT('Ctrl Pts',(-1.03733292220328,0.516572886102101,-0.000911682817871457));
#3430=CARTESIAN_POINT('Ctrl Pts',(-1.03481732882597,0.53346618194214,0.27395653491019));
#3431=CARTESIAN_POINT('Ctrl Pts',(-0.781606866373386,0.571494182610192,
0.896804275142306));
#3432=CARTESIAN_POINT('Ctrl Pts',(0.268804440659607,0.63065688810626,1.19515106355711));
#3433=CARTESIAN_POINT('Ctrl Pts',(1.14921304179129,0.694061002590304,0.424211537900151));
#3434=CARTESIAN_POINT('Ctrl Pts',(0.980864024145378,0.757465117074345,-0.733860763207705));
#3435=CARTESIAN_POINT('Ctrl Pts',(-0.0826091830310615,0.820869231558393,
-1.22221951040066));
#3436=CARTESIAN_POINT('Ctrl Pts',(-0.909117173938098,0.87390515456764,-0.697730952747496));
#3437=CARTESIAN_POINT('Ctrl Pts',(-1.03523181485087,0.905806372748878,-0.175994145300723));
#3438=CARTESIAN_POINT('Ctrl Pts',(-1.03531242184704,0.916572886102101,5.30392033515521E-5));
#3439=CARTESIAN_POINT('Ctrl Pts',(-1.03572764890419,0.483427113897903,0.000636743598015077));
#3440=CARTESIAN_POINT('Ctrl Pts',(-1.03646289627401,0.491362381222718,0.130261370233046));
#3441=CARTESIAN_POINT('Ctrl Pts',(-0.953853533662551,0.520432353375548,
0.604226148832079));
#3442=CARTESIAN_POINT('Ctrl Pts',(-0.24445459165028,0.570637030356391,1.20036029885416));
#3443=CARTESIAN_POINT('Ctrl Pts',(0.874523488940936,0.634041144840436,0.85782118051552));
#3444=CARTESIAN_POINT('Ctrl Pts',(1.1954312727361,0.697445259324478,-0.267570355876734));
#3445=CARTESIAN_POINT('Ctrl Pts',(0.425398695309351,0.760849373808522,-1.14877234513786));
#3446=CARTESIAN_POINT('Ctrl Pts',(-0.70708458985019,0.822843325332997,-0.985340884749336));
#3447=CARTESIAN_POINT('Ctrl Pts',(-1.03688321828936,0.863702572029457,-0.319595701262296));
#3448=CARTESIAN_POINT('Ctrl Pts',(-1.0384889577245,0.883427113897903,0.000407849101070742));
#3449=CARTESIAN_POINT('Origin',(0.,-0.883427113897899,0.));
#3450=CARTESIAN_POINT('',(-1.03594812401455,0.083427113897903,-0.00127384344749314));
#3451=CARTESIAN_POINT('',(-1.03820950651335,0.116572886102101,0.000582050183324731));
#3452=CARTESIAN_POINT('',(-1.037,-0.883427113897899,3.55097107033344E-14));
#3453=CARTESIAN_POINT('',(-0.266919504593914,0.,-1.00205936853429));
#3454=CARTESIAN_POINT('Ctrl Pts',(-0.266919504593914,0.,-1.00205936853429));
#3455=CARTESIAN_POINT('Ctrl Pts',(-0.599586347399585,0.0211347048280145,
-0.913446586033796));
#3456=CARTESIAN_POINT('Ctrl Pts',(-0.97094683403336,0.0489437427939822,
-0.562836285977819));
#3457=CARTESIAN_POINT('Ctrl Pts',(-1.03676205712762,0.0767527807599499,
-0.110212305901234));
#3458=CARTESIAN_POINT('Ctrl Pts',(-1.03594812401455,0.083427113897903,-0.00127384344749308));
#3459=CARTESIAN_POINT('',(0.267624854414002,8.89629655934505E-20,-1.00371016738424));
#3460=CARTESIAN_POINT('Origin',(0.,0.,0.));
#3461=CARTESIAN_POINT('Ctrl Pts',(0.267628490352323,6.30192512757199E-17,
-1.00371867692465));
#3462=CARTESIAN_POINT('Ctrl Pts',(-0.04632069882104,0.0200066192499564,
-1.08608214572332));
#3463=CARTESIAN_POINT('Ctrl Pts',(-0.739765106264115,0.0588642479506567,
-0.939550020594165));
#3464=CARTESIAN_POINT('Ctrl Pts',(-1.03603595169436,0.097721876651357,-0.305391512720374));
#3465=CARTESIAN_POINT('Ctrl Pts',(-1.03820950651335,0.116572886102101,0.000582050183324649));
#3466=CARTESIAN_POINT('Origin',(-1.14174682452682,0.125,-1.23653810567673));
#3467=CARTESIAN_POINT('',(-0.855662432702469,0.,-1.48205080756886));
#3468=CARTESIAN_POINT('',(-1.71132486540532,0.,2.5951463200613E-14));
#3469=CARTESIAN_POINT('',(-1.03349364905377,0.,-1.17403810567671));
#3470=CARTESIAN_POINT('',(-2.00000000000015,0.25,1.77635683940025E-14));
#3471=CARTESIAN_POINT('',(-1.71132486540532,0.,2.60208521396521E-14));
#3472=CARTESIAN_POINT('',(-0.999999999999854,0.25,-1.73205080756886));
#3473=CARTESIAN_POINT('',(-1.24999999999987,0.25,-1.29903810567674));
#3474=CARTESIAN_POINT('',(-0.999999999999854,0.25,-1.73205080756886));
#3475=CARTESIAN_POINT('Origin',(-1.64174682452702,0.125,0.37051270189229));
#3476=CARTESIAN_POINT('',(-0.855662432702606,0.,1.48205080756886));
#3477=CARTESIAN_POINT('',(-1.53349364905397,0.,0.308012701892282));
#3478=CARTESIAN_POINT('',(-1.,0.25,1.73205080756886));
#3479=CARTESIAN_POINT('',(-0.855662432702606,0.,1.48205080756886));
#3480=CARTESIAN_POINT('',(-1.75000000000007,0.25,0.433012701892298));
#3481=CARTESIAN_POINT('Origin',(-0.5,0.125,1.60705080756886));
#3482=CARTESIAN_POINT('',(1.,0.25,1.73205080756886));
#3483=CARTESIAN_POINT('',(-0.5,0.25,1.73205080756886));
#3484=CARTESIAN_POINT('',(0.855662432702605,0.,1.48205080756886));
#3485=CARTESIAN_POINT('',(-0.5,0.,1.48205080756886));
#3486=CARTESIAN_POINT('',(0.855662432702605,0.,1.48205080756886));
#3487=CARTESIAN_POINT('Origin',(1.14174682452695,0.125,1.23653810567671));
#3488=CARTESIAN_POINT('',(2.00000000000015,0.25,1.76768322202037E-14));
#3489=CARTESIAN_POINT('',(1.25,0.25,1.29903810567672));
#3490=CARTESIAN_POINT('',(1.71132486540533,0.,7.49400541621981E-15));
#3491=CARTESIAN_POINT('',(1.0334936490539,0.,1.1740381056767));
#3492=CARTESIAN_POINT('',(1.71132486540533,0.,7.35522753814166E-15));
#3493=CARTESIAN_POINT('Origin',(1.64174682452707,0.125,-0.37051270189224));
#3494=CARTESIAN_POINT('',(1.00000000000015,0.25,-1.73205080756886));
#3495=CARTESIAN_POINT('',(1.75000000000012,0.25,-0.43301270189224));
#3496=CARTESIAN_POINT('',(0.85566243270274,0.,-1.48205080756886));
#3497=CARTESIAN_POINT('',(1.53349364905401,0.,-0.30801270189224));
#3498=CARTESIAN_POINT('',(0.85566243270274,0.,-1.48205080756886));
#3499=CARTESIAN_POINT('Origin',(0.500000000000073,0.125,-1.60705080756886));
#3500=CARTESIAN_POINT('',(0.500000000000073,0.25,-1.73205080756886));
#3501=CARTESIAN_POINT('',(0.500000000000073,0.,-1.48205080756886));
#3502=CARTESIAN_POINT('Origin',(2.00000000000015,0.,1.76768322202037E-14));
#3503=CARTESIAN_POINT('',(1.00000000000015,4.,-1.73205080756886));
#3504=CARTESIAN_POINT('',(1.00000000000015,0.,-1.73205080756886));
#3505=CARTESIAN_POINT('',(2.00000000000015,4.,1.77635683940025E-14));
#3506=CARTESIAN_POINT('Ctrl Pts',(1.00000000000018,4.00000000000004,-1.7320508075688));
#3507=CARTESIAN_POINT('Ctrl Pts',(1.05980091586543,3.88039816826956,-1.62847258295103));
#3508=CARTESIAN_POINT('Ctrl Pts',(1.1301981595016,3.78800391005097,-1.50654098026039));
#3509=CARTESIAN_POINT('Ctrl Pts',(1.26039421170856,3.67916333782591,-1.28103480289304));
#3510=CARTESIAN_POINT('Ctrl Pts',(1.31536180536764,3.64836108732142,-1.18582813790572));
#3511=CARTESIAN_POINT('Ctrl Pts',(1.39530125111607,3.62195004898229,-1.04736895634053));
#3512=CARTESIAN_POINT('Ctrl Pts',(1.41952558227731,3.61627940020245,-1.00541118398989));
#3513=CARTESIAN_POINT('Ctrl Pts',(1.46028592726778,3.61051744657054,-0.934812195532365));
#3514=CARTESIAN_POINT('Ctrl Pts',(1.47680375053669,3.60921625479656,-0.90620248640017));
#3515=CARTESIAN_POINT('Ctrl Pts',(1.50909157178275,3.60867560140346,-0.850278339536294));
#3516=CARTESIAN_POINT('Ctrl Pts',(1.52487339403807,3.60934577624929,-0.82294342155405));
#3517=CARTESIAN_POINT('Ctrl Pts',(1.56147332120925,3.61307696262632,-0.75955048814025));
#3518=CARTESIAN_POINT('Ctrl Pts',(1.58229140509603,3.61684345921483,-0.723492509132124));
#3519=CARTESIAN_POINT('Ctrl Pts',(1.6452737192632,3.63334053830555,-0.614403941016321));
#3520=CARTESIAN_POINT('Ctrl Pts',(1.6871669336819,3.65135179467625,-0.541842765150741));
#3521=CARTESIAN_POINT('Ctrl Pts',(1.81242535908072,3.72875355982574,-0.324888808283913));
#3522=CARTESIAN_POINT('Ctrl Pts',(1.89104290017087,3.81119340239174,-0.188719232749644));
#3523=CARTESIAN_POINT('Ctrl Pts',(1.97323625585273,3.94877995960191,-0.0463561646640871));
#3524=CARTESIAN_POINT('Ctrl Pts',(1.98689804891199,3.97379044082498,-0.0226932449629583));
#3525=CARTESIAN_POINT('Ctrl Pts',(2.,4.,-2.34234173441004E-13));
#3526=CARTESIAN_POINT('',(2.00000000000015,0.,1.76768322202037E-14));
#3527=CARTESIAN_POINT('Origin',(1.00000000000015,0.,-1.73205080756886));
#3528=CARTESIAN_POINT('',(-0.999999999999854,4.,-1.73205080756886));
#3529=CARTESIAN_POINT('',(-0.999999999999854,0.,-1.73205080756886));
#3530=CARTESIAN_POINT('Ctrl Pts',(-1.00000000000003,4.,-1.73205080756886));
#3531=CARTESIAN_POINT('Ctrl Pts',(-0.88045795497626,3.88043214778064,-1.73205080756886));
#3532=CARTESIAN_POINT('Ctrl Pts',(-0.739734558514588,3.7880620353434,-1.73205080756886));
#3533=CARTESIAN_POINT('Ctrl Pts',(-0.479381371446832,3.67920018415091,-1.73205080756886));
#3534=CARTESIAN_POINT('Ctrl Pts',(-0.369410483127495,3.6483815112438,-1.73205080756886));
#3535=CARTESIAN_POINT('Ctrl Pts',(-0.209486218764794,3.62195717940937,-1.73205080756886));
#3536=CARTESIAN_POINT('Ctrl Pts',(-0.161024717441629,3.61628366367287,-1.73205080756886));
#3537=CARTESIAN_POINT('Ctrl Pts',(-0.079488121010184,3.61051897928352,-1.73205080756886));
#3538=CARTESIAN_POINT('Ctrl Pts',(-0.0464491023639868,3.60921702982602,
-1.73205080756886));
#3539=CARTESIAN_POINT('Ctrl Pts',(0.0181281366978434,3.60867532452886,-1.73205080756886));
#3540=CARTESIAN_POINT('Ctrl Pts',(0.0496900251801061,3.60934489313366,-1.73205080756886));
#3541=CARTESIAN_POINT('Ctrl Pts',(0.122879224107097,3.6130742235704,-1.73205080756886));
#3542=CARTESIAN_POINT('Ctrl Pts',(0.164506334291556,3.6168388980841,-1.73205080756886));
#3543=CARTESIAN_POINT('Ctrl Pts',(0.290434420626573,3.63332757835083,-1.73205080756886));
#3544=CARTESIAN_POINT('Ctrl Pts',(0.374191597693571,3.65132861126956,-1.73205080756886));
#3545=CARTESIAN_POINT('Ctrl Pts',(0.624722937667964,3.72871281782425,-1.73205080756886));
#3546=CARTESIAN_POINT('Ctrl Pts',(0.782002914308074,3.81116318571686,-1.73205080756886));
#3547=CARTESIAN_POINT('Ctrl Pts',(0.946444955198952,3.94876478535653,-1.73205080756886));
#3548=CARTESIAN_POINT('Ctrl Pts',(0.973782504243166,3.97378250424313,-1.73205080756886));
#3549=CARTESIAN_POINT('Ctrl Pts',(1.00000000000007,4.00000000000004,-1.73205080756886));
#3550=CARTESIAN_POINT('Origin',(-0.999999999999854,0.,-1.73205080756886));
#3551=CARTESIAN_POINT('',(-2.00000000000015,4.,1.77635683940025E-14));
#3552=CARTESIAN_POINT('',(-2.00000000000015,0.,1.77635683940025E-14));
#3553=CARTESIAN_POINT('Ctrl Pts',(-2.,4.,-2.34916253116779E-13));
#3554=CARTESIAN_POINT('Ctrl Pts',(-1.940231184969,3.88043656369556,-0.103522624342081));
#3555=CARTESIAN_POINT('Ctrl Pts',(-1.86986099662387,3.78807087800696,-0.225407365894011));
#3556=CARTESIAN_POINT('Ctrl Pts',(-1.73968326054542,3.67920980111456,-0.450881818796113));
#3557=CARTESIAN_POINT('Ctrl Pts',(-1.68469331411631,3.64838676038167,-0.54612719991679));
#3558=CARTESIAN_POINT('Ctrl Pts',(-1.6047275884072,3.62196113650477,-0.684631899709048));
#3559=CARTESIAN_POINT('Ctrl Pts',(-1.58049865100407,3.61628795008605,-0.726597650304665));
#3560=CARTESIAN_POINT('Ctrl Pts',(-1.53973352274689,3.61052369092878,-0.797204923623128));
#3561=CARTESIAN_POINT('Ctrl Pts',(-1.52321556006995,3.60922186305608,-0.825814874217119));
#3562=CARTESIAN_POINT('Ctrl Pts',(-1.49092944622753,3.60868019987423,-0.881736063771119));
#3563=CARTESIAN_POINT('Ctrl Pts',(-1.47514955466532,3.60934975410456,-0.909067637694787));
#3564=CARTESIAN_POINT('Ctrl Pts',(-1.43855592121753,3.61307899791893,-0.972449670059886));
#3565=CARTESIAN_POINT('Ctrl Pts',(-1.41774232377237,3.61684375497532,-1.00849987832319));
#3566=CARTESIAN_POINT('Ctrl Pts',(-1.35477472897304,3.63333338508304,-1.117562951746));
#3567=CARTESIAN_POINT('Ctrl Pts',(-1.31289225326275,3.65133631661954,-1.19010552762297));
#3568=CARTESIAN_POINT('Ctrl Pts',(-1.1876367888939,3.72871388980022,-1.4070543558354));
#3569=CARTESIAN_POINT('Ctrl Pts',(-1.10900050082707,3.81114730594402,-1.54325640208573));
#3570=CARTESIAN_POINT('Ctrl Pts',(-1.02678588761,3.94874055605595,-1.68565628930228));
#3571=CARTESIAN_POINT('Ctrl Pts',(-1.01311242947773,3.97376947952085,-1.70933941350252));
#3572=CARTESIAN_POINT('Ctrl Pts',(-0.999999999999767,4.,-1.73205080756901));
#3573=CARTESIAN_POINT('Origin',(2.77555756156289E-16,0.,0.));
#3574=CARTESIAN_POINT('Ctrl Pts',(-0.266919504593914,0.,-1.00205936853429));
#3575=CARTESIAN_POINT('Ctrl Pts',(-0.308406059948602,-1.9239210655809E-17,
-0.986146517585224));
#3576=CARTESIAN_POINT('Ctrl Pts',(-0.348618348009589,1.46253550425375E-16,
-0.967411127592471));
#3577=CARTESIAN_POINT('Ctrl Pts',(-0.38738724835379,1.02348685082632E-16,
-0.946104993856186));
#3578=CARTESIAN_POINT('Ctrl Pts',(-0.426534171510528,5.80157178197004E-17,
-0.92459111100843));
#3579=CARTESIAN_POINT('Ctrl Pts',(-0.464210225299416,-3.13225860347741E-17,
-0.900455069162463));
#3580=CARTESIAN_POINT('Ctrl Pts',(-0.50020596778442,-1.11022302462516E-16,
-0.873915897515579));
#3581=CARTESIAN_POINT('Ctrl Pts',(-0.524298428262262,-1.6436645195271E-16,
-0.856152853892195));
#3582=CARTESIAN_POINT('Ctrl Pts',(-0.547637393605873,-1.70200863971224E-16,
-0.837312443893037));
#3583=CARTESIAN_POINT('Ctrl Pts',(-0.570148662071863,-1.66533453693773E-16,
-0.817453930859987));
#3584=CARTESIAN_POINT('Ctrl Pts',(-0.57892317616474,-1.65103958807136E-16,
-0.809713416249033));
#3585=CARTESIAN_POINT('Ctrl Pts',(-0.587571828993437,-2.37025367417187E-16,
-0.801818180176837));
#3586=CARTESIAN_POINT('Ctrl Pts',(-0.59608979137546,-2.53269627492614E-16,
-0.793771606413176));
#3587=CARTESIAN_POINT('Ctrl Pts',(-0.602424245720261,-2.65349808080172E-16,
-0.787787704177876));
#3588=CARTESIAN_POINT('Ctrl Pts',(-0.608680340954582,-1.74660980105876E-16,
-0.781725800440985));
#3589=CARTESIAN_POINT('Ctrl Pts',(-0.614853571383946,-1.6306400674182E-16,
-0.775590723847502));
#3590=CARTESIAN_POINT('Ctrl Pts',(-0.645655594888107,-1.05199611394193E-16,
-0.744979073173755));
#3591=CARTESIAN_POINT('Ctrl Pts',(-0.674423532457969,2.07839056935262E-16,
-0.712523953492346));
#3592=CARTESIAN_POINT('Ctrl Pts',(-0.700967200207724,1.2490009027033E-16,
-0.678434469359158));
#3593=CARTESIAN_POINT('Ctrl Pts',(-0.726789729973702,4.42144082592468E-17,
-0.645271127840759));
#3594=CARTESIAN_POINT('Ctrl Pts',(-0.750507586441474,2.9260532154742E-17,
-0.610559988498262));
#3595=CARTESIAN_POINT('Ctrl Pts',(-0.771900450024464,2.08166817117217E-17,
-0.57447674867518));
#3596=CARTESIAN_POINT('Ctrl Pts',(-0.786163692608061,1.51869217339979E-17,
-0.550419006204088));
#3597=CARTESIAN_POINT('Ctrl Pts',(-0.799392478857457,1.91371305814331E-16,
-0.525751009808847));
#3598=CARTESIAN_POINT('Ctrl Pts',(-0.811508618330703,2.56739074444567E-16,
-0.500523767332092));
#3599=CARTESIAN_POINT('Ctrl Pts',(-0.815839850666122,2.80106500497281E-16,
-0.491505626810514));
#3600=CARTESIAN_POINT('Ctrl Pts',(-0.820029582702568,-2.29745349309436E-16,
-0.482413825352777));
#3601=CARTESIAN_POINT('Ctrl Pts',(-0.82406521872174,-2.08166817117217E-16,
-0.473271613841296));
#3602=CARTESIAN_POINT('Ctrl Pts',(-0.840446527341183,-1.20576015142994E-16,
-0.436161877600877));
#3603=CARTESIAN_POINT('Ctrl Pts',(-0.854328890865747,-7.74865932470891E-17,
-0.39815025054661));
#3604=CARTESIAN_POINT('Ctrl Pts',(-0.865522866584261,-4.16333634234434E-17,
-0.359403870288186));
#3605=CARTESIAN_POINT('Ctrl Pts',(-0.872367344005411,-1.97111591794791E-17,
-0.335712669637157));
#3606=CARTESIAN_POINT('Ctrl Pts',(-0.878205801697973,-1.71531361301501E-16,
-0.311746539272989));
#3607=CARTESIAN_POINT('Ctrl Pts',(-0.882985262733619,-1.80411241501588E-16,
-0.287543082996369));
#3608=CARTESIAN_POINT('Ctrl Pts',(-0.890003570375816,-1.78757974919582E-16,
-0.252001983092662));
#3609=CARTESIAN_POINT('Ctrl Pts',(-0.894739337435767,-9.44212419548052E-18,
-0.215948318080889));
#3610=CARTESIAN_POINT('Ctrl Pts',(-0.897226837027153,-4.16333634234434E-17,
-0.179591042280626));
#3611=CARTESIAN_POINT('Ctrl Pts',(-0.898036174094333,-5.21071593733426E-17,
-0.167761777637239));
#3612=CARTESIAN_POINT('Ctrl Pts',(-0.89860728969088,4.40197979436736E-17,
-0.155900468625004));
#3613=CARTESIAN_POINT('Ctrl Pts',(-0.8989407544455,4.16333634234434E-17,
-0.144014650418193));
#3614=CARTESIAN_POINT('Ctrl Pts',(-0.899173798893958,3.99655850185587E-17,
-0.135708153524329));
#3615=CARTESIAN_POINT('Ctrl Pts',(-0.899290485956525,1.19268540131112E-16,
-0.127398798720697));
#3616=CARTESIAN_POINT('Ctrl Pts',(-0.899291772593466,1.11022302462516E-16,
-0.119092190299849));
#3617=CARTESIAN_POINT('Ctrl Pts',(-0.899298033679557,7.0894118427374E-17,
-0.0786702276041794));
#3618=CARTESIAN_POINT('Ctrl Pts',(-0.896576398163047,2.58764650849012E-16,
-0.0382878508430609));
#3619=CARTESIAN_POINT('Ctrl Pts',(-0.891215607719731,1.94289029309402E-16,
0.00177067516321507));
#3620=CARTESIAN_POINT('Ctrl Pts',(-0.885899491315244,1.30350714058979E-16,
0.0414953742525148));
#3621=CARTESIAN_POINT('Ctrl Pts',(-0.877987390930083,2.2247469185857E-16,
0.0809027986690986));
#3622=CARTESIAN_POINT('Ctrl Pts',(-0.86752073038102,2.08166817117217E-16,
0.119693021954603));
#3623=CARTESIAN_POINT('Ctrl Pts',(-0.861585920449795,2.00053960422223E-16,
0.141687869433422));
#3624=CARTESIAN_POINT('Ctrl Pts',(-0.854829018743224,1.93230075122097E-17,
0.163483765234313));
#3625=CARTESIAN_POINT('Ctrl Pts',(-0.847252198923632,4.16333634234434E-17,
0.185020564926394));
#3626=CARTESIAN_POINT('Ctrl Pts',(-0.844094513005855,5.09313404585231E-17,
0.19399615768443));
#3627=CARTESIAN_POINT('Ctrl Pts',(-0.840793837624121,-3.30385171128333E-17,
0.202927682677292));
#3628=CARTESIAN_POINT('Ctrl Pts',(-0.837356740164852,-2.77555756156289E-17,
0.211794747522981));
#3629=CARTESIAN_POINT('Ctrl Pts',(-0.823429671951065,-6.3491745830959E-18,
0.247723963504032));
#3630=CARTESIAN_POINT('Ctrl Pts',(-0.807244646019245,-1.35868049011584E-17,
0.282659786008841));
#3631=CARTESIAN_POINT('Ctrl Pts',(-0.788840964414143,-1.2490009027033E-16,
0.316324050131125));
#3632=CARTESIAN_POINT('Ctrl Pts',(-0.776893796250222,-1.97161639221244E-16,
0.338177972254625));
#3633=CARTESIAN_POINT('Ctrl Pts',(-0.764010854476847,-3.55708570700044E-18,
0.359495412023496));
#3634=CARTESIAN_POINT('Ctrl Pts',(-0.750195672408452,-4.16333634234434E-17,
0.380190796024293));
#3635=CARTESIAN_POINT('Ctrl Pts',(-0.74465840466428,-5.68947290264156E-17,
0.388485719805502));
#3636=CARTESIAN_POINT('Ctrl Pts',(-0.738970810745946,4.3725847298741E-16,
0.396681028128512));
#3637=CARTESIAN_POINT('Ctrl Pts',(-0.733142441836905,3.88578058618805E-16,
0.40475844004502));
#3638=CARTESIAN_POINT('Ctrl Pts',(-0.711736635563602,2.09789870097999E-16,
0.434424289508704));
#3639=CARTESIAN_POINT('Ctrl Pts',(-0.68840618826967,-1.07093569746851E-16,
0.462546253345582));
#3640=CARTESIAN_POINT('Ctrl Pts',(-0.663172783316607,-4.16333634234434E-17,
0.488857021280612));
#3641=CARTESIAN_POINT('Ctrl Pts',(-0.654329083212795,-1.86911392355205E-17,
0.498078311136309));
#3642=CARTESIAN_POINT('Ctrl Pts',(-0.645251397819719,-1.26378697800769E-17,
0.507076733847935));
#3643=CARTESIAN_POINT('Ctrl Pts',(-0.635939948375281,-5.55111512312578E-17,
0.515839412518937));
#3644=CARTESIAN_POINT('Ctrl Pts',(-0.625385669586137,-1.04756978481941E-16,
0.525771674320421));
#3645=CARTESIAN_POINT('Ctrl Pts',(-0.614531036205115,-1.08096807774356E-16,
0.535401068828978));
#3646=CARTESIAN_POINT('Ctrl Pts',(-0.603391875650876,-1.11022302462516E-16,
0.544720722838505));
#3647=CARTESIAN_POINT('Ctrl Pts',(0.602219404176703,-8.32667268468867E-16,
0.543933855567987));
#3648=CARTESIAN_POINT('Ctrl Pts',(0.63028256540542,-8.32667268468867E-16,
0.520241083770097));
#3649=CARTESIAN_POINT('Ctrl Pts',(0.656472145201287,-9.01580124142858E-16,
0.494603057564038));
#3650=CARTESIAN_POINT('Ctrl Pts',(0.680774581893227,-9.35015953551499E-16,
0.467319779721159));
#3651=CARTESIAN_POINT('Ctrl Pts',(0.70575518784004,-9.69384823206415E-16,
0.439275151054091));
#3652=CARTESIAN_POINT('Ctrl Pts',(0.728742543724408,-8.61470322564836E-16,
0.409491555181882));
#3653=CARTESIAN_POINT('Ctrl Pts',(0.749698450673787,-8.91647866652079E-16,
0.378242581483683));
#3654=CARTESIAN_POINT('Ctrl Pts',(0.765121341031212,-9.13857592761198E-16,
0.355244316779915));
#3655=CARTESIAN_POINT('Ctrl Pts',(0.779443450226559,-7.71451097006431E-16,
0.331451161012805));
#3656=CARTESIAN_POINT('Ctrl Pts',(0.792638444456477,-7.70217223333702E-16,
0.306958153954095));
#3657=CARTESIAN_POINT('Ctrl Pts',(0.797657357560809,-7.69747901056084E-16,
0.297641872950143));
#3658=CARTESIAN_POINT('Ctrl Pts',(0.802514941440676,-8.50014503228635E-16,
0.288220061415526));
#3659=CARTESIAN_POINT('Ctrl Pts',(0.807196833528972,-8.50014503228635E-16,
0.278724204508758));
#3660=CARTESIAN_POINT('Ctrl Pts',(0.824502415823623,-8.50014503228635E-16,
0.243624862178946));
#3661=CARTESIAN_POINT('Ctrl Pts',(0.839444923362314,-8.28763905999203E-16,
0.207456978339552));
#3662=CARTESIAN_POINT('Ctrl Pts',(0.851991219823676,-8.46545056276682E-16,
0.170514687787966));
#3663=CARTESIAN_POINT('Ctrl Pts',(0.863118699521723,-8.62315398491208E-16,
0.137750071601977));
#3664=CARTESIAN_POINT('Ctrl Pts',(0.872361184261443,-9.32519609604066E-16,
0.104375121914625));
#3665=CARTESIAN_POINT('Ctrl Pts',(0.879672803147004,-9.36750677027476E-16,
0.0705714805233271));
#3666=CARTESIAN_POINT('Ctrl Pts',(0.885156517311175,-9.39923977595033E-16,
0.0452187494798537));
#3667=CARTESIAN_POINT('Ctrl Pts',(0.889553708714919,-8.11227635929878E-16,
0.0196243746050023));
#3668=CARTESIAN_POINT('Ctrl Pts',(0.892835403344227,-7.91033905045424E-16,
-0.00614015601233128));
#3669=CARTESIAN_POINT('Ctrl Pts',(0.893899979517878,-7.84483092984881E-16,
-0.0144981260609564));
#3670=CARTESIAN_POINT('Ctrl Pts',(0.894847284834573,-9.92074662199861E-16,
-0.0228759648932367));
#3671=CARTESIAN_POINT('Ctrl Pts',(0.895675522458278,-9.92261828258734E-16,
-0.031265144305407));
#3672=CARTESIAN_POINT('Ctrl Pts',(0.899736123877633,-9.93179447481239E-16,
-0.0723947825315732));
#3673=CARTESIAN_POINT('Ctrl Pts',(0.900921629703315,-7.88219485912498E-16,
-0.113613805907586));
#3674=CARTESIAN_POINT('Ctrl Pts',(0.899178396017444,-8.39606162372775E-16,
-0.154619297002186));
#3675=CARTESIAN_POINT('Ctrl Pts',(0.897988960427997,-8.7466809486101E-16,
-0.182597984464436));
#3676=CARTESIAN_POINT('Ctrl Pts',(0.895435241136361,-8.10339731913975E-16,
-0.210478082572323));
#3677=CARTESIAN_POINT('Ctrl Pts',(0.891487686128877,-7.7715611723761E-16,
-0.238169490728507));
#3678=CARTESIAN_POINT('Ctrl Pts',(0.885788895068777,-7.14921685948795E-16,
-0.27814551359402));
#3679=CARTESIAN_POINT('Ctrl Pts',(0.877187953775946,-8.51516299999028E-16,
-0.317728777896513));
#3680=CARTESIAN_POINT('Ctrl Pts',(0.865884409710222,-8.46545056276682E-16,
-0.356728787319993));
#3681=CARTESIAN_POINT('Ctrl Pts',(0.863763765304295,-8.45612407177515E-16,
-0.364045532522571));
#3682=CARTESIAN_POINT('Ctrl Pts',(0.861547522827839,-8.16924182462719E-16,
-0.371342749468698));
#3683=CARTESIAN_POINT('Ctrl Pts',(0.859237788330191,-8.18789480661053E-16,
-0.378616032493363));
#3684=CARTESIAN_POINT('Ctrl Pts',(0.846788657763018,-8.28843164684657E-16,
-0.417817962463342));
#3685=CARTESIAN_POINT('Ctrl Pts',(0.831690257774411,-8.79038706951394E-16,
-0.456130413548967));
#3686=CARTESIAN_POINT('Ctrl Pts',(0.814196729918538,-8.88178419700125E-16,
-0.493361752844835));
#3687=CARTESIAN_POINT('Ctrl Pts',(0.796213279810527,-8.97574098466153E-16,
-0.531635789860008));
#3688=CARTESIAN_POINT('Ctrl Pts',(0.775698396337308,-7.79821527844035E-16,
-0.568768299557942));
#3689=CARTESIAN_POINT('Ctrl Pts',(0.752872127462554,-6.66133814775094E-16,
-0.604551448376381));
#3690=CARTESIAN_POINT('Ctrl Pts',(0.73980194796444,-6.01036937808721E-16,
-0.625040656692944));
#3691=CARTESIAN_POINT('Ctrl Pts',(0.725972947794395,-6.26872355984922E-16,
-0.645087386057266));
#3692=CARTESIAN_POINT('Ctrl Pts',(0.711419115215197,-5.96744875736022E-16,
-0.664650675867059));
#3693=CARTESIAN_POINT('Ctrl Pts',(0.704360590765912,-5.82133222429239E-16,
-0.67413875803919));
#3694=CARTESIAN_POINT('Ctrl Pts',(0.697131496807243,-8.17876252329379E-16,
-0.683513095213587));
#3695=CARTESIAN_POINT('Ctrl Pts',(0.689735307222801,-8.18789480661053E-16,
-0.692768804717497));
#3696=CARTESIAN_POINT('Ctrl Pts',(0.683657371932716,-8.19539940427074E-16,
-0.700374829791127));
#3697=CARTESIAN_POINT('Ctrl Pts',(0.677465769421616,-7.11674571972074E-16,
-0.707901509153784));
#3698=CARTESIAN_POINT('Ctrl Pts',(0.67117388017898,-7.21644966006352E-16,
-0.715332991583048));
#3699=CARTESIAN_POINT('Ctrl Pts',(0.642482695936589,-7.67110231076225E-16,
-0.749220751419522));
#3700=CARTESIAN_POINT('Ctrl Pts',(0.611659627255561,-7.65612466511731E-16,
-0.781195221831316));
#3701=CARTESIAN_POINT('Ctrl Pts',(0.578935780050245,-7.91033905045424E-16,
-0.811026752306832));
#3702=CARTESIAN_POINT('Ctrl Pts',(0.557530768207861,-8.07662334748389E-16,
-0.830539869425932));
#3703=CARTESIAN_POINT('Ctrl Pts',(0.535311379907225,-5.94956343545111E-16,
-0.849135901508579));
#3704=CARTESIAN_POINT('Ctrl Pts',(0.512331593954092,-5.41233724504764E-16,
-0.866745035271794));
#3705=CARTESIAN_POINT('Ctrl Pts',(0.501488349905174,-5.15884164226455E-16,
-0.875054082852742));
#3706=CARTESIAN_POINT('Ctrl Pts',(0.490472480062373,-6.18016285291676E-16,
-0.883145309799466));
#3707=CARTESIAN_POINT('Ctrl Pts',(0.479311566641048,-6.10622663543836E-16,
-0.890995861510985));
#3708=CARTESIAN_POINT('Ctrl Pts',(0.442484965351019,-5.86226635197558E-16,
-0.916899578068311));
#3709=CARTESIAN_POINT('Ctrl Pts',(0.404039826210061,-4.24192166347527E-16,
-0.940219965676555));
#3710=CARTESIAN_POINT('Ctrl Pts',(0.364190497374379,0.,-0.960713130655078));
#3711=CARTESIAN_POINT('Ctrl Pts',(0.349153049502449,1.60072146144154E-16,
-0.968446382609361));
#3712=CARTESIAN_POINT('Ctrl Pts',(0.333915221293666,-8.54341540971492E-17,
-0.975776731903679));
#3713=CARTESIAN_POINT('Ctrl Pts',(0.318487107617034,-2.77555756156289E-17,
-0.982689746455765));
#3714=CARTESIAN_POINT('Ctrl Pts',(0.301751483016944,6.31781583744608E-17,
-0.990188629263059));
#3715=CARTESIAN_POINT('Ctrl Pts',(0.284791958059353,7.38919033461603E-17,
-0.997196474612493));
#3716=CARTESIAN_POINT('Ctrl Pts',(0.267628490352324,8.32667268468867E-17,
-1.00371867692465));
#3717=CARTESIAN_POINT('Origin',(0.,-0.883427113897899,0.));
#3718=CARTESIAN_POINT('Ctrl Pts',(-1.03820950651335,0.116572886102101,0.000582050183324653));
#3719=CARTESIAN_POINT('Ctrl Pts',(-1.03847282064012,0.118856581479371,0.0376490525099602));
#3720=CARTESIAN_POINT('Ctrl Pts',(-1.01986927479384,0.142274981684656,0.417504405337999));
#3721=CARTESIAN_POINT('Ctrl Pts',(-0.551755442152386,0.186828086717956,
1.09383606514769));
#3722=CARTESIAN_POINT('Ctrl Pts',(0.617924804253459,0.250232201202,1.05767214928046));
#3723=CARTESIAN_POINT('Ctrl Pts',(1.22370715418671,0.313636315686042,0.0565213389420609));
#3724=CARTESIAN_POINT('Ctrl Pts',(0.712743008136116,0.377040430170087,-0.996332183082828));
#3725=CARTESIAN_POINT('Ctrl Pts',(-0.448658018960434,0.440444544654129,
-1.13988104821753));
#3726=CARTESIAN_POINT('Ctrl Pts',(-1.00026925825336,0.486955363298135,-0.482126929147196));
#3727=CARTESIAN_POINT('Ctrl Pts',(-1.03796451360271,0.512331477114125,-0.0699229959577026));
#3728=CARTESIAN_POINT('Ctrl Pts',(-1.03733292220328,0.516572886102101,-0.000911682817871457));
#3729=CARTESIAN_POINT('Ctrl Pts',(-1.03594812401455,0.083427113897903,-0.00127384344749308));
#3730=CARTESIAN_POINT('Ctrl Pts',(-1.03418468561516,0.0978874855879643,
0.234748336726146));
#3731=CARTESIAN_POINT('Ctrl Pts',(-0.837922829586515,0.13348256210604,0.819267290190899));
#3732=CARTESIAN_POINT('Ctrl Pts',(0.13054224663759,0.190212343452131,1.21766450128293));
#3733=CARTESIAN_POINT('Ctrl Pts',(1.0930212081804,0.253616457936174,0.553099425104198));
#3734=CARTESIAN_POINT('Ctrl Pts',(1.05843916298075,0.317020572420217,-0.616942395367709));
#3735=CARTESIAN_POINT('Ctrl Pts',(0.0577195477090598,0.380424686904261,
-1.22358899584567));
#3736=CARTESIAN_POINT('Ctrl Pts',(-0.86373689017633,0.435893534063489,-0.777605936054214));
#3737=CARTESIAN_POINT('Ctrl Pts',(-1.03450464641292,0.470227676394704,-0.214979452820996));
#3738=CARTESIAN_POINT('Ctrl Pts',(-1.03572764890419,0.483427113897903,0.000636743598015077));
#3739=CARTESIAN_POINT('Ctrl Pts',(0.602219404176703,-8.32667268468867E-16,
0.543933855567987));
#3740=CARTESIAN_POINT('Ctrl Pts',(0.78279628825054,0.0211347048280137,0.344007150469855));
#3741=CARTESIAN_POINT('Ctrl Pts',(0.926163875703508,0.0634041144840427,
-0.246315434221543));
#3742=CARTESIAN_POINT('Ctrl Pts',(0.29557828762717,0.126808228968086,-0.912588079542443));
#3743=CARTESIAN_POINT('Ctrl Pts',(-0.604591723998672,0.19021234345213,-0.743559845479894));
#3744=CARTESIAN_POINT('Ctrl Pts',(-0.953089490100655,0.253616457936173,
0.102779184855441));
#3745=CARTESIAN_POINT('Ctrl Pts',(-0.431773906756664,0.317020572420217,
0.855976824365817));
#3746=CARTESIAN_POINT('Ctrl Pts',(0.483554463502103,0.38042468690426,0.827676903704042));
#3747=CARTESIAN_POINT('Ctrl Pts',(0.957606900311011,0.443828801388304,0.0442305366938109));
#3748=CARTESIAN_POINT('Ctrl Pts',(0.557754051207771,0.507232915872347,-0.779675570464527));
#3749=CARTESIAN_POINT('Ctrl Pts',(-0.351095450710117,0.57063703035639,-0.892009132717961));
#3750=CARTESIAN_POINT('Ctrl Pts',(-0.93954106732405,0.634041144840435,-0.190332842233316));
#3751=CARTESIAN_POINT('Ctrl Pts',(-0.670572474587659,0.697445259324477,
0.685052820651733));
#3752=CARTESIAN_POINT('Ctrl Pts',(0.210351787459277,0.760849373808522,0.93526045137569));
#3753=CARTESIAN_POINT('Ctrl Pts',(0.899311845143328,0.824253488292563,0.331964959504313));
#3754=CARTESIAN_POINT('Ctrl Pts',(0.767571027573744,0.88765760277661,-0.574279661854438));
#3755=CARTESIAN_POINT('Ctrl Pts',(-0.0646454696525606,0.951061717260649,
-0.95644275090659));
#3756=CARTESIAN_POINT('Ctrl Pts',(-0.837867349167448,1.0144658317447,-0.465768694763986));
#3757=CARTESIAN_POINT('Ctrl Pts',(-0.846461928442714,1.07786994622874,0.449960358760813));
#3758=CARTESIAN_POINT('Ctrl Pts',(-0.0825859266273957,1.14127406071278,
0.955061047137067));
#3759=CARTESIAN_POINT('Ctrl Pts',(0.75665696545949,1.20467817519682,0.588585029290969));
#3760=CARTESIAN_POINT('Ctrl Pts',(0.905384153667321,1.26808228968087,-0.31502638316308));
#3761=CARTESIAN_POINT('Ctrl Pts',(0.22786906621881,1.33148640416491,-0.931148627520596));
#3762=CARTESIAN_POINT('Ctrl Pts',(-0.657596487283851,1.39489051864896,-0.697516269983048));
#3763=CARTESIAN_POINT('Ctrl Pts',(-0.942947694779632,1.458294633133,0.172660735049433));
#3764=CARTESIAN_POINT('Ctrl Pts',(-0.367776606822094,1.52169874761704,0.885269705158915));
#3765=CARTESIAN_POINT('Ctrl Pts',(0.543022821740603,1.58510286210109,0.789992594770999));
#3766=CARTESIAN_POINT('Ctrl Pts',(0.958266401571215,1.64850697658513,-0.0262218972398155));
#3767=CARTESIAN_POINT('Ctrl Pts',(0.499008025193058,1.71191109106917,-0.818506612653042));
#3768=CARTESIAN_POINT('Ctrl Pts',(-0.415638845978273,1.77531520555321,-0.86383241086816));
#3769=CARTESIAN_POINT('Ctrl Pts',(-0.950978894634651,1.83871932003726,-0.120835533824692));
#3770=CARTESIAN_POINT('Ctrl Pts',(-0.618467474921049,1.9021234345213,0.732434342949494));
#3771=CARTESIAN_POINT('Ctrl Pts',(0.278449642208114,1.96552754900535,0.917293781210465));
#3772=CARTESIAN_POINT('Ctrl Pts',(0.921257091685398,2.02893166348939,0.265042365103883));
#3773=CARTESIAN_POINT('Ctrl Pts',(0.723336819149788,2.09233577797344,-0.629083404917657));
#3774=CARTESIAN_POINT('Ctrl Pts',(-0.134691605280767,2.15573989245748,-0.949115512332896));
#3775=CARTESIAN_POINT('Ctrl Pts',(-0.869802152058927,2.21914400694152,-0.402996650799582));
#3776=CARTESIAN_POINT('Ctrl Pts',(-0.811142112425618,2.28254812142556,0.510891923729383));
#3777=CARTESIAN_POINT('Ctrl Pts',(-0.0122439063091228,2.34595223590961,
0.95854690602023));
#3778=CARTESIAN_POINT('Ctrl Pts',(0.797827935866944,2.40935635039365,0.531443947216108));
#3779=CARTESIAN_POINT('Ctrl Pts',(0.879811962889263,2.4727604648777,-0.380648123914125));
#3780=CARTESIAN_POINT('Ctrl Pts',(0.158890575086619,2.53616457936173,-0.945365468710964));
#3781=CARTESIAN_POINT('Ctrl Pts',(-0.70703236814242,2.59956869384579,-0.647354087560533));
#3782=CARTESIAN_POINT('Ctrl Pts',(-0.927726397941116,2.66297280832982,0.241424553112613));
#3783=CARTESIAN_POINT('Ctrl Pts',(-0.301788897592353,2.72637692281387,0.909882160267152));
#3784=CARTESIAN_POINT('Ctrl Pts',(0.599557383531819,2.78978103729791,0.747992665829618));
#3785=CARTESIAN_POINT('Ctrl Pts',(0.95375508059364,2.85318515178195,-0.0965055984088087));
#3786=CARTESIAN_POINT('Ctrl Pts',(0.437567796629885,2.916589266266,-0.852934058198459));
#3787=CARTESIAN_POINT('Ctrl Pts',(-0.477938396471477,2.97999338075004,-0.830985543472745));
#3788=CARTESIAN_POINT('Ctrl Pts',(-0.957283974957506,3.04339749523409,-0.0506899947916672));
#3789=CARTESIAN_POINT('Ctrl Pts',(-0.563024147471947,3.10680160971812,0.775864610383739));
#3790=CARTESIAN_POINT('Ctrl Pts',(0.345044488884433,3.17020572420218,0.894374857077782));
#3791=CARTESIAN_POINT('Ctrl Pts',(0.9382298318027,3.23360983868622,0.196689773495975));
#3792=CARTESIAN_POINT('Ctrl Pts',(0.675198341943589,3.29701395317026,-0.680491942141162));
#3793=CARTESIAN_POINT('Ctrl Pts',(-0.204010726414275,3.3604180676543,-0.936665205818143));
#3794=CARTESIAN_POINT('Ctrl Pts',(-0.897042152469483,3.42382218213835,-0.338049494860351));
#3795=CARTESIAN_POINT('Ctrl Pts',(-0.771444107769663,3.48722629662239,0.569065965306212));
#3796=CARTESIAN_POINT('Ctrl Pts',(0.058164199906121,3.55063041110643,0.956858929065149));
#3797=CARTESIAN_POINT('Ctrl Pts',(0.834692584799059,3.61403452559048,0.471434378428099));
#3798=CARTESIAN_POINT('Ctrl Pts',(0.84949093609645,3.67743864007452,-0.444215301146189));
#3799=CARTESIAN_POINT('Ctrl Pts',(0.0890544631290041,3.74084275455857,-0.95447964194069));
#3800=CARTESIAN_POINT('Ctrl Pts',(-0.752652001241829,3.8042468690426,-0.593697776068845));
#3801=CARTESIAN_POINT('Ctrl Pts',(-0.907497644476083,3.86765098352666,0.308885269238891));
#3802=CARTESIAN_POINT('Ctrl Pts',(-0.234172265463795,3.93105509801069,0.9295834735891));
#3803=CARTESIAN_POINT('Ctrl Pts',(0.65285579988759,3.99445921249474,0.701955403736989));
#3804=CARTESIAN_POINT('Ctrl Pts',(0.944095811723271,4.05786332697878,-0.166268405203753));
#3805=CARTESIAN_POINT('Ctrl Pts',(0.373765770729855,4.12126744146282,-0.8827577430491));
#3806=CARTESIAN_POINT('Ctrl Pts',(-0.537658246992082,4.18467155594688,-0.79365338386718));
#3807=CARTESIAN_POINT('Ctrl Pts',(-0.958422059983919,4.24807567043091,0.0197291464235729));
#3808=CARTESIAN_POINT('Ctrl Pts',(-0.504541864815537,4.31147978491496,0.81510710396296));
#3809=CARTESIAN_POINT('Ctrl Pts',(0.409776938093467,4.374883899399,0.866628493236384));
#3810=CARTESIAN_POINT('Ctrl Pts',(0.950138422457751,4.43828801388304,0.12727553752359));
#3811=CARTESIAN_POINT('Ctrl Pts',(0.623415442865289,4.50169212836709,-0.728227484979452));
#3812=CARTESIAN_POINT('Ctrl Pts',(-0.272228687922111,4.56509624285113,-0.91915919500086));
#3813=CARTESIAN_POINT('Ctrl Pts',(-0.919440316285279,4.62850035733517,-0.271277697335497));
#3814=CARTESIAN_POINT('Ctrl Pts',(-0.727582189186692,4.69190447181922,0.624168440615771));
#3815=CARTESIAN_POINT('Ctrl Pts',(0.128258361508148,4.75530858630326,0.950006251024522));
#3816=CARTESIAN_POINT('Ctrl Pts',(0.867051932512818,4.8187127007873,0.408880215476625));
#3817=CARTESIAN_POINT('Ctrl Pts',(0.8145847331333,4.88211681527135,-0.505384800749462));
#3818=CARTESIAN_POINT('Ctrl Pts',(0.0187376745863219,4.94552092975539,-0.95844195642382));
#3819=CARTESIAN_POINT('Ctrl Pts',(-0.794209151889681,5.00892504423944,-0.536836946695267));
#3820=CARTESIAN_POINT('Ctrl Pts',(-0.882370620297051,5.07232915872348,0.374678759364631));
#3821=CARTESIAN_POINT('Ctrl Pts',(-0.165291675068303,5.13573327320752,0.944267306664556));
#3822=CARTESIAN_POINT('Ctrl Pts',(0.702630389526547,5.19913738769157,0.652129296992704));
#3823=CARTESIAN_POINT('Ctrl Pts',(0.92934073142692,5.26254150217561,-0.235133768721764));
#3824=CARTESIAN_POINT('Ctrl Pts',(0.30794632259208,5.32594561665965,-0.907816692226154));
#3825=CARTESIAN_POINT('Ctrl Pts',(-0.594476056211082,5.3893497311437,-0.752037434489895));
#3826=CARTESIAN_POINT('Ctrl Pts',(-0.954387006835654,5.45275384562773,0.0900417984366367));
#3827=CARTESIAN_POINT('Ctrl Pts',(-0.443336288434393,5.51615796011179,0.849950010082734));
#3828=CARTESIAN_POINT('Ctrl Pts',(0.472297592718403,5.57956207459583,0.834204452274636));
#3829=CARTESIAN_POINT('Ctrl Pts',(0.956918586347949,5.64296618907987,0.0571743245195232));
#3830=CARTESIAN_POINT('Ctrl Pts',(0.568267623089918,5.70637030356392,-0.772032378097032));
#3831=CARTESIAN_POINT('Ctrl Pts',(-0.338977279434691,5.76977441804795,-0.896691969580123));
#3832=CARTESIAN_POINT('Ctrl Pts',(-0.936875748129323,5.83317853253201,-0.203041662841753));
#3833=CARTESIAN_POINT('Ctrl Pts',(-0.679793103904157,5.89658264701604,0.675901930879602));
#3834=CARTESIAN_POINT('Ctrl Pts',(0.197660241229527,5.95998676150009,0.938025859621956));
#3835=CARTESIAN_POINT('Ctrl Pts',(0.894731317568382,6.02339087598413,0.344119098052936));
#3836=CARTESIAN_POINT('Ctrl Pts',(0.775281762237293,6.08679499046818,-0.563826456832822));
#3837=CARTESIAN_POINT('Ctrl Pts',(-0.0516802516322768,6.15019910495221,
-0.957231025340094));
#3838=CARTESIAN_POINT('Ctrl Pts',(-0.831479512975955,6.21360321943626,-0.477078509035666));
#3839=CARTESIAN_POINT('Ctrl Pts',(-0.852480949961748,6.2770073339203,0.43844989934397));
#3840=CARTESIAN_POINT('Ctrl Pts',(-0.0955189133529505,6.34041144840434,
0.953854402660223));
#3841=CARTESIAN_POINT('Ctrl Pts',(0.748612491239238,6.40381556288839,0.598783284872759));
#3842=CARTESIAN_POINT('Ctrl Pts',(0.909569481098852,6.46721967737243,-0.30272998420372));
#3843=CARTESIAN_POINT('Ctrl Pts',(0.240464716472296,6.53062379185648,-0.927975648610624));
#3844=CARTESIAN_POINT('Ctrl Pts',(-0.648085146736388,6.59402790634052,-0.706362319820452));
#3845=CARTESIAN_POINT('Ctrl Pts',(-0.945200594944064,6.65743202082456,0.159868444665566));
#3846=CARTESIAN_POINT('Ctrl Pts',(-0.379737778946182,6.72083613530861,0.880205262153874));
#3847=CARTESIAN_POINT('Ctrl Pts',(0.53226899393123,6.78424024979265,0.797277744818012));
#3848=CARTESIAN_POINT('Ctrl Pts',(0.958533727148748,6.8476443642767,-0.0132354901886519));
#3849=CARTESIAN_POINT('Ctrl Pts',(0.510052546145752,6.91104847876073,-0.811670182064277));
#3850=CARTESIAN_POINT('Ctrl Pts',(-0.403896221591927,6.97445259324478,-0.869384797697666));
#3851=CARTESIAN_POINT('Ctrl Pts',(-0.949254339254954,7.03785670772883,-0.133709699297255));
#3852=CARTESIAN_POINT('Ctrl Pts',(-0.628334796259107,7.10126082221286,0.723987201606857));
#3853=CARTESIAN_POINT('Ctrl Pts',(0.265995238436975,7.16466493669692,0.920982419713902));
#3854=CARTESIAN_POINT('Ctrl Pts',(0.917581338887972,7.22806905118095,0.277500578002337));
#3855=CARTESIAN_POINT('Ctrl Pts',(0.731794163464017,7.291473165665,-0.619224827179305));
#3856=CARTESIAN_POINT('Ctrl Pts',(-0.121819230740985,7.35487728014904,-0.950853384793956));
#3857=CARTESIAN_POINT('Ctrl Pts',(-0.864261915546393,7.4182813946331,-0.414745012628137));
#3858=CARTESIAN_POINT('Ctrl Pts',(-0.817989964755267,7.48168550911712,0.499854480658897));
#3859=CARTESIAN_POINT('Ctrl Pts',(-0.0252305826762478,7.54508962360118,
0.958293014908259));
#3860=CARTESIAN_POINT('Ctrl Pts',(0.790553913732748,7.60849373808521,0.542205305100902));
#3861=CARTESIAN_POINT('Ctrl Pts',(0.884888777683381,7.67189785256926,-0.368692196348175));
#3862=CARTESIAN_POINT('Ctrl Pts',(0.171685187301661,7.7353019670533,-0.943125804673119));
#3863=CARTESIAN_POINT('Ctrl Pts',(-0.698196158678784,7.79870608153735,-0.656874570887863));
#3864=CARTESIAN_POINT('Ctrl Pts',(-0.930912411797263,7.86211019602138,0.228832186028332));
#3865=CARTESIAN_POINT('Ctrl Pts',(-0.314089606700141,7.92551431050543,0.905709566608834));
#3866=CARTESIAN_POINT('Ctrl Pts',(0.589367430767944,7.98891842498947,0.756047664228554));
#3867=CARTESIAN_POINT('Ctrl Pts',(0.954975149573412,8.05232253947353,-0.0835738263833702));
#3868=CARTESIAN_POINT('Ctrl Pts',(0.44908438852791,8.11572665395756,-0.846927023894943));
#3869=CARTESIAN_POINT('Ctrl Pts',(-0.4666350296256,8.17913076844162,-0.837384930384278));
#3870=CARTESIAN_POINT('Ctrl Pts',(-0.956509429222903,8.24253488292564,-0.0636562973942038));
#3871=CARTESIAN_POINT('Ctrl Pts',(-0.573484723869895,8.3059389974097,0.768165217021484));
#3872=CARTESIAN_POINT('Ctrl Pts',(0.332893958062442,8.36934311189374,0.89896696217397));
#3873=CARTESIAN_POINT('Ctrl Pts',(0.9354797110226,8.43274722637778,0.209386057373901));
#3874=CARTESIAN_POINT('Ctrl Pts',(0.68435467427326,8.49615134086183,-0.671284356902026));
#3875=CARTESIAN_POINT('Ctrl Pts',(-0.191296910371995,8.55955545534586,-0.939336894007534));
#3876=CARTESIAN_POINT('Ctrl Pts',(-0.89238657129971,8.62295956982992,-0.350185356892336));
#3877=CARTESIAN_POINT('Ctrl Pts',(-0.779070257785992,8.68636368431396,0.558584684119387));
#3878=CARTESIAN_POINT('Ctrl Pts',(0.0451681851959234,8.749767798798,0.957514392134146));
#3879=CARTESIAN_POINT('Ctrl Pts',(0.828277115803699,8.81317191328205,0.4827857183505));
#3880=CARTESIAN_POINT('Ctrl Pts',(0.855339143821837,8.87657602776607,-0.432825699359456));
#3881=CARTESIAN_POINT('Ctrl Pts',(0.102155278028033,8.93998014225014,-0.952878111674722));
#3882=CARTESIAN_POINT('Ctrl Pts',(-0.744877147522549,9.00338425673416,-0.604434911415815));
#3883=CARTESIAN_POINT('Ctrl Pts',(-0.910922421322228,9.06678837121823,0.297777030891137));
#3884=CARTESIAN_POINT('Ctrl Pts',(-0.469203781017157,9.10905778087425,0.714813794181684));
#3885=CARTESIAN_POINT('Ctrl Pts',(-0.208876738648016,9.13019248570226,0.784157355415205));
#3886=CARTESIAN_POINT('Ctrl Pts',(0.658001074187731,-0.0433974952340877,
0.594316720398787));
#3887=CARTESIAN_POINT('Ctrl Pts',(0.855304221296544,-0.0222627904060732,
0.375871439823296));
#3888=CARTESIAN_POINT('Ctrl Pts',(1.0119514928615,0.0200066192499558,-0.269130850289303));
#3889=CARTESIAN_POINT('Ctrl Pts',(0.322956765285796,0.0834107337339993,
-0.997118213835651));
#3890=CARTESIAN_POINT('Ctrl Pts',(-0.66059313445737,0.146814848218043,-0.812433431495799));
#3891=CARTESIAN_POINT('Ctrl Pts',(-1.04137114137102,0.210218962702086,0.112299294194074));
#3892=CARTESIAN_POINT('Ctrl Pts',(-0.471767751888572,0.27362307718613,0.935263237959776));
#3893=CARTESIAN_POINT('Ctrl Pts',(0.528344577085888,0.337027191670173,0.904341985562848));
#3894=CARTESIAN_POINT('Ctrl Pts',(1.04630698493625,0.400431306154217,0.0483274707765609));
#3895=CARTESIAN_POINT('Ctrl Pts',(0.609417036850552,0.46383542063826,-0.851894441337294));
#3896=CARTESIAN_POINT('Ctrl Pts',(-0.383616306793556,0.527239535122303,
-0.974633104551151));
#3897=CARTESIAN_POINT('Ctrl Pts',(-1.02656777123926,0.590643649606347,-0.207962768675547));
#3898=CARTESIAN_POINT('Ctrl Pts',(-0.732685472336486,0.65404776409039,0.748507086848884));
#3899=CARTESIAN_POINT('Ctrl Pts',(0.22983600519272,0.717451878574434,1.02189065543616));
#3900=CARTESIAN_POINT('Ctrl Pts',(0.982612244025981,0.780855993058478,0.362713818969592));
#3901=CARTESIAN_POINT('Ctrl Pts',(0.838668693097622,0.84426010754252,-0.627473362305527));
#3902=CARTESIAN_POINT('Ctrl Pts',(-0.0706333741120603,0.907664222026564,
-1.04503500407128));
#3903=CARTESIAN_POINT('Ctrl Pts',(-0.915476339611999,0.971068336510608,
-0.508911369099282));
#3904=CARTESIAN_POINT('Ctrl Pts',(-0.92486700745846,1.03447245099465,0.491638757159072));
#3905=CARTESIAN_POINT('Ctrl Pts',(-0.090235598615269,1.09787656547869,1.04352531747159));
#3906=CARTESIAN_POINT('Ctrl Pts',(0.826743696086359,1.16128067996274,0.643103790476064));
#3907=CARTESIAN_POINT('Ctrl Pts',(0.989247011195348,1.22468479444678,-0.344206276119857));
#3908=CARTESIAN_POINT('Ctrl Pts',(0.248975853827084,1.28808890893082,-1.01739796640164));
#3909=CARTESIAN_POINT('Ctrl Pts',(-0.718507560556601,1.35149302341487,-0.762124985892343));
#3910=CARTESIAN_POINT('Ctrl Pts',(-1.03028994377236,1.41489713789891,0.188653750351815));
#3911=CARTESIAN_POINT('Ctrl Pts',(-0.401842585396086,1.47830125238296,0.967269425230114));
#3912=CARTESIAN_POINT('Ctrl Pts',(0.593321300402549,1.541705366867,0.863167098825574));
#3913=CARTESIAN_POINT('Ctrl Pts',(1.04702757370279,1.60510948135104,-0.0286507482677798));
#3914=CARTESIAN_POINT('Ctrl Pts',(0.545229553096544,1.66851359583509,-0.894322279588044));
#3915=CARTESIAN_POINT('Ctrl Pts',(-0.4541381516953,1.73191771031913,-0.943846462480717));
#3916=CARTESIAN_POINT('Ctrl Pts',(-1.03906504815287,1.79532182480317,-0.132028145398924));
#3917=CARTESIAN_POINT('Ctrl Pts',(-0.675754152101043,1.85872593928722,0.80027740901444));
#3918=CARTESIAN_POINT('Ctrl Pts',(0.304241547863455,1.92213005377126,1.00225978969802));
#3919=CARTESIAN_POINT('Ctrl Pts',(1.00659020902985,1.9855341682553,0.289592397279247));
#3920=CARTESIAN_POINT('Ctrl Pts',(0.790337210490218,2.04893828273935,-0.687353401963839));
#3921=CARTESIAN_POINT('Ctrl Pts',(-0.147167660729858,2.11234239722339,-1.03702906666893));
#3922=CARTESIAN_POINT('Ctrl Pts',(-0.950369161830661,2.17574651170743,-0.440324950144543));
#3923=CARTESIAN_POINT('Ctrl Pts',(-0.886275629103366,2.23915062619148,0.558214219396245));
#3924=CARTESIAN_POINT('Ctrl Pts',(-0.0133780204486619,2.30255474067552,
1.04733406038768));
#3925=CARTESIAN_POINT('Ctrl Pts',(0.871728202672447,2.36595885515957,0.580669911519758));
#3926=CARTESIAN_POINT('Ctrl Pts',(0.961306149634602,2.42936296964361,-0.415906350220405));
#3927=CARTESIAN_POINT('Ctrl Pts',(0.1736081042228,2.49276708412765,-1.0329316684211));
#3928=CARTESIAN_POINT('Ctrl Pts',(-0.772522529989255,2.55617119861169,-0.707316439889513));
#3929=CARTESIAN_POINT('Ctrl Pts',(-1.01365874656947,2.61957531309574,0.263786942402773));
#3930=CARTESIAN_POINT('Ctrl Pts',(-0.329742644319433,2.68297942757978,0.994161653855257));
#3931=CARTESIAN_POINT('Ctrl Pts',(0.6550924790284,2.74638354206382,0.817276849910365));
#3932=CARTESIAN_POINT('Ctrl Pts',(1.04209838339663,2.80978765654787,-0.105444605367604));
#3933=CARTESIAN_POINT('Ctrl Pts',(0.478098311372147,2.87319177103191,-0.931938630029944));
#3934=CARTESIAN_POINT('Ctrl Pts',(-0.522208311609828,2.93659588551596,-0.907957094120971));
#3935=CARTESIAN_POINT('Ctrl Pts',(-1.04595414803326,3.,-0.0553852479547477));
#3936=CARTESIAN_POINT('Ctrl Pts',(-0.615175285387297,3.06340411448404,0.847730484132571));
#3937=CARTESIAN_POINT('Ctrl Pts',(0.377004863599338,3.12680822896809,0.977217958441939));
#3938=CARTESIAN_POINT('Ctrl Pts',(1.02513508013768,3.19021234345213,0.214908522283547));
#3939=CARTESIAN_POINT('Ctrl Pts',(0.737739819088085,3.25361645793617,-0.743523748652904));
#3940=CARTESIAN_POINT('Ctrl Pts',(-0.222907591810215,3.31702057242022,-1.02342552781937));
#3941=CARTESIAN_POINT('Ctrl Pts',(-0.980132316931127,3.38042468690426,-0.36936194550361));
#3942=CARTESIAN_POINT('Ctrl Pts',(-0.842900524406368,3.4438288013883,0.621776737611226));
#3943=CARTESIAN_POINT('Ctrl Pts',(0.0635517649415822,3.50723291587235,1.04548973149037));
#3944=CARTESIAN_POINT('Ctrl Pts',(0.912007506907167,3.57063703035639,0.515101847039945));
#3945=CARTESIAN_POINT('Ctrl Pts',(0.928176582467266,3.63404114484043,-0.485361553111055));
#3946=CARTESIAN_POINT('Ctrl Pts',(0.0973032951009033,3.69744525932448,-1.04289005855914));
#3947=CARTESIAN_POINT('Ctrl Pts',(-0.822367764757964,3.76084937380852,-0.648690114743532));
#3948=CARTESIAN_POINT('Ctrl Pts',(-0.991556267942651,3.82425348829256,0.337496330324686));
#3949=CARTESIAN_POINT('Ctrl Pts',(-0.25586289839133,3.88765760277661,1.01568783723434));
#3950=CARTESIAN_POINT('Ctrl Pts',(0.713327758349142,3.95106171726065,0.7669753025017));
#3951=CARTESIAN_POINT('Ctrl Pts',(1.03154440714065,4.01446583174469,-0.181669319302518));
#3952=CARTESIAN_POINT('Ctrl Pts',(0.408386506527588,4.07786994622874,-0.964524788051184));
#3953=CARTESIAN_POINT('Ctrl Pts',(-0.587459822139633,4.14127406071278,-0.867166975184513));
#3954=CARTESIAN_POINT('Ctrl Pts',(-1.04719765025969,4.20467817519683,0.0215565945724804));
#3955=CARTESIAN_POINT('Ctrl Pts',(-0.551275974700894,4.26808228968087,0.890607885209067));
#3956=CARTESIAN_POINT('Ctrl Pts',(0.447733273907835,4.33148640416491,0.946901537074875));
#3957=CARTESIAN_POINT('Ctrl Pts',(1.03814672570861,4.39489051864896,0.139064666178989));
#3958=CARTESIAN_POINT('Ctrl Pts',(0.681160434595059,4.458294633133,-0.795680883156846));
#3959=CARTESIAN_POINT('Ctrl Pts',(-0.29744436634743,4.52169874761704,-1.00429799084095));
#3960=CARTESIAN_POINT('Ctrl Pts',(-1.00460515149675,4.58510286210109,-0.296405288524305));
#3961=CARTESIAN_POINT('Ctrl Pts',(-0.794975815665066,4.64850697658513,0.681983180134709));
#3962=CARTESIAN_POINT('Ctrl Pts',(0.140138526026566,4.71191109106917,1.03800231165547));
#3963=CARTESIAN_POINT('Ctrl Pts',(0.947364198186114,4.77531520555322,0.4467534907241));
#3964=CARTESIAN_POINT('Ctrl Pts',(0.890037128829155,4.83871932003725,-0.552196989112166));
#3965=CARTESIAN_POINT('Ctrl Pts',(0.0204732858490919,4.90212343452131,-1.04721938964361));
#3966=CARTESIAN_POINT('Ctrl Pts',(-0.867774222233128,4.96552754900534,-0.586562447405795));
#3967=CARTESIAN_POINT('Ctrl Pts',(-0.964101807348598,5.0289316634894,0.409384062398816));
#3968=CARTESIAN_POINT('Ctrl Pts',(-0.180602117757931,5.09233577797343,1.03173178711346));
#3969=CARTESIAN_POINT('Ctrl Pts',(0.76771281008035,5.15573989245748,0.71253396179938));
#3970=CARTESIAN_POINT('Ctrl Pts',(1.01542261063693,5.21914400694152,-0.256913462641154));
#3971=CARTESIAN_POINT('Ctrl Pts',(0.336470412033243,5.28254812142557,-0.991904868072118));
#3972=CARTESIAN_POINT('Ctrl Pts',(-0.649540484502557,5.34595223590961,-0.821696272640427));
#3973=CARTESIAN_POINT('Ctrl Pts',(-1.04278884295865,5.40935635039365,0.0983820841410779));
#3974=CARTESIAN_POINT('Ctrl Pts',(-0.484401120244601,5.4727604648777,0.928678179018309));
#3975=CARTESIAN_POINT('Ctrl Pts',(0.516045018127315,5.53616457936173,0.911474160217923));
#3976=CARTESIAN_POINT('Ctrl Pts',(1.04555491463773,5.59956869384578,0.0624702005429993));
#3977=CARTESIAN_POINT('Ctrl Pts',(0.620904447491961,5.66297280832983,-0.843543284345083));
#3978=CARTESIAN_POINT('Ctrl Pts',(-0.370375667815271,5.72637692281386,-0.979749697713339));
#3979=CARTESIAN_POINT('Ctrl Pts',(-1.02365557199589,5.78978103729792,-0.221848766957924));
#3980=CARTESIAN_POINT('Ctrl Pts',(-0.742760179250382,5.85318515178195,0.73850857923177));
#3981=CARTESIAN_POINT('Ctrl Pts',(0.215968881359845,5.91658926626601,1.0249122146619));
#3982=CARTESIAN_POINT('Ctrl Pts',(0.977607436735221,5.97999338075004,0.375993756755314));
#3983=CARTESIAN_POINT('Ctrl Pts',(0.847093648614172,6.04339749523409,-0.616051910115141));
#3984=CARTESIAN_POINT('Ctrl Pts',(-0.056467229140217,6.10680160971814,-1.04589629386102));
#3985=CARTESIAN_POINT('Ctrl Pts',(-0.9084968184498,6.17020572420217,-0.521268775532911));
#3986=CARTESIAN_POINT('Ctrl Pts',(-0.931443551816903,6.23360983868622,0.479062120457984));
#3987=CARTESIAN_POINT('Ctrl Pts',(-0.10436652680996,6.29701395317025,1.04220690535067));
#3988=CARTESIAN_POINT('Ctrl Pts',(0.817954087778341,6.36041806765431,0.65424667807005));
#3989=CARTESIAN_POINT('Ctrl Pts',(0.993820012209057,6.42382218213835,-0.330770900793549));
#3990=CARTESIAN_POINT('Ctrl Pts',(0.262738199144098,6.48722629662239,-1.01393108453656));
#3991=CARTESIAN_POINT('Ctrl Pts',(-0.708115214754073,6.55063041110643,-0.77179041722013));
#3992=CARTESIAN_POINT('Ctrl Pts',(-1.03275152292102,6.61403452559048,0.174676550753916));
#3993=CARTESIAN_POINT('Ctrl Pts',(-0.414911682890468,6.67743864007452,0.961735878960484));
#3994=CARTESIAN_POINT('Ctrl Pts',(0.581571379690726,6.74084275455856,0.871127049174745));
#3995=CARTESIAN_POINT('Ctrl Pts',(1.04731966079921,6.80424686904261,-0.0144614515924483));
#3996=CARTESIAN_POINT('Ctrl Pts',(0.557297092933949,6.86765098352665,-0.886852612154848));
#3997=CARTESIAN_POINT('Ctrl Pts',(-0.441307845321225,6.9310550980107,-0.949913149260953));
#3998=CARTESIAN_POINT('Ctrl Pts',(-1.03718075268769,6.99445921249474,-0.146094803914848));
#3999=CARTESIAN_POINT('Ctrl Pts',(-0.686535452063759,7.05786332697877,0.791047835807861));
#4000=CARTESIAN_POINT('Ctrl Pts',(0.290633532241671,7.12126744146283,1.00629009506633));
#4001=CARTESIAN_POINT('Ctrl Pts',(1.00257398292956,7.18467155594686,0.303204574855705));
#4002=CARTESIAN_POINT('Ctrl Pts',(0.799577931737229,7.24807567043091,-0.676581655492689));
#4003=CARTESIAN_POINT('Ctrl Pts',(-0.133102959035127,7.31147978491496,-1.03892791273441));
#4004=CARTESIAN_POINT('Ctrl Pts',(-0.944315750812654,7.37488389939899,-0.453161525401867));
#4005=CARTESIAN_POINT('Ctrl Pts',(-0.893757776237014,7.43828801388305,0.546154413042786));
#4006=CARTESIAN_POINT('Ctrl Pts',(-0.0275676113858362,7.50169212836707,
1.04705665214868));
#4007=CARTESIAN_POINT('Ctrl Pts',(0.863780410979301,7.56509624285114,0.592428059793961));
#4008=CARTESIAN_POINT('Ctrl Pts',(0.966853213652823,7.62850035733517,-0.402842983070915));
#4009=CARTESIAN_POINT('Ctrl Pts',(0.187587840715718,7.69190447181922,-1.03048455141939));
#4010=CARTESIAN_POINT('Ctrl Pts',(-0.762867850517792,7.75530858630326,-0.717718775338556));
#4011=CARTESIAN_POINT('Ctrl Pts',(-1.01713987076637,7.8187127007873,0.250028184364493));
#4012=CARTESIAN_POINT('Ctrl Pts',(-0.343182729029523,7.88211681527135,0.989602566103719));
#4013=CARTESIAN_POINT('Ctrl Pts',(0.643958663315971,7.94552092975539,0.826077957218299));
#4014=CARTESIAN_POINT('Ctrl Pts',(1.04343146348954,8.00892504423944,-0.0913150043868402));
#4015=CARTESIAN_POINT('Ctrl Pts',(0.490681648586666,8.07232915872347,-0.925375183224707));
#4016=CARTESIAN_POINT('Ctrl Pts',(-0.509857949806571,8.13573327320753,-0.914949235909705));
#4017=CARTESIAN_POINT('Ctrl Pts',(-1.04510785858818,8.19913738769155,-0.0695525779702542));
#4018=CARTESIAN_POINT('Ctrl Pts',(-0.626604791741188,8.26254150217562,0.839317920426022));
#4019=CARTESIAN_POINT('Ctrl Pts',(0.363728867712506,8.32594561665965,0.982235415642948));
#4020=CARTESIAN_POINT('Ctrl Pts',(1.02213022440752,8.3893497311437,0.228780822597896));
#4021=CARTESIAN_POINT('Ctrl Pts',(0.747744273389555,8.45275384562773,-0.733463294047809));
#4022=CARTESIAN_POINT('Ctrl Pts',(-0.209016135382833,8.51615796011179,-1.02634468599714));
#4023=CARTESIAN_POINT('Ctrl Pts',(-0.975045504069513,8.57956207459582,-0.382621913877023));
#4024=CARTESIAN_POINT('Ctrl Pts',(-0.851233060468572,8.64296618907987,0.610324608649647));
#4025=CARTESIAN_POINT('Ctrl Pts',(0.0493519706802859,8.70637030356392,1.04620590802088));
#4026=CARTESIAN_POINT('Ctrl Pts',(0.904997793402275,8.76977441804795,0.527504625513381));
#4027=CARTESIAN_POINT('Ctrl Pts',(0.934566491093074,8.833178532532,-0.472916968698357));
#4028=CARTESIAN_POINT('Ctrl Pts',(0.111617596859547,8.89658264701605,-1.04114018363309));
#4029=CARTESIAN_POINT('Ctrl Pts',(-0.813872751041273,8.95998676150008,-0.660421796823194));
#4030=CARTESIAN_POINT('Ctrl Pts',(-0.995298270986702,9.02339087598414,0.325359171152362));
#4031=CARTESIAN_POINT('Ctrl Pts',(-0.512664636477978,9.06566028564016,0.781024724799047));
#4032=CARTESIAN_POINT('Ctrl Pts',(-0.228224327296661,9.08679499046817,0.85679135978823));
#4033=CARTESIAN_POINT('Ctrl Pts',(0.713782744198759,-0.0867949904681746,
0.644699585229586));
#4034=CARTESIAN_POINT('Ctrl Pts',(0.927812154342548,-0.0656602856401601,
0.407735729176736));
#4035=CARTESIAN_POINT('Ctrl Pts',(1.0977391100195,-0.023390875984131,-0.291946266357061));
#4036=CARTESIAN_POINT('Ctrl Pts',(0.350335242944423,0.0400132384999124,
-1.08164834812886));
#4037=CARTESIAN_POINT('Ctrl Pts',(-0.716594544916068,0.103417352983956,
-0.881307017511702));
#4038=CARTESIAN_POINT('Ctrl Pts',(-1.12965279264138,0.166821467467999,0.121819403532707));
#4039=CARTESIAN_POINT('Ctrl Pts',(-0.511761597020479,0.230225581952043,
1.01454965155373));
#4040=CARTESIAN_POINT('Ctrl Pts',(0.573134690669674,0.293629696436087,0.981007067421653));
#4041=CARTESIAN_POINT('Ctrl Pts',(1.13500706956148,0.357033810920129,0.0524244048593104));
#4042=CARTESIAN_POINT('Ctrl Pts',(0.661080022493334,0.420437925404173,-0.92411331221006));
#4043=CARTESIAN_POINT('Ctrl Pts',(-0.416137162876995,0.483842039888217,
-1.05725707638434));
#4044=CARTESIAN_POINT('Ctrl Pts',(-1.11359447515447,0.54724615437226,-0.225592695117778));
#4045=CARTESIAN_POINT('Ctrl Pts',(-0.794798470085312,0.610650268856305,
0.811961353046036));
#4046=CARTESIAN_POINT('Ctrl Pts',(0.249320222926163,0.674054383340346,1.10852085949663));
#4047=CARTESIAN_POINT('Ctrl Pts',(1.06591264290863,0.737458497824392,0.393462678434872));
#4048=CARTESIAN_POINT('Ctrl Pts',(0.909766358621499,0.800862612308433,-0.680667062756616));
#4049=CARTESIAN_POINT('Ctrl Pts',(-0.0766212785715605,0.864266726792478,
-1.13362725723597));
#4050=CARTESIAN_POINT('Ctrl Pts',(-0.99308533005655,0.927670841276521,-0.552054043434578));
#4051=CARTESIAN_POINT('Ctrl Pts',(-1.0032720864742,0.991074955760564,0.533317155557331));
#4052=CARTESIAN_POINT('Ctrl Pts',(-0.0978852706031425,1.05447907024461,
1.13198958780612));
#4053=CARTESIAN_POINT('Ctrl Pts',(0.89683042671323,1.11788318472865,0.697622551661158));
#4054=CARTESIAN_POINT('Ctrl Pts',(1.07310986872337,1.1812872992127,-0.373386169076634));
#4055=CARTESIAN_POINT('Ctrl Pts',(0.270082641435357,1.24469141369674,-1.10364730528268));
#4056=CARTESIAN_POINT('Ctrl Pts',(-0.77941863382935,1.30809552818078,-0.826733701801636));
#4057=CARTESIAN_POINT('Ctrl Pts',(-1.1176321927651,1.37149964266483,0.204646765654195));
#4058=CARTESIAN_POINT('Ctrl Pts',(-0.435908563970076,1.43490375714887,1.04926914530131));
#4059=CARTESIAN_POINT('Ctrl Pts',(0.643619779064493,1.49830787163291,0.936341602880147));
#4060=CARTESIAN_POINT('Ctrl Pts',(1.13578874583436,1.56171198611695,-0.0310795992957441));
#4061=CARTESIAN_POINT('Ctrl Pts',(0.591451081000029,1.625116100601,-0.970137946523044));
#4062=CARTESIAN_POINT('Ctrl Pts',(-0.492637457412326,1.68852021508504,-1.02386051409328));
#4063=CARTESIAN_POINT('Ctrl Pts',(-1.1271512016711,1.75192432956909,-0.143220756973156));
#4064=CARTESIAN_POINT('Ctrl Pts',(-0.733040829281038,1.81532844405313,0.868120475079385));
#4065=CARTESIAN_POINT('Ctrl Pts',(0.330033453518797,1.87873255853717,1.08722579818558));
#4066=CARTESIAN_POINT('Ctrl Pts',(1.09192332637429,1.94213667302122,0.314142429454612));
#4067=CARTESIAN_POINT('Ctrl Pts',(0.857337601830648,2.00554078750526,-0.745623399010021));
#4068=CARTESIAN_POINT('Ctrl Pts',(-0.159643716178949,2.0689449019893,-1.12494262100496));
#4069=CARTESIAN_POINT('Ctrl Pts',(-1.0309361716024,2.13234901647335,-0.477653249489502));
#4070=CARTESIAN_POINT('Ctrl Pts',(-0.961409145781113,2.19575313095739,0.605536515063107));
#4071=CARTESIAN_POINT('Ctrl Pts',(-0.0145121345882005,2.25915724544144,
1.13612121475513));
#4072=CARTESIAN_POINT('Ctrl Pts',(0.945628469477949,2.32256135992548,0.629895875823406));
#4073=CARTESIAN_POINT('Ctrl Pts',(1.04280033637994,2.38596547440952,-0.451164576526682));
#4074=CARTESIAN_POINT('Ctrl Pts',(0.188325633358981,2.44936958889356,-1.12049786813123));
#4075=CARTESIAN_POINT('Ctrl Pts',(-0.838012691836088,2.51277370337761,-0.767278792218491));
#4076=CARTESIAN_POINT('Ctrl Pts',(-1.09959109519782,2.57617781786165,0.286149331692932));
#4077=CARTESIAN_POINT('Ctrl Pts',(-0.357696391046514,2.6395819323457,1.07844114744336));
#4078=CARTESIAN_POINT('Ctrl Pts',(0.710627574524981,2.70298604682974,0.886561033991112));
#4079=CARTESIAN_POINT('Ctrl Pts',(1.13044168619961,2.76639016131378,-0.114383612326399));
#4080=CARTESIAN_POINT('Ctrl Pts',(0.518628826114411,2.82979427579783,-1.01094320186143));
#4081=CARTESIAN_POINT('Ctrl Pts',(-0.566478226748181,2.89319839028187,-0.984928644769195));
#4082=CARTESIAN_POINT('Ctrl Pts',(-1.13462432110901,2.95660250476591,-0.0600805011178291));
#4083=CARTESIAN_POINT('Ctrl Pts',(-0.66732642330265,3.02000661924996,0.919596357881404));
#4084=CARTESIAN_POINT('Ctrl Pts',(0.408965238314246,3.083410733734,1.0600610598061));
#4085=CARTESIAN_POINT('Ctrl Pts',(1.11204032847266,3.14681484821804,0.233127271071118));
#4086=CARTESIAN_POINT('Ctrl Pts',(0.800281296232584,3.21021896270209,-0.806555555164644));
#4087=CARTESIAN_POINT('Ctrl Pts',(-0.241804457206158,3.27362307718613,-1.1101858498206));
#4088=CARTESIAN_POINT('Ctrl Pts',(-1.06322248139277,3.33702719167017,-0.400674396146867));
#4089=CARTESIAN_POINT('Ctrl Pts',(-0.914356941043074,3.40043130615422,0.674487509916237));
#4090=CARTESIAN_POINT('Ctrl Pts',(0.0689393299770445,3.46383542063826,1.13412053391558));
#4091=CARTESIAN_POINT('Ctrl Pts',(0.989322429015273,3.5272395351223,0.558769315651789));
#4092=CARTESIAN_POINT('Ctrl Pts',(1.00686222883808,3.59064364960635,-0.526507805075921));
#4093=CARTESIAN_POINT('Ctrl Pts',(0.105552127072803,3.65404776409039,-1.1313004751776));
#4094=CARTESIAN_POINT('Ctrl Pts',(-0.8920835282741,3.71745187857443,-0.70368245341822));
#4095=CARTESIAN_POINT('Ctrl Pts',(-1.07561489140922,3.78085599305848,0.366107391410483));
#4096=CARTESIAN_POINT('Ctrl Pts',(-0.277553531318866,3.84426010754252,1.10179220087958));
#4097=CARTESIAN_POINT('Ctrl Pts',(0.773799716810696,3.90766422202657,0.831995201266412));
#4098=CARTESIAN_POINT('Ctrl Pts',(1.11899300255802,3.97106833651061,-0.197070233401285));
#4099=CARTESIAN_POINT('Ctrl Pts',(0.443007242325322,4.03447245099465,-1.04629183305327));
#4100=CARTESIAN_POINT('Ctrl Pts',(-0.637261397287185,4.09787656547869,-0.940680566501847));
#4101=CARTESIAN_POINT('Ctrl Pts',(-1.13597324053547,4.16128067996274,0.0233840427213878));
#4102=CARTESIAN_POINT('Ctrl Pts',(-0.598010084586252,4.22468479444678,0.966108666455175));
#4103=CARTESIAN_POINT('Ctrl Pts',(0.485689609722201,4.28808890893083,1.02717458091336));
#4104=CARTESIAN_POINT('Ctrl Pts',(1.12615502895947,4.35149302341487,0.150853794834389));
#4105=CARTESIAN_POINT('Ctrl Pts',(0.738905426324827,4.41489713789891,-0.863134281334241));
#4106=CARTESIAN_POINT('Ctrl Pts',(-0.322660044772747,4.47830125238296,-1.08943678668104));
#4107=CARTESIAN_POINT('Ctrl Pts',(-1.08976998670822,4.541705366867,-0.321532879713114));
#4108=CARTESIAN_POINT('Ctrl Pts',(-0.862369442143439,4.60510948135105,0.739797919653648));
#4109=CARTESIAN_POINT('Ctrl Pts',(0.152018690544983,4.66851359583509,1.12599837228641));
#4110=CARTESIAN_POINT('Ctrl Pts',(1.02767646385941,4.73191771031913,0.484626765971576));
#4111=CARTESIAN_POINT('Ctrl Pts',(0.96548952452501,4.79532182480317,-0.599009177474871));
#4112=CARTESIAN_POINT('Ctrl Pts',(0.0222088971118627,4.85872593928722,-1.13599682286339));
#4113=CARTESIAN_POINT('Ctrl Pts',(-0.941339292576575,4.92213005377126,-0.636287948116325));
#4114=CARTESIAN_POINT('Ctrl Pts',(-1.04583299440014,4.9855341682553,0.444089365433002));
#4115=CARTESIAN_POINT('Ctrl Pts',(-0.19591256044756,5.04893828273935,1.11919626756237));
#4116=CARTESIAN_POINT('Ctrl Pts',(0.832795230634154,5.11234239722339,0.772938626606056));
#4117=CARTESIAN_POINT('Ctrl Pts',(1.10150448984694,5.17574651170743,-0.278693156560545));
#4118=CARTESIAN_POINT('Ctrl Pts',(0.364994501474407,5.23915062619148,-1.07599304391808));
#4119=CARTESIAN_POINT('Ctrl Pts',(-0.704604912794034,5.30255474067552,-0.891355110790959));
#4120=CARTESIAN_POINT('Ctrl Pts',(-1.13119067908165,5.36595885515957,0.106722369845519));
#4121=CARTESIAN_POINT('Ctrl Pts',(-0.525465952054811,5.42936296964361,1.00740634795388));
#4122=CARTESIAN_POINT('Ctrl Pts',(0.559792443536228,5.49276708412765,0.988743868161209));
#4123=CARTESIAN_POINT('Ctrl Pts',(1.1341912429275,5.5561711986117,0.0677660765664751));
#4124=CARTESIAN_POINT('Ctrl Pts',(0.673541271894005,5.61957531309574,-0.915054190593134));
#4125=CARTESIAN_POINT('Ctrl Pts',(-0.401774056195852,5.68297942757978,-1.06280742584656));
#4126=CARTESIAN_POINT('Ctrl Pts',(-1.11043539586246,5.74638354206383,-0.240655871074093));
#4127=CARTESIAN_POINT('Ctrl Pts',(-0.805727254596609,5.80978765654786,0.801115227583936));
#4128=CARTESIAN_POINT('Ctrl Pts',(0.234277521490162,5.87319177103192,1.11179856970185));
#4129=CARTESIAN_POINT('Ctrl Pts',(1.06048355590206,5.93659588551596,0.40786841545769));
#4130=CARTESIAN_POINT('Ctrl Pts',(0.918905534991049,6.,-0.668277363397458));
#4131=CARTESIAN_POINT('Ctrl Pts',(-0.061254206648156,6.06340411448405,-1.13456156238194));
#4132=CARTESIAN_POINT('Ctrl Pts',(-0.985514123923646,6.12680822896808,-0.565459042030156));
#4133=CARTESIAN_POINT('Ctrl Pts',(-1.01040615367206,6.19021234345214,0.519674341571997));
#4134=CARTESIAN_POINT('Ctrl Pts',(-0.113214140266969,6.25361645793617,1.13055940804111));
#4135=CARTESIAN_POINT('Ctrl Pts',(0.887295684317444,6.31702057242022,0.709710071267343));
#4136=CARTESIAN_POINT('Ctrl Pts',(1.07807054331926,6.38042468690426,-0.358811817383378));
#4137=CARTESIAN_POINT('Ctrl Pts',(0.2850116818159,6.4438288013883,-1.0998865204625));
#4138=CARTESIAN_POINT('Ctrl Pts',(-0.768145282771759,6.50723291587235,-0.837218514619806));
#4139=CARTESIAN_POINT('Ctrl Pts',(-1.12030245089797,6.57063703035639,0.189484656842265));
#4140=CARTESIAN_POINT('Ctrl Pts',(-0.450085586834754,6.63404114484043,1.0432664957671));
#4141=CARTESIAN_POINT('Ctrl Pts',(0.630873765450222,6.69744525932447,0.944976353531475));
#4142=CARTESIAN_POINT('Ctrl Pts',(1.13610559444966,6.76084937380852,-0.015687412996244));
#4143=CARTESIAN_POINT('Ctrl Pts',(0.604541639722147,6.82425348829256,-0.962035042245418));
#4144=CARTESIAN_POINT('Ctrl Pts',(-0.478719469050524,6.88765760277661,-1.03044150082424));
#4145=CARTESIAN_POINT('Ctrl Pts',(-1.12510716612043,6.95106171726065,-0.158479908532441));
#4146=CARTESIAN_POINT('Ctrl Pts',(-0.744736107868412,7.01446583174469,0.858108470008866));
#4147=CARTESIAN_POINT('Ctrl Pts',(0.315271826046369,7.07786994622874,1.09159777041876));
#4148=CARTESIAN_POINT('Ctrl Pts',(1.08756662697114,7.14127406071279,0.328908571709075));
#4149=CARTESIAN_POINT('Ctrl Pts',(0.867361700010442,7.20467817519682,-0.733938483806073));
#4150=CARTESIAN_POINT('Ctrl Pts',(-0.144386687329271,7.26808228968087,-1.12700244067487));
#4151=CARTESIAN_POINT('Ctrl Pts',(-1.02436958607891,7.33148640416491,-0.491578038175597));
#4152=CARTESIAN_POINT('Ctrl Pts',(-0.969525587718761,7.39489051864895,0.592454345426677));
#4153=CARTESIAN_POINT('Ctrl Pts',(-0.0299046400954251,7.458294633133,1.13582028938911));
#4154=CARTESIAN_POINT('Ctrl Pts',(0.937006908225855,7.52169874761704,0.64265081448702));
#4155=CARTESIAN_POINT('Ctrl Pts',(1.04881764962226,7.58510286210109,-0.436993769793656));
#4156=CARTESIAN_POINT('Ctrl Pts',(0.203490494129776,7.64850697658513,-1.11784329816566));
#4157=CARTESIAN_POINT('Ctrl Pts',(-0.827539542356801,7.71191109106918,-0.778562979789249));
#4158=CARTESIAN_POINT('Ctrl Pts',(-1.10336732973547,7.77531520555321,0.271224182700656));
#4159=CARTESIAN_POINT('Ctrl Pts',(-0.372275851358906,7.83871932003726,1.0734955655986));
#4160=CARTESIAN_POINT('Ctrl Pts',(0.698549895863997,7.9021234345213,0.896108250208045));
#4161=CARTESIAN_POINT('Ctrl Pts',(1.13188777740566,7.96552754900535,-0.0990561823903102));
#4162=CARTESIAN_POINT('Ctrl Pts',(0.532278908645422,8.02893166348938,-1.00382334255447));
#4163=CARTESIAN_POINT('Ctrl Pts',(-0.553080869987541,8.09233577797344,-0.992513541435133));
#4164=CARTESIAN_POINT('Ctrl Pts',(-1.13370628795346,8.15573989245748,-0.0754488585463041));
#4165=CARTESIAN_POINT('Ctrl Pts',(-0.67972485961248,8.21914400694151,0.910470623830559));
#4166=CARTESIAN_POINT('Ctrl Pts',(0.39456377736257,8.28254812142558,1.06550386911193));
#4167=CARTESIAN_POINT('Ctrl Pts',(1.10878073779245,8.3459522359096,0.24817558782189));
#4168=CARTESIAN_POINT('Ctrl Pts',(0.81113387250585,8.40935635039366,-0.795642231193591));
#4169=CARTESIAN_POINT('Ctrl Pts',(-0.226735360393671,8.47276046487768,-1.11335247798675));
#4170=CARTESIAN_POINT('Ctrl Pts',(-1.05770443683932,8.53616457936175,-0.415058470861711));
#4171=CARTESIAN_POINT('Ctrl Pts',(-0.923395863151153,8.59956869384577,0.66206453317991));
#4172=CARTESIAN_POINT('Ctrl Pts',(0.053535756164649,8.66297280832984,1.13489742390761));
#4173=CARTESIAN_POINT('Ctrl Pts',(0.981718471000851,8.72637692281386,0.572223532676265));
#4174=CARTESIAN_POINT('Ctrl Pts',(1.01379383836431,8.78978103729792,-0.51300823803726));
#4175=CARTESIAN_POINT('Ctrl Pts',(0.121079915691061,8.85318515178195,-1.12940225559146));
#4176=CARTESIAN_POINT('Ctrl Pts',(-0.882868354559998,8.916589266266,-0.716408682230574));
#4177=CARTESIAN_POINT('Ctrl Pts',(-1.07967412065118,8.97999338075004,0.352941311413586));
#4178=CARTESIAN_POINT('Ctrl Pts',(-0.556125491938799,9.02226279040607,0.84723565541641));
#4179=CARTESIAN_POINT('Ctrl Pts',(-0.247571915945307,9.04339749523409,0.929425364161255));
#4180=CARTESIAN_POINT('Ctrl Pts',(0.769564414209786,-0.130192485702261,
0.695082450060386));
#4181=CARTESIAN_POINT('Ctrl Pts',(1.00032008738855,-0.109057780874247,0.439600018530178));
#4182=CARTESIAN_POINT('Ctrl Pts',(1.1835267271775,-0.0667883712182179,-0.314761682424819));
#4183=CARTESIAN_POINT('Ctrl Pts',(0.377713720603049,-0.00338425673417448,
-1.16617848242207));
#4184=CARTESIAN_POINT('Ctrl Pts',(-0.772595955374767,0.060019857749869,
-0.950180603527604));
#4185=CARTESIAN_POINT('Ctrl Pts',(-1.21793444391174,0.123423972233912,0.13133951287134));
#4186=CARTESIAN_POINT('Ctrl Pts',(-0.551755442152386,0.186828086717956,
1.09383606514769));
#4187=CARTESIAN_POINT('Ctrl Pts',(0.617924804253459,0.250232201202,1.05767214928046));
#4188=CARTESIAN_POINT('Ctrl Pts',(1.22370715418671,0.313636315686042,0.0565213389420609));
#4189=CARTESIAN_POINT('Ctrl Pts',(0.712743008136116,0.377040430170087,-0.996332183082828));
#4190=CARTESIAN_POINT('Ctrl Pts',(-0.448658018960434,0.440444544654129,
-1.13988104821753));
#4191=CARTESIAN_POINT('Ctrl Pts',(-1.20062117906967,0.503848659138174,-0.24322262156001));
#4192=CARTESIAN_POINT('Ctrl Pts',(-0.856911467834138,0.567252773622217,
0.875415619243187));
#4193=CARTESIAN_POINT('Ctrl Pts',(0.268804440659607,0.63065688810626,1.19515106355711));
#4194=CARTESIAN_POINT('Ctrl Pts',(1.14921304179129,0.694061002590304,0.424211537900151));
#4195=CARTESIAN_POINT('Ctrl Pts',(0.980864024145378,0.757465117074345,-0.733860763207705));
#4196=CARTESIAN_POINT('Ctrl Pts',(-0.0826091830310615,0.820869231558393,
-1.22221951040066));
#4197=CARTESIAN_POINT('Ctrl Pts',(-1.0706943205011,0.884273346042432,-0.595196717769876));
#4198=CARTESIAN_POINT('Ctrl Pts',(-1.08167716548995,0.947677460526479,0.574995553955592));
#4199=CARTESIAN_POINT('Ctrl Pts',(-0.105534942591016,1.01108157501052,1.22045385814065));
#4200=CARTESIAN_POINT('Ctrl Pts',(0.9669171573401,1.07448568949457,0.752141312846255));
#4201=CARTESIAN_POINT('Ctrl Pts',(1.1569727262514,1.13788980397861,-0.402566062033413));
#4202=CARTESIAN_POINT('Ctrl Pts',(0.291189429043631,1.20129391846265,-1.18989664416372));
#4203=CARTESIAN_POINT('Ctrl Pts',(-0.8403297071021,1.26469803294669,-0.891342417710931));
#4204=CARTESIAN_POINT('Ctrl Pts',(-1.20497444175783,1.32810214743074,0.220639780956576));
#4205=CARTESIAN_POINT('Ctrl Pts',(-0.469974542544069,1.39150626191478,1.13126886537251));
#4206=CARTESIAN_POINT('Ctrl Pts',(0.69391825772644,1.45491037639882,1.00951610693472));
#4207=CARTESIAN_POINT('Ctrl Pts',(1.22454991796593,1.51831449088287,-0.0335084503237078));
#4208=CARTESIAN_POINT('Ctrl Pts',(0.637672608903515,1.58171860536691,-1.04595361345805));
#4209=CARTESIAN_POINT('Ctrl Pts',(-0.531136763129353,1.64512271985095,-1.10387456570583));
#4210=CARTESIAN_POINT('Ctrl Pts',(-1.21523735518932,1.708526834335,-0.154413368547389));
#4211=CARTESIAN_POINT('Ctrl Pts',(-0.790327506461032,1.77193094881904,0.935963541144332));
#4212=CARTESIAN_POINT('Ctrl Pts',(0.355825359174139,1.83533506330309,1.17219180667314));
#4213=CARTESIAN_POINT('Ctrl Pts',(1.17725644371874,1.89873917778713,0.338692461629977));
#4214=CARTESIAN_POINT('Ctrl Pts',(0.924337993171078,1.96214329227117,-0.803893396056204));
#4215=CARTESIAN_POINT('Ctrl Pts',(-0.172119771628041,2.02554740675522,-1.21285617534099));
#4216=CARTESIAN_POINT('Ctrl Pts',(-1.11150318137413,2.08895152123926,-0.514981548834463));
#4217=CARTESIAN_POINT('Ctrl Pts',(-1.03654266245886,2.1523556357233,0.652858810729969));
#4218=CARTESIAN_POINT('Ctrl Pts',(-0.0156462487277393,2.21575975020735,
1.22490836912259));
#4219=CARTESIAN_POINT('Ctrl Pts',(1.01952873628345,2.27916386469139,0.679121840127054));
#4220=CARTESIAN_POINT('Ctrl Pts',(1.12429452312528,2.34256797917543,-0.48642280283296));
#4221=CARTESIAN_POINT('Ctrl Pts',(0.203043162495161,2.40597209365948,-1.20806406784137));
#4222=CARTESIAN_POINT('Ctrl Pts',(-0.903502853682921,2.46937620814352,-0.82724114454747));
#4223=CARTESIAN_POINT('Ctrl Pts',(-1.18552344382617,2.53278032262757,0.308511720983093));
#4224=CARTESIAN_POINT('Ctrl Pts',(-0.385650137773593,2.59618443711161,1.16272064103147));
#4225=CARTESIAN_POINT('Ctrl Pts',(0.766162670021562,2.65958855159565,0.95584521807186));
#4226=CARTESIAN_POINT('Ctrl Pts',(1.21878498900259,2.7229926660797,-0.123322619285195));
#4227=CARTESIAN_POINT('Ctrl Pts',(0.559159340856674,2.78639678056374,-1.08994777369292));
#4228=CARTESIAN_POINT('Ctrl Pts',(-0.610748141886532,2.84980089504778,-1.06190019541742));
#4229=CARTESIAN_POINT('Ctrl Pts',(-1.22329449418476,2.91320500953183,-0.0647757542809097));
#4230=CARTESIAN_POINT('Ctrl Pts',(-0.719477561218002,2.97660912401586,0.991462231630237));
#4231=CARTESIAN_POINT('Ctrl Pts',(0.440925613029152,3.04001323849992,1.14290416117025));
#4232=CARTESIAN_POINT('Ctrl Pts',(1.19894557680764,3.10341735298395,0.251346019858689));
#4233=CARTESIAN_POINT('Ctrl Pts',(0.862822773377081,3.166821467468,-0.869587361676385));
#4234=CARTESIAN_POINT('Ctrl Pts',(-0.260701322602098,3.23022558195204,-1.19694617182183));
#4235=CARTESIAN_POINT('Ctrl Pts',(-1.14631264585441,3.29362969643609,-0.431986846790123));
#4236=CARTESIAN_POINT('Ctrl Pts',(-0.985813357679778,3.35703381092013,0.727198282221248));
#4237=CARTESIAN_POINT('Ctrl Pts',(0.0743268950125049,3.42043792540418,1.2227513363408));
#4238=CARTESIAN_POINT('Ctrl Pts',(1.06663735112338,3.48384203988822,0.602436784263633));
#4239=CARTESIAN_POINT('Ctrl Pts',(1.0855478752089,3.54724615437226,-0.567654057040786));
#4240=CARTESIAN_POINT('Ctrl Pts',(0.113800959044703,3.61065026885631,-1.21971089179605));
#4241=CARTESIAN_POINT('Ctrl Pts',(-0.961799291790236,3.67405438334034,-0.758674792092905));
#4242=CARTESIAN_POINT('Ctrl Pts',(-1.15967351487578,3.73745849782439,0.394718452496278));
#4243=CARTESIAN_POINT('Ctrl Pts',(-0.299244164246402,3.80086261230844,1.18789656452483));
#4244=CARTESIAN_POINT('Ctrl Pts',(0.834271675272249,3.86426672679247,0.897015100031125));
#4245=CARTESIAN_POINT('Ctrl Pts',(1.2064415979754,3.92767084127652,-0.212471147500052));
#4246=CARTESIAN_POINT('Ctrl Pts',(0.477627978123054,3.99107495576057,-1.12805887805535));
#4247=CARTESIAN_POINT('Ctrl Pts',(-0.687062972434736,4.0544790702446,-1.01419415781918));
#4248=CARTESIAN_POINT('Ctrl Pts',(-1.22474883081124,4.11788318472866,0.0252114908702959));
#4249=CARTESIAN_POINT('Ctrl Pts',(-0.644744194471609,4.18128729921269,1.04160944770128));
#4250=CARTESIAN_POINT('Ctrl Pts',(0.523645945536568,4.24469141369674,1.10744762475186));
#4251=CARTESIAN_POINT('Ctrl Pts',(1.21416333221034,4.30809552818078,0.162642923489787));
#4252=CARTESIAN_POINT('Ctrl Pts',(0.796650418054596,4.37149964266483,-0.930587679511634));
#4253=CARTESIAN_POINT('Ctrl Pts',(-0.347875723198064,4.43490375714887,-1.17457558252112));
#4254=CARTESIAN_POINT('Ctrl Pts',(-1.1749348219197,4.49830787163291,-0.346660470901921));
#4255=CARTESIAN_POINT('Ctrl Pts',(-0.929763068621812,4.56171198611696,0.797612659172586));
#4256=CARTESIAN_POINT('Ctrl Pts',(0.163898855063401,4.625116100601,1.21399443291735));
#4257=CARTESIAN_POINT('Ctrl Pts',(1.10798872953271,4.68852021508504,0.522500041219051));
#4258=CARTESIAN_POINT('Ctrl Pts',(1.04094192022087,4.75192432956909,-0.645821365837575));
#4259=CARTESIAN_POINT('Ctrl Pts',(0.0239445083746334,4.81532844405313,-1.22477425608318));
#4260=CARTESIAN_POINT('Ctrl Pts',(-1.01490436292002,4.87873255853717,-0.686013448826853));
#4261=CARTESIAN_POINT('Ctrl Pts',(-1.12756418145169,4.94213667302122,0.478794668467186));
#4262=CARTESIAN_POINT('Ctrl Pts',(-0.21122300313719,5.00554078750525,1.20666074801127));
#4263=CARTESIAN_POINT('Ctrl Pts',(0.897877651187958,5.0689449019893,0.833343291412733));
#4264=CARTESIAN_POINT('Ctrl Pts',(1.18758636905695,5.13234901647335,-0.300472850479936));
#4265=CARTESIAN_POINT('Ctrl Pts',(0.393518590915572,5.19575313095739,-1.16008121976405));
#4266=CARTESIAN_POINT('Ctrl Pts',(-0.75966934108551,5.25915724544144,-0.961013948941491));
#4267=CARTESIAN_POINT('Ctrl Pts',(-1.21959251520465,5.32256135992547,0.115062655549959));
#4268=CARTESIAN_POINT('Ctrl Pts',(-0.566530783865021,5.38596547440953,1.08613451688946));
#4269=CARTESIAN_POINT('Ctrl Pts',(0.603539868945142,5.44936958889356,1.0660135761045));
#4270=CARTESIAN_POINT('Ctrl Pts',(1.22282757121728,5.51277370337761,0.0730619525899511));
#4271=CARTESIAN_POINT('Ctrl Pts',(0.72617809629605,5.57617781786165,-0.986565096841186));
#4272=CARTESIAN_POINT('Ctrl Pts',(-0.433172444576433,5.6395819323457,-1.14586515397977));
#4273=CARTESIAN_POINT('Ctrl Pts',(-1.19721521972903,5.70298604682974,-0.259462975190264));
#4274=CARTESIAN_POINT('Ctrl Pts',(-0.868694329942836,5.76639016131379,0.863721875936104));
#4275=CARTESIAN_POINT('Ctrl Pts',(0.252586161620481,5.82979427579783,1.1986849247418));
#4276=CARTESIAN_POINT('Ctrl Pts',(1.1433596750689,5.89319839028187,0.439743074160068));
#4277=CARTESIAN_POINT('Ctrl Pts',(0.990717421367929,5.95660250476592,-0.720502816679775));
#4278=CARTESIAN_POINT('Ctrl Pts',(-0.0660411841560965,6.02000661924995,
-1.22322683090287));
#4279=CARTESIAN_POINT('Ctrl Pts',(-1.06253142939749,6.083410733734,-0.6096493085274));
#4280=CARTESIAN_POINT('Ctrl Pts',(-1.08936875552721,6.14681484821805,0.560286562686011));
#4281=CARTESIAN_POINT('Ctrl Pts',(-0.122061753723978,6.21021896270207,1.21891191073155));
#4282=CARTESIAN_POINT('Ctrl Pts',(0.956637280856547,6.27362307718614,0.765173464464635));
#4283=CARTESIAN_POINT('Ctrl Pts',(1.16232107442946,6.33702719167016,-0.386852733973208));
#4284=CARTESIAN_POINT('Ctrl Pts',(0.307285164487702,6.40043130615422,-1.18584195638844));
#4285=CARTESIAN_POINT('Ctrl Pts',(-0.828175350789445,6.46383542063826,-0.902646612019482));
#4286=CARTESIAN_POINT('Ctrl Pts',(-1.20785337887492,6.5272395351223,0.204292762930613));
#4287=CARTESIAN_POINT('Ctrl Pts',(-0.48525949077904,6.59064364960635,1.12479711257371));
#4288=CARTESIAN_POINT('Ctrl Pts',(0.680176151209718,6.65404776409039,1.01882565788821));
#4289=CARTESIAN_POINT('Ctrl Pts',(1.22489152810012,6.71745187857444,-0.0169133744000402));
#4290=CARTESIAN_POINT('Ctrl Pts',(0.651786186510345,6.78085599305847,-1.03721747233599));
#4291=CARTESIAN_POINT('Ctrl Pts',(-0.516131092779823,6.84426010754252,-1.11096985238753));
#4292=CARTESIAN_POINT('Ctrl Pts',(-1.21303357955316,6.90766422202657,-0.170865013150035));
#4293=CARTESIAN_POINT('Ctrl Pts',(-0.802936763673066,6.9710683365106,0.925169104209872));
#4294=CARTESIAN_POINT('Ctrl Pts',(0.339910119851068,7.03447245099466,1.17690544577119));
#4295=CARTESIAN_POINT('Ctrl Pts',(1.17255927101273,7.09787656547869,0.354612568562444));
#4296=CARTESIAN_POINT('Ctrl Pts',(0.935145468283655,7.16128067996274,-0.791295312119457));
#4297=CARTESIAN_POINT('Ctrl Pts',(-0.155670415623415,7.22468479444678,-1.21507696861532));
#4298=CARTESIAN_POINT('Ctrl Pts',(-1.10442342134517,7.28808890893083,-0.529994550949327));
#4299=CARTESIAN_POINT('Ctrl Pts',(-1.04529339920051,7.35149302341487,0.638754277810569));
#4300=CARTESIAN_POINT('Ctrl Pts',(-0.0322416688050137,7.41489713789891,
1.22458392662953));
#4301=CARTESIAN_POINT('Ctrl Pts',(1.01023340547241,7.47830125238296,0.692873569180081));
#4302=CARTESIAN_POINT('Ctrl Pts',(1.1307820855917,7.541705366867,-0.471144556516399));
#4303=CARTESIAN_POINT('Ctrl Pts',(0.219393147543834,7.60510948135105,-1.20520204491192));
#4304=CARTESIAN_POINT('Ctrl Pts',(-0.892211234195808,7.66851359583508,-0.839407184239943));
#4305=CARTESIAN_POINT('Ctrl Pts',(-1.18959478870458,7.73191771031913,0.29242018103682));
#4306=CARTESIAN_POINT('Ctrl Pts',(-0.401368973688287,7.79532182480317,1.15738856509348));
#4307=CARTESIAN_POINT('Ctrl Pts',(0.753141128412024,7.85872593928722,0.966138543197792));
#4308=CARTESIAN_POINT('Ctrl Pts',(1.22034409132178,7.92213005377125,-0.106797360393781));
#4309=CARTESIAN_POINT('Ctrl Pts',(0.57387616870418,7.9855341682553,-1.08227150188424));
#4310=CARTESIAN_POINT('Ctrl Pts',(-0.596303790168512,8.04893828273935,-1.07007784696056));
#4311=CARTESIAN_POINT('Ctrl Pts',(-1.22230471731873,8.11234239722339,-0.0813451391223544));
#4312=CARTESIAN_POINT('Ctrl Pts',(-0.732844927483772,8.17574651170744,0.981623327235096));
#4313=CARTESIAN_POINT('Ctrl Pts',(0.425398687012634,8.23915062619147,1.14877232258091));
#4314=CARTESIAN_POINT('Ctrl Pts',(1.19543125117737,8.30255474067552,0.267570353045884));
#4315=CARTESIAN_POINT('Ctrl Pts',(0.874523471622145,8.36595885515957,-0.857821168339372));
#4316=CARTESIAN_POINT('Ctrl Pts',(-0.244454585404509,8.4293629696436,-1.20036026997636));
#4317=CARTESIAN_POINT('Ctrl Pts',(-1.14036336960912,8.49276708412766,-0.447495027846397));
#4318=CARTESIAN_POINT('Ctrl Pts',(-0.995558665833733,8.5561711986117,0.71380445771017));
#4319=CARTESIAN_POINT('Ctrl Pts',(0.0577195416490109,8.61957531309573,1.22358893979434));
#4320=CARTESIAN_POINT('Ctrl Pts',(1.05843914859943,8.68297942757978,0.616942439839147));
#4321=CARTESIAN_POINT('Ctrl Pts',(1.09302118563555,8.74638354206383,-0.553099507376162));
#4322=CARTESIAN_POINT('Ctrl Pts',(0.130542234522575,8.80978765654787,-1.21766432754983));
#4323=CARTESIAN_POINT('Ctrl Pts',(-0.951863958078723,8.8731917710319,-0.772395567637954));
#4324=CARTESIAN_POINT('Ctrl Pts',(-1.16404997031565,8.93659588551596,0.380523451674811));
#4325=CARTESIAN_POINT('Ctrl Pts',(-0.59958634739962,8.97886529517199,0.913446586033773));
#4326=CARTESIAN_POINT('Ctrl Pts',(-0.266919504593952,9.,1.00205936853428));
#4327=CARTESIAN_POINT('Ctrl Pts',(-0.266919504593952,9.,1.00205936853428));
#4328=CARTESIAN_POINT('Ctrl Pts',(-0.308942535453648,9.,0.985940743577802));
#4329=CARTESIAN_POINT('Ctrl Pts',(-0.349712111165789,9.,0.966905063209652));
#4330=CARTESIAN_POINT('Ctrl Pts',(-0.389036779943375,8.99999999999999,0.945196439491653));
#4331=CARTESIAN_POINT('Ctrl Pts',(-0.422322341912236,8.99999999999999,0.926821618737002));
#4332=CARTESIAN_POINT('Ctrl Pts',(-0.454572486327273,9.,0.906530576029436));
#4333=CARTESIAN_POINT('Ctrl Pts',(-0.485649672266518,9.,0.884451647638368));
#4334=CARTESIAN_POINT('Ctrl Pts',(-0.49468535184367,9.,0.878032207900852));
#4335=CARTESIAN_POINT('Ctrl Pts',(-0.503623160070355,9.,0.871460294539619));
#4336=CARTESIAN_POINT('Ctrl Pts',(-0.512445872728478,9.,0.864749583096383));
#4337=CARTESIAN_POINT('Ctrl Pts',(-0.547647082843777,9.,0.837974919487794));
#4338=CARTESIAN_POINT('Ctrl Pts',(-0.581067439977941,9.,0.808960339109071));
#4339=CARTESIAN_POINT('Ctrl Pts',(-0.612499937039982,9.,0.777922379296305));
#4340=CARTESIAN_POINT('Ctrl Pts',(-0.629548602761002,9.,0.761087706554084));
#4341=CARTESIAN_POINT('Ctrl Pts',(-0.64601173710147,9.,0.743657253716983));
#4342=CARTESIAN_POINT('Ctrl Pts',(-0.661850451357662,9.,0.72566283929145));
#4343=CARTESIAN_POINT('Ctrl Pts',(-0.668412972246841,9.,0.7182071381123));
#4344=CARTESIAN_POINT('Ctrl Pts',(-0.674868244079254,9.,0.710654603826396));
#4345=CARTESIAN_POINT('Ctrl Pts',(-0.681213267011861,9.,0.703007443524539));
#4346=CARTESIAN_POINT('Ctrl Pts',(-0.687558984575423,9.,0.695359446038275));
#4347=CARTESIAN_POINT('Ctrl Pts',(-0.693789406836867,9.,0.687622746823589));
#4348=CARTESIAN_POINT('Ctrl Pts',(-0.69989779575895,9.,0.679805577330243));
#4349=CARTESIAN_POINT('Ctrl Pts',(-0.726039917212717,9.,0.646350373850817));
#4350=CARTESIAN_POINT('Ctrl Pts',(-0.749977297882936,9.,0.611390761167526));
#4351=CARTESIAN_POINT('Ctrl Pts',(-0.771519428976015,9.,0.575119022654592));
#4352=CARTESIAN_POINT('Ctrl Pts',(-0.792600808204891,9.,0.539623078842076));
#4353=CARTESIAN_POINT('Ctrl Pts',(-0.811388670680669,9.,0.502869590064185));
#4354=CARTESIAN_POINT('Ctrl Pts',(-0.827656815548048,9.,0.46502769878714));
#4355=CARTESIAN_POINT('Ctrl Pts',(-0.835522668215161,9.,0.44673066837238));
#4356=CARTESIAN_POINT('Ctrl Pts',(-0.842798696504538,9.,0.428179106645561));
#4357=CARTESIAN_POINT('Ctrl Pts',(-0.849454826819909,9.,0.409392143326765));
#4358=CARTESIAN_POINT('Ctrl Pts',(-0.853092660541548,9.,0.399124338243309));
#4359=CARTESIAN_POINT('Ctrl Pts',(-0.856545274268543,9.,0.388786221599623));
#4360=CARTESIAN_POINT('Ctrl Pts',(-0.859807358053253,9.,0.378380967696881));
#4361=CARTESIAN_POINT('Ctrl Pts',(-0.862260672212311,9.,0.370555492199339));
#4362=CARTESIAN_POINT('Ctrl Pts',(-0.864603170573981,9.,0.362701732356676));
#4363=CARTESIAN_POINT('Ctrl Pts',(-0.866833176030966,9.,0.354821828813714));
#4364=CARTESIAN_POINT('Ctrl Pts',(-0.873123291184366,9.,0.332595201283438));
#4365=CARTESIAN_POINT('Ctrl Pts',(-0.878519415580707,9.,0.310158676460881));
#4366=CARTESIAN_POINT('Ctrl Pts',(-0.882985287601566,9.,0.287543249662745));
#4367=CARTESIAN_POINT('Ctrl Pts',(-0.890940600105518,9.,0.247257100227849));
#4368=CARTESIAN_POINT('Ctrl Pts',(-0.895946913298834,9.,0.206402476099264));
#4369=CARTESIAN_POINT('Ctrl Pts',(-0.898089081287371,9.,0.165278932202333));
#4370=CARTESIAN_POINT('Ctrl Pts',(-0.899714949447499,9.,0.134066879267439));
#4371=CARTESIAN_POINT('Ctrl Pts',(-0.899689700615882,9.,0.102699767251416));
#4372=CARTESIAN_POINT('Ctrl Pts',(-0.898031694180024,9.,0.0713156271568814));
#4373=CARTESIAN_POINT('Ctrl Pts',(-0.897455161313186,9.,0.0604025282263782));
#4374=CARTESIAN_POINT('Ctrl Pts',(-0.896681074029593,8.99999999999999,0.049487451808601));
#4375=CARTESIAN_POINT('Ctrl Pts',(-0.895709800083825,8.99999999999999,0.0385765006871094));
#4376=CARTESIAN_POINT('Ctrl Pts',(-0.894955236579755,8.99999999999999,0.0300999987209654));
#4377=CARTESIAN_POINT('Ctrl Pts',(-0.894081418028257,9.,0.0216250347597884));
#4378=CARTESIAN_POINT('Ctrl Pts',(-0.893090757582502,9.,0.0131710678393638));
#4379=CARTESIAN_POINT('Ctrl Pts',(-0.888423904961608,9.,-0.0266543010330721));
#4380=CARTESIAN_POINT('Ctrl Pts',(-0.8811613202866,9.,-0.0661020203662524));
#4381=CARTESIAN_POINT('Ctrl Pts',(-0.871382624754753,9.,-0.104892821128851));
#4382=CARTESIAN_POINT('Ctrl Pts',(-0.861567156435119,9.,-0.143829494710569));
#4383=CARTESIAN_POINT('Ctrl Pts',(-0.849216044802071,9.,-0.182105562838973));
#4384=CARTESIAN_POINT('Ctrl Pts',(-0.834365433364415,9.,-0.219409027925667));
#4385=CARTESIAN_POINT('Ctrl Pts',(-0.827768745779794,9.,-0.235979342625084));
#4386=CARTESIAN_POINT('Ctrl Pts',(-0.820678333530942,8.99999999999999,-0.252357242894662));
#4387=CARTESIAN_POINT('Ctrl Pts',(-0.813095023210154,8.99999999999999,-0.268512536748821));
#4388=CARTESIAN_POINT('Ctrl Pts',(-0.809443727066744,8.99999999999999,-0.276291166351205));
#4389=CARTESIAN_POINT('Ctrl Pts',(-0.805678141012994,9.,-0.284018158630967));
#4390=CARTESIAN_POINT('Ctrl Pts',(-0.80179825378065,9.,-0.291689967376255));
#4391=CARTESIAN_POINT('Ctrl Pts',(-0.798210440848533,9.,-0.298784249498583));
#4392=CARTESIAN_POINT('Ctrl Pts',(-0.794527306060885,8.99999999999999,-0.305826403594672));
#4393=CARTESIAN_POINT('Ctrl Pts',(-0.790752985292265,8.99999999999999,-0.31280717391643));
#4394=CARTESIAN_POINT('Ctrl Pts',(-0.772772356260544,8.99999999999999,-0.346063128883154));
#4395=CARTESIAN_POINT('Ctrl Pts',(-0.752700534666569,8.99999999999999,-0.377977790531253));
#4396=CARTESIAN_POINT('Ctrl Pts',(-0.730579642050159,8.99999999999999,-0.408290150786047));
#4397=CARTESIAN_POINT('Ctrl Pts',(-0.709237561063614,8.99999999999999,-0.437535301904913));
#4398=CARTESIAN_POINT('Ctrl Pts',(-0.685987496333543,8.99999999999999,-0.465289604311908));
#4399=CARTESIAN_POINT('Ctrl Pts',(-0.660839761293614,8.99999999999999,-0.491278888150425));
#4400=CARTESIAN_POINT('Ctrl Pts',(-0.652737047970488,8.99999999999999,-0.49965275228103));
#4401=CARTESIAN_POINT('Ctrl Pts',(-0.644437146623368,9.,-0.507843025551899));
#4402=CARTESIAN_POINT('Ctrl Pts',(-0.635939928315806,9.,-0.515839460702797));
#4403=CARTESIAN_POINT('Ctrl Pts',(-0.625389664925594,9.,-0.52576794482208));
#4404=CARTESIAN_POINT('Ctrl Pts',(-0.614535191682733,8.99999999999999,-0.535397625401395));
#4405=CARTESIAN_POINT('Ctrl Pts',(-0.603391854858598,8.99999999999999,-0.544720773997474));
#4406=CARTESIAN_POINT('Ctrl Pts',(-0.811760526873635,0.64676537180436,-0.000713433564830841));
#4407=CARTESIAN_POINT('Ctrl Pts',(-0.812254776073862,0.642523962816385,
-0.0547179471742464));
#4408=CARTESIAN_POINT('Ctrl Pts',(-0.807324383549859,0.63828255382841,-0.108632615525115));
#4409=CARTESIAN_POINT('Ctrl Pts',(-0.796638699098996,0.634041144840434,
-0.161381280166582));
#4410=CARTESIAN_POINT('Ctrl Pts',(-0.743392528452739,0.61290644001242,-0.424224939061531));
#4411=CARTESIAN_POINT('Ctrl Pts',(-0.547243989581428,0.591771735184405,
-0.658117035889746));
#4412=CARTESIAN_POINT('Ctrl Pts',(-0.297694803159458,0.57063703035639,-0.756340823928282));
#4413=CARTESIAN_POINT('Ctrl Pts',(-0.0481456167374882,0.549502325528376,
-0.854564611966817));
#4414=CARTESIAN_POINT('Ctrl Pts',(0.254804217235141,0.528367620700361,-0.817120091215672));
#4415=CARTESIAN_POINT('Ctrl Pts',(0.472921275738663,0.507232915872347,-0.66108014631371));
#4416=CARTESIAN_POINT('Ctrl Pts',(0.691038334242185,0.486098211044333,-0.505040201411747));
#4417=CARTESIAN_POINT('Ctrl Pts',(0.824322617276599,0.464963506216318,-0.230404832358967));
#4418=CARTESIAN_POINT('Ctrl Pts',(0.811956019325653,0.443828801388303,0.0374872466691294));
#4419=CARTESIAN_POINT('Ctrl Pts',(0.799589421374707,0.422694096560289,0.305379325697223));
#4420=CARTESIAN_POINT('Ctrl Pts',(0.641571942438405,0.401559391732274,0.566528114700632));
#4421=CARTESIAN_POINT('Ctrl Pts',(0.410008474593793,0.38042468690426,0.701819162645966));
#4422=CARTESIAN_POINT('Ctrl Pts',(0.178445006749181,0.359289982076246,0.837110210591301));
#4423=CARTESIAN_POINT('Ctrl Pts',(-0.126664450003742,0.338155277248231,
0.846543517478559));
#4424=CARTESIAN_POINT('Ctrl Pts',(-0.366105108937535,0.317020572420217,
0.725727231003792));
#4425=CARTESIAN_POINT('Ctrl Pts',(-0.605545767871328,0.295885867592202,
0.604910944529025));
#4426=CARTESIAN_POINT('Ctrl Pts',(-0.779317628985992,0.274751162764187,
0.353845064692233));
#4427=CARTESIAN_POINT('Ctrl Pts',(-0.808120598526326,0.253616457936173,
0.0872556197179476));
#4428=CARTESIAN_POINT('Ctrl Pts',(-0.811232882749182,0.251332762558902,
0.0584494883775154));
#4429=CARTESIAN_POINT('Ctrl Pts',(-0.81265254961375,0.249049067181631,0.0294621081116836));
#4430=CARTESIAN_POINT('Ctrl Pts',(-0.812446494248389,0.24676537180436,0.000455480929356517));
#4431=CARTESIAN_POINT('Ctrl Pts',(-0.266919504593914,0.,-1.00205936853429));
#4432=CARTESIAN_POINT('Ctrl Pts',(-0.599586347399585,0.0211347048280145,
-0.913446586033796));
#4433=CARTESIAN_POINT('Ctrl Pts',(-1.16404990628987,0.0634041144840436,
-0.38052306596));
#4434=CARTESIAN_POINT('Ctrl Pts',(-0.951864015288588,0.126808228968087,
0.772395336078513));
#4435=CARTESIAN_POINT('Ctrl Pts',(0.13054224663759,0.190212343452131,1.21766450128293));
#4436=CARTESIAN_POINT('Ctrl Pts',(1.0930212081804,0.253616457936174,0.553099425104198));
#4437=CARTESIAN_POINT('Ctrl Pts',(1.05843916298075,0.317020572420217,-0.616942395367709));
#4438=CARTESIAN_POINT('Ctrl Pts',(0.0577195477090598,0.380424686904261,
-1.22358899584567));
#4439=CARTESIAN_POINT('Ctrl Pts',(-0.995558688127214,0.443828801388304,
-0.713804451382555));
#4440=CARTESIAN_POINT('Ctrl Pts',(-1.14036338818267,0.507232915872349,0.447495024762866));
#4441=CARTESIAN_POINT('Ctrl Pts',(-0.24445459165028,0.570637030356391,1.20036029885416));
#4442=CARTESIAN_POINT('Ctrl Pts',(0.874523488940936,0.634041144840436,0.85782118051552));
#4443=CARTESIAN_POINT('Ctrl Pts',(1.1954312727361,0.697445259324478,-0.267570355876734));
#4444=CARTESIAN_POINT('Ctrl Pts',(0.425398695309351,0.760849373808522,-1.14877234513786));
#4445=CARTESIAN_POINT('Ctrl Pts',(-0.732844941332737,0.824253488292565,
-0.981623344792602));
#4446=CARTESIAN_POINT('Ctrl Pts',(-1.22230473989517,0.887657602776609,0.0813451402511078));
#4447=CARTESIAN_POINT('Ctrl Pts',(-0.596303801326979,0.951061717260651,
1.07007786705774));
#4448=CARTESIAN_POINT('Ctrl Pts',(0.573876179412442,1.0144658317447,1.08227152187502));
#4449=CARTESIAN_POINT('Ctrl Pts',(1.22034411397158,1.07786994622874,0.10679736244444));
#4450=CARTESIAN_POINT('Ctrl Pts',(0.753141142420883,1.14127406071278,-0.966138561186442));
#4451=CARTESIAN_POINT('Ctrl Pts',(-0.401368981154363,1.20467817519683,-1.15738858657891));
#4452=CARTESIAN_POINT('Ctrl Pts',(-1.18959481080405,1.26808228968087,-0.29242018648157));
#4453=CARTESIAN_POINT('Ctrl Pts',(-0.892211250776784,1.33148640416491,0.839407199843251));
#4454=CARTESIAN_POINT('Ctrl Pts',(0.219393151621807,1.39489051864896,1.20520206730265));
#4455=CARTESIAN_POINT('Ctrl Pts',(1.13078210660217,1.458294633133,0.471144565272736));
#4456=CARTESIAN_POINT('Ctrl Pts',(1.01023342424423,1.52169874761704,-0.692873582055475));
#4457=CARTESIAN_POINT('Ctrl Pts',(-0.032241669404293,1.58510286210109,-1.22458394938322));
#4458=CARTESIAN_POINT('Ctrl Pts',(-1.04529341862315,1.64850697658513,-0.638754289679742));
#4459=CARTESIAN_POINT('Ctrl Pts',(-1.10442344186679,1.71191109106917,0.52999456079738));
#4460=CARTESIAN_POINT('Ctrl Pts',(-0.155670418515972,1.77531520555322,1.21507699119281));
#4461=CARTESIAN_POINT('Ctrl Pts',(0.935145485659723,1.83871932003726,0.791295326822766));
#4462=CARTESIAN_POINT('Ctrl Pts',(1.17255929280032,1.9021234345213,-0.354612575151544));
#4463=CARTESIAN_POINT('Ctrl Pts',(0.339910126167052,1.96552754900535,-1.17690546763948));
#4464=CARTESIAN_POINT('Ctrl Pts',(-0.802936778592551,2.02893166348939,-0.925169121400668));
#4465=CARTESIAN_POINT('Ctrl Pts',(-1.21303360209279,2.09233577797343,0.17086501632486));
#4466=CARTESIAN_POINT('Ctrl Pts',(-0.516131102370209,2.15573989245748,1.11096987303066));
#4467=CARTESIAN_POINT('Ctrl Pts',(0.651786198621268,2.21914400694152,1.03721749160877));
#4468=CARTESIAN_POINT('Ctrl Pts',(1.22489155086008,2.28254812142556,0.0169133747143662));
#4469=CARTESIAN_POINT('Ctrl Pts',(0.680176163848254,2.34595223590961,-1.01882567681918));
#4470=CARTESIAN_POINT('Ctrl Pts',(-0.485259499795694,2.40935635039365,-1.12479713347382));
#4471=CARTESIAN_POINT('Ctrl Pts',(-1.20785340131827,2.47276046487769,-0.204292766726672));
#4472=CARTESIAN_POINT('Ctrl Pts',(-0.828175366177979,2.53616457936174,0.902646628791703));
#4473=CARTESIAN_POINT('Ctrl Pts',(0.307285170197376,2.59956869384578,1.18584197842282));
#4474=CARTESIAN_POINT('Ctrl Pts',(1.16232109602677,2.66297280832983,0.386852741161448));
#4475=CARTESIAN_POINT('Ctrl Pts',(0.956637298632053,2.72637692281387,-0.765173478682434));
#4476=CARTESIAN_POINT('Ctrl Pts',(-0.122061755991979,2.78978103729791,-1.2189119333804));
#4477=CARTESIAN_POINT('Ctrl Pts',(-1.08936877576897,2.85318515178196,-0.560286573096857));
#4478=CARTESIAN_POINT('Ctrl Pts',(-1.06253144914063,2.916589266266,0.60964931985537));
#4479=CARTESIAN_POINT('Ctrl Pts',(-0.066041185383277,2.97999338075005,1.22322685363189));
#4480=CARTESIAN_POINT('Ctrl Pts',(0.990717439776616,3.04339749523408,0.72050283006763));
#4481=CARTESIAN_POINT('Ctrl Pts',(1.14335969631392,3.10680160971814,-0.439743082330973));
#4482=CARTESIAN_POINT('Ctrl Pts',(0.252586166313885,3.17020572420216,-1.19868494701479));
#4483=CARTESIAN_POINT('Ctrl Pts',(-0.868694346084181,3.23360983868623,-0.863721891985133));
#4484=CARTESIAN_POINT('Ctrl Pts',(-1.19721524197474,3.29701395317025,0.259462980011343));
#4485=CARTESIAN_POINT('Ctrl Pts',(-0.433172452625348,3.36041806765431,1.14586517527131));
#4486=CARTESIAN_POINT('Ctrl Pts',(0.726178109789267,3.42382218213834,0.986565115172783));
#4487=CARTESIAN_POINT('Ctrl Pts',(1.22282759393889,3.48722629662239,-0.0730619539474754));
#4488=CARTESIAN_POINT('Ctrl Pts',(0.603539880159686,3.55063041110644,-1.06601359591228));
#4489=CARTESIAN_POINT('Ctrl Pts',(-0.566530794391795,3.61403452559048,-1.08613453707117));
#4490=CARTESIAN_POINT('Ctrl Pts',(-1.21959253786614,3.67743864007452,-0.115062657688016));
#4491=CARTESIAN_POINT('Ctrl Pts',(-0.759669355201123,3.74084275455856,0.961013966798251));
#4492=CARTESIAN_POINT('Ctrl Pts',(0.393518598227567,3.80424686904261,1.16008124131977));
#4493=CARTESIAN_POINT('Ctrl Pts',(1.18758639112372,3.86765098352666,0.300472856063136));
#4494=CARTESIAN_POINT('Ctrl Pts',(0.897877667871641,3.93105509801069,-0.833343306897213));
#4495=CARTESIAN_POINT('Ctrl Pts',(-0.211223007061912,3.99445921249474,-1.20666077043249));
#4496=CARTESIAN_POINT('Ctrl Pts',(-1.12756420240316,4.05786332697878,-0.478794677363818));
#4497=CARTESIAN_POINT('Ctrl Pts',(-1.0149043817782,4.12126744146283,0.686013461573762));
#4498=CARTESIAN_POINT('Ctrl Pts',(0.0239445088194962,4.18467155594687,1.22477427884096));
#4499=CARTESIAN_POINT('Ctrl Pts',(1.04094193956279,4.24807567043091,0.645821377837759));
#4500=CARTESIAN_POINT('Ctrl Pts',(1.10798875012049,4.31147978491495,-0.52250005092768));
#4501=CARTESIAN_POINT('Ctrl Pts',(0.163898858108893,4.374883899399,-1.21399445547482));
#4502=CARTESIAN_POINT('Ctrl Pts',(-0.929763085897892,4.43828801388304,-0.79761267399323));
#4503=CARTESIAN_POINT('Ctrl Pts',(-1.17493484375141,4.50169212836709,0.346660477343237));
#4504=CARTESIAN_POINT('Ctrl Pts',(-0.347875729662067,4.56509624285113,1.17457560434613));
#4505=CARTESIAN_POINT('Ctrl Pts',(0.796650432857277,4.62850035733517,0.930587696803109));
#4506=CARTESIAN_POINT('Ctrl Pts',(1.21416335477096,4.69190447181921,-0.162642926511835));
#4507=CARTESIAN_POINT('Ctrl Pts',(0.523645955266589,4.75530858630326,-1.10744764532954));
#4508=CARTESIAN_POINT('Ctrl Pts',(-0.644744206451685,4.8187127007873,-1.04160946705567));
#4509=CARTESIAN_POINT('Ctrl Pts',(-1.22474885356855,4.88211681527135,-0.02521149133881));
#4510=CARTESIAN_POINT('Ctrl Pts',(-0.687062985201238,4.94552092975538,1.0141941766641));
#4511=CARTESIAN_POINT('Ctrl Pts',(0.477627986997907,5.00892504423944,1.12805889901606));
#4512=CARTESIAN_POINT('Ctrl Pts',(1.20644162039252,5.07232915872347,0.212471151448074));
#4513=CARTESIAN_POINT('Ctrl Pts',(0.83427169077406,5.13573327320752,-0.897015116698705));
#4514=CARTESIAN_POINT('Ctrl Pts',(-0.299244169806665,5.19913738769156,-1.18789658659739));
#4515=CARTESIAN_POINT('Ctrl Pts',(-1.15967353642389,5.26254150217561,-0.394718459830673));
#4516=CARTESIAN_POINT('Ctrl Pts',(-0.961799309661657,5.32594561665965,0.758674806189952));
#4517=CARTESIAN_POINT('Ctrl Pts',(0.113800961159207,5.3893497311437,1.21971091445975));
#4518=CARTESIAN_POINT('Ctrl Pts',(1.08554789537965,5.45275384562773,0.567654067588529));
#4519=CARTESIAN_POINT('Ctrl Pts',(1.06663737094281,5.51615796011178,-0.602436795457585));
#4520=CARTESIAN_POINT('Ctrl Pts',(0.0743268963936424,5.57956207459582,-1.22275135906099));
#4521=CARTESIAN_POINT('Ctrl Pts',(-0.985813375997343,5.64296618907987,-0.727198295733511));
#4522=CARTESIAN_POINT('Ctrl Pts',(-1.1463126671543,5.70637030356391,0.431986854816907));
#4523=CARTESIAN_POINT('Ctrl Pts',(-0.260701327446296,5.76977441804796,1.19694619406251));
#4524=CARTESIAN_POINT('Ctrl Pts',(0.862822789409327,5.833178532532,0.869587377834402));
#4525=CARTESIAN_POINT('Ctrl Pts',(1.1989455990855,5.89658264701605,-0.251346024528947));
#4526=CARTESIAN_POINT('Ctrl Pts',(0.440925621222131,5.95998676150008,-1.14290418240677));
#4527=CARTESIAN_POINT('Ctrl Pts',(-0.719477574586716,6.02339087598413,-0.991462250052829));
#4528=CARTESIAN_POINT('Ctrl Pts',(-1.22329451691505,6.08679499046817,0.064775755484469));
#4529=CARTESIAN_POINT('Ctrl Pts',(-0.610748153235011,6.15019910495222,1.06190021514878));
#4530=CARTESIAN_POINT('Ctrl Pts',(0.559159351246486,6.21360321943625,1.08994779394548));
#4531=CARTESIAN_POINT('Ctrl Pts',(1.21878501164908,6.27700733392031,0.123322621576722));
#4532=CARTESIAN_POINT('Ctrl Pts',(0.766162684257822,6.34041144840435,-0.955845235832583));
#4533=CARTESIAN_POINT('Ctrl Pts',(-0.385650144939392,6.40381556288839,-1.16272066263623));
#4534=CARTESIAN_POINT('Ctrl Pts',(-1.18552346585461,6.46721967737243,-0.308511726715656));
#4535=CARTESIAN_POINT('Ctrl Pts',(-0.903502870471123,6.53062379185648,0.827241159918571));
#4536=CARTESIAN_POINT('Ctrl Pts',(0.203043166267903,6.59402790634051,1.20806409028866));
#4537=CARTESIAN_POINT('Ctrl Pts',(1.12429454401601,6.65743202082457,0.486422811871324));
#4538=CARTESIAN_POINT('Ctrl Pts',(1.01952875522755,6.72083613530861,-0.679121852745915));
#4539=CARTESIAN_POINT('Ctrl Pts',(-0.0156462490184194,6.78424024979265,
-1.22490839188286));
#4540=CARTESIAN_POINT('Ctrl Pts',(-1.03654268171904,6.8476443642767,-0.652858822860909));
#4541=CARTESIAN_POINT('Ctrl Pts',(-1.11150320202722,6.91104847876073,0.514981558403397));
#4542=CARTESIAN_POINT('Ctrl Pts',(-0.172119774826278,6.97445259324479,1.21285619787731));
#4543=CARTESIAN_POINT('Ctrl Pts',(0.924338010346358,7.03785670772882,0.803893410993548));
#4544=CARTESIAN_POINT('Ctrl Pts',(1.1772564655936,7.10126082221288,-0.338692467923254));
#4545=CARTESIAN_POINT('Ctrl Pts',(0.355825365785844,7.16466493669691,-1.17219182845384));
#4546=CARTESIAN_POINT('Ctrl Pts',(-0.790327521146227,7.22806905118095,-0.935963558535717));
#4547=CARTESIAN_POINT('Ctrl Pts',(-1.2152373777699,7.29147316566501,0.154413371416582));
#4548=CARTESIAN_POINT('Ctrl Pts',(-0.531136772998539,7.35487728014904,1.10387458621703));
#4549=CARTESIAN_POINT('Ctrl Pts',(0.637672620752171,7.41828139463309,1.04595363289333));
#4550=CARTESIAN_POINT('Ctrl Pts',(1.22454994071959,7.48168550911713,0.0335084509460528));
#4551=CARTESIAN_POINT('Ctrl Pts',(0.693918270620217,7.54508962360117,-1.00951612569212));
#4552=CARTESIAN_POINT('Ctrl Pts',(-0.469974551276538,7.60849373808523,-1.13126888639396));
#4553=CARTESIAN_POINT('Ctrl Pts',(-1.20497446414803,7.67189785256924,-0.220639785054382));
#4554=CARTESIAN_POINT('Ctrl Pts',(-0.840329722715836,7.73530196705332,0.891342434269492));
#4555=CARTESIAN_POINT('Ctrl Pts',(0.291189434453049,7.79870608153734,1.18989666628001));
#4556=CARTESIAN_POINT('Ctrl Pts',(1.15697274775155,7.8621101960214,0.40256606950173));
#4557=CARTESIAN_POINT('Ctrl Pts',(0.966917175302458,7.92551431050542,-0.752141326800438));
#4558=CARTESIAN_POINT('Ctrl Pts',(-0.105534944544169,7.98891842498948,-1.22045388085683));
#4559=CARTESIAN_POINT('Ctrl Pts',(-1.08167718560331,8.05232253947352,-0.574995564570258));
#4560=CARTESIAN_POINT('Ctrl Pts',(-1.07069434036877,8.11572665395756,0.595196728704871));
#4561=CARTESIAN_POINT('Ctrl Pts',(-0.082609184616816,8.17913076844161,1.22221953333303));
#4562=CARTESIAN_POINT('Ctrl Pts',(0.980864042465773,8.24253488292565,0.733860776449028));
#4563=CARTESIAN_POINT('Ctrl Pts',(1.14921306296799,8.30593899740969,-0.424211545083976));
#4564=CARTESIAN_POINT('Ctrl Pts',(0.26880444598507,8.36934311189374,-1.19515108699406));
#4565=CARTESIAN_POINT('Ctrl Pts',(-0.856911484374043,8.43274722637778,-0.875415633357847));
#4566=CARTESIAN_POINT('Ctrl Pts',(-1.200621200226,8.49615134086182,0.243222622340846));
#4567=CARTESIAN_POINT('Ctrl Pts',(-0.448658029448212,8.55955545534586,1.13988107583896));
#4568=CARTESIAN_POINT('Ctrl Pts',(0.712743025393129,8.62295956982992,0.996332190611358));
#4569=CARTESIAN_POINT('Ctrl Pts',(1.22370716943869,8.68636368431395,-0.0565213214944668));
#4570=CARTESIAN_POINT('Ctrl Pts',(0.617924829694997,8.749767798798,-1.05767219959152));
#4571=CARTESIAN_POINT('Ctrl Pts',(-0.5517554784321,8.81317191328205,-1.09383603568067));
#4572=CARTESIAN_POINT('Ctrl Pts',(-1.2179344180172,8.87657602776608,-0.131339594151313));
#4573=CARTESIAN_POINT('Ctrl Pts',(-0.772596060146407,8.93998014225014,0.950180742642179));
#4574=CARTESIAN_POINT('Ctrl Pts',(0.377713894686895,9.00338425673416,1.16617831936527));
#4575=CARTESIAN_POINT('Ctrl Pts',(1.18352646342793,9.06678837121823,0.314761971062027));
#4576=CARTESIAN_POINT('Ctrl Pts',(1.00032008738857,9.10905778087425,-0.439600018530145));
#4577=CARTESIAN_POINT('Ctrl Pts',(0.769564414209809,9.13019248570226,-0.69508245006036));
#4578=CARTESIAN_POINT('Ctrl Pts',(-0.247571915945272,-0.0433974952340869,
-0.929425364161264));
#4579=CARTESIAN_POINT('Ctrl Pts',(-0.556125491938767,-0.0222627904060724,
-0.847235655416431));
#4580=CARTESIAN_POINT('Ctrl Pts',(-1.07967406126629,0.0200066192499565,
-0.35294095365721));
#4581=CARTESIAN_POINT('Ctrl Pts',(-0.882868407623022,0.0834107337340002,
0.716408467455658));
#4582=CARTESIAN_POINT('Ctrl Pts',(0.121079926927923,0.146814848218043,1.12940241673156));
#4583=CARTESIAN_POINT('Ctrl Pts',(1.01379385927501,0.210218962702087,0.513008161728759));
#4584=CARTESIAN_POINT('Ctrl Pts',(0.981718484339748,0.27362307718613,-0.572223491428328));
#4585=CARTESIAN_POINT('Ctrl Pts',(0.0535357617854371,0.337027191670175,
-1.13489747589607));
#4586=CARTESIAN_POINT('Ctrl Pts',(-0.923395883828698,0.400431306154217,
-0.662064527310949));
#4587=CARTESIAN_POINT('Ctrl Pts',(-1.05770445406657,0.463835420638262,0.415058468001689));
#4588=CARTESIAN_POINT('Ctrl Pts',(-0.226735366186719,0.527239535122303,
1.11335250477135));
#4589=CARTESIAN_POINT('Ctrl Pts',(0.811133888569293,0.590643649606349,0.795642242487153));
#4590=CARTESIAN_POINT('Ctrl Pts',(1.1087807577885,0.654047764090391,-0.248175590447547));
#4591=CARTESIAN_POINT('Ctrl Pts',(0.394563785057901,0.717451878574435,-1.06550389003384));
#4592=CARTESIAN_POINT('Ctrl Pts',(-0.679724872457605,0.780855993058479,
-0.910470640115415));
#4593=CARTESIAN_POINT('Ctrl Pts',(-1.13370630889345,0.844260107542522,0.0754488595932405));
#4594=CARTESIAN_POINT('Ctrl Pts',(-0.55308088033719,0.907664222026563,0.992513560075579));
#4595=CARTESIAN_POINT('Ctrl Pts',(0.5322789185775,0.971068336510611,1.00382336109623));
#4596=CARTESIAN_POINT('Ctrl Pts',(1.13188779841369,1.03447245099465,0.0990561842923291));
#4597=CARTESIAN_POINT('Ctrl Pts',(0.698549908857429,1.0978765654787,-0.896108266892795));
#4598=CARTESIAN_POINT('Ctrl Pts',(-0.372275858283804,1.16128067996274,-1.07349558552666));
#4599=CARTESIAN_POINT('Ctrl Pts',(-1.10336735023307,1.22468479444678,-0.271224187750747));
#4600=CARTESIAN_POINT('Ctrl Pts',(-0.827539557735909,1.28808890893082,0.778562994261557));
#4601=CARTESIAN_POINT('Ctrl Pts',(0.203490497912159,1.35149302341487,1.1178433189334));
#4602=CARTESIAN_POINT('Ctrl Pts',(1.04881766910979,1.41489713789891,0.436993777915294));
#4603=CARTESIAN_POINT('Ctrl Pts',(0.937006925637009,1.47830125238296,-0.642650826429146));
#4604=CARTESIAN_POINT('Ctrl Pts',(-0.0299046406512648,1.541705366867,-1.1358203104935));
#4605=CARTESIAN_POINT('Ctrl Pts',(-0.96952560573356,1.60510948135104,-0.592454356435517));
#4606=CARTESIAN_POINT('Ctrl Pts',(-1.02436960511302,1.66851359583509,0.491578047309815));
#4607=CARTESIAN_POINT('Ctrl Pts',(-0.144386690012163,1.73191771031913,1.12700246161584));
#4608=CARTESIAN_POINT('Ctrl Pts',(0.867361716127011,1.79532182480317,0.733938497443617));
#4609=CARTESIAN_POINT('Ctrl Pts',(1.08756664717946,1.85872593928722,-0.328908577820567));
#4610=CARTESIAN_POINT('Ctrl Pts',(0.315271831904542,1.92213005377126,-1.09159779070193));
#4611=CARTESIAN_POINT('Ctrl Pts',(-0.744736121706463,1.9855341682553,-0.858108485953594));
#4612=CARTESIAN_POINT('Ctrl Pts',(-1.12510718702628,2.04893828273935,0.158479911477142));
#4613=CARTESIAN_POINT('Ctrl Pts',(-0.478719477945753,2.11234239722339,1.03044151997106));
#4614=CARTESIAN_POINT('Ctrl Pts',(0.604541650955214,2.17574651170743,0.962035060121214));
#4615=CARTESIAN_POINT('Ctrl Pts',(1.13610561555987,2.23915062619148,0.0156874132877854));
#4616=CARTESIAN_POINT('Ctrl Pts',(0.630873777172657,2.30255474067552,-0.944976371090243));
#4617=CARTESIAN_POINT('Ctrl Pts',(-0.450085595197838,2.36595885515957,-1.04326651515226));
#4618=CARTESIAN_POINT('Ctrl Pts',(-1.12030247171452,2.42936296964361,-0.189484660363167));
#4619=CARTESIAN_POINT('Ctrl Pts',(-0.768145297044859,2.49276708412765,0.837218530176297));
#4620=CARTESIAN_POINT('Ctrl Pts',(0.28501168711171,2.55617119861169,1.09988654089973));
#4621=CARTESIAN_POINT('Ctrl Pts',(1.07807056335109,2.61957531309574,0.358811824050582));
#4622=CARTESIAN_POINT('Ctrl Pts',(0.887295700804497,2.68297942757978,-0.709710084454569));
#4623=CARTESIAN_POINT('Ctrl Pts',(-0.113214142370574,2.74638354206383,-1.13055942904826));
#4624=CARTESIAN_POINT('Ctrl Pts',(-1.01040617244659,2.80978765654787,-0.519674351228217));
#4625=CARTESIAN_POINT('Ctrl Pts',(-0.985514142235709,2.87319177103192,0.56545905253702));
#4626=CARTESIAN_POINT('Ctrl Pts',(-0.061254207786385,2.93659588551595,1.13456158346346));
#4627=CARTESIAN_POINT('Ctrl Pts',(0.918905552065388,3.,0.668277375814896));
#4628=CARTESIAN_POINT('Ctrl Pts',(1.06048357560714,3.06340411448404,-0.407868423036329));
#4629=CARTESIAN_POINT('Ctrl Pts',(0.234277525843368,3.12680822896809,-1.11179859036039));
#4630=CARTESIAN_POINT('Ctrl Pts',(-0.805727269567954,3.19021234345213,-0.801115242469656));
#4631=CARTESIAN_POINT('Ctrl Pts',(-1.1104354164957,3.25361645793617,0.240655875545719));
#4632=CARTESIAN_POINT('Ctrl Pts',(-0.401774063661345,3.31702057242022,1.06280744559478));
#4633=CARTESIAN_POINT('Ctrl Pts',(0.673541284409171,3.38042468690426,0.915054207595971));
#4634=CARTESIAN_POINT('Ctrl Pts',(1.13419126400214,3.4438288013883,-0.0677660778256001));
#4635=CARTESIAN_POINT('Ctrl Pts',(0.559792453937889,3.50723291587235,-0.988743886533232));
#4636=CARTESIAN_POINT('Ctrl Pts',(-0.525465961818555,3.57063703035639,-1.00740636667273));
#4637=CARTESIAN_POINT('Ctrl Pts',(-1.13119070010053,3.63404114484043,-0.106722371828599));
#4638=CARTESIAN_POINT('Ctrl Pts',(-0.70460492588648,3.69744525932448,0.891355127353377));
#4639=CARTESIAN_POINT('Ctrl Pts',(0.364994508256396,3.76084937380852,1.07599306391134));
#4640=CARTESIAN_POINT('Ctrl Pts',(1.10150451031421,3.82425348829256,0.278693161739049));
#4641=CARTESIAN_POINT('Ctrl Pts',(0.832795246108526,3.88765760277661,-0.772938640968147));
#4642=CARTESIAN_POINT('Ctrl Pts',(-0.195912564087801,3.95106171726065,-1.11919628835839));
#4643=CARTESIAN_POINT('Ctrl Pts',(-1.04583301383296,4.0144658317447,-0.444089373684762));
#4644=CARTESIAN_POINT('Ctrl Pts',(-0.94133931006782,4.07786994622873,0.636287959939277));
#4645=CARTESIAN_POINT('Ctrl Pts',(0.0222088975244801,4.14127406071278,1.13599684397158));
#4646=CARTESIAN_POINT('Ctrl Pts',(0.965489542464939,4.20467817519682,0.599009188605225));
#4647=CARTESIAN_POINT('Ctrl Pts',(1.0276764829549,4.26808228968087,-0.484626774976477));
#4648=CARTESIAN_POINT('Ctrl Pts',(0.152018693369723,4.33148640416491,-1.1259983932088));
#4649=CARTESIAN_POINT('Ctrl Pts',(-0.862369458167266,4.39489051864896,-0.739797933400021));
#4650=CARTESIAN_POINT('Ctrl Pts',(-1.08977000695748,4.458294633133,0.321532885687532));
#4651=CARTESIAN_POINT('Ctrl Pts',(-0.322660050768207,4.52169874761704,1.08943680692407));
#4652=CARTESIAN_POINT('Ctrl Pts',(0.738905440054539,4.58510286210109,0.863134297372346));
#4653=CARTESIAN_POINT('Ctrl Pts',(1.1261550498848,4.64850697658512,-0.150853797637383));
#4654=CARTESIAN_POINT('Ctrl Pts',(0.485689618746944,4.71191109106918,-1.02717459999948));
#4655=CARTESIAN_POINT('Ctrl Pts',(-0.598010095697954,4.77531520555321,-0.966108684406661));
#4656=CARTESIAN_POINT('Ctrl Pts',(-1.13597326164322,4.83871932003726,-0.0233840431559435));
#4657=CARTESIAN_POINT('Ctrl Pts',(-0.63726140912831,4.9021234345213,0.940680583980795));
#4658=CARTESIAN_POINT('Ctrl Pts',(0.443007250556882,4.96552754900535,1.04629185249465));
#4659=CARTESIAN_POINT('Ctrl Pts',(1.11899302335025,5.02893166348939,0.197070237063137));
#4660=CARTESIAN_POINT('Ctrl Pts',(0.773799731188862,5.09233577797344,-0.831995216725848));
#4661=CARTESIAN_POINT('Ctrl Pts',(-0.277553536476095,5.15573989245747,-1.10179222135222));
#4662=CARTESIAN_POINT('Ctrl Pts',(-1.07561491139542,5.21914400694152,-0.366107398213246));
#4663=CARTESIAN_POINT('Ctrl Pts',(-0.892083544850116,5.28254812142556,0.703682466493444));
#4664=CARTESIAN_POINT('Ctrl Pts',(0.105552129034038,5.34595223590961,1.13130049619853));
#4665=CARTESIAN_POINT('Ctrl Pts',(1.00686224754677,5.40935635039365,0.526507814859113));
#4666=CARTESIAN_POINT('Ctrl Pts',(0.9893224473981,5.47276046487771,-0.558769326034349));
#4667=CARTESIAN_POINT('Ctrl Pts',(0.0689393312580698,5.53616457936173,-1.1341205549889));
#4668=CARTESIAN_POINT('Ctrl Pts',(-0.914356958032894,5.59956869384579,-0.674487522449066));
#4669=CARTESIAN_POINT('Ctrl Pts',(-1.06322250114874,5.66297280832981,0.40067440359183));
#4670=CARTESIAN_POINT('Ctrl Pts',(-0.241804461699225,5.72637692281387,1.11018587044918));
#4671=CARTESIAN_POINT('Ctrl Pts',(0.800281311102736,5.78978103729792,0.806555570151451));
#4672=CARTESIAN_POINT('Ctrl Pts',(1.11204034913572,5.85318515178195,-0.233127275402852));
#4673=CARTESIAN_POINT('Ctrl Pts',(0.408965245913359,5.91658926626601,-1.06006107950329));
#4674=CARTESIAN_POINT('Ctrl Pts',(-0.667326435702337,5.97999338075004,-0.91959637496864));
#4675=CARTESIAN_POINT('Ctrl Pts',(-1.1346243421917,6.04339749523409,0.0600805022341482));
#4676=CARTESIAN_POINT('Ctrl Pts',(-0.566478237274068,6.10680160971813,0.984928663070333));
#4677=CARTESIAN_POINT('Ctrl Pts',(0.51862883575112,6.17020572420217,1.01094322064599));
#4678=CARTESIAN_POINT('Ctrl Pts',(1.13044170720457,6.23360983868622,0.114383614451827));
#4679=CARTESIAN_POINT('Ctrl Pts',(0.71062758772933,6.29701395317025,-0.886561050464454));
#4680=CARTESIAN_POINT('Ctrl Pts',(-0.357696397692902,6.36041806765432,-1.07844116748211));
#4681=CARTESIAN_POINT('Ctrl Pts',(-1.09959111562953,6.42382218213833,-0.286149337009973));
#4682=CARTESIAN_POINT('Ctrl Pts',(-0.8380127074074,6.4872262966224,0.767278806475423));
#4683=CARTESIAN_POINT('Ctrl Pts',(0.188325636858256,6.55063041110643,1.12049788895144));
#4684=CARTESIAN_POINT('Ctrl Pts',(1.04280035575641,6.61403452559048,0.451164584909903));
#4685=CARTESIAN_POINT('Ctrl Pts',(0.945628487048888,6.67743864007453,-0.629895887527594));
#4686=CARTESIAN_POINT('Ctrl Pts',(-0.0145121348578113,6.74084275455856,
-1.13612123586563));
#4687=CARTESIAN_POINT('Ctrl Pts',(-0.961409163645227,6.80424686904261,-0.605536526314742));
#4688=CARTESIAN_POINT('Ctrl Pts',(-1.03093619075845,6.86765098352665,0.477653258364837));
#4689=CARTESIAN_POINT('Ctrl Pts',(-0.159643719145363,6.93105509801069,1.12494264190774));
#4690=CARTESIAN_POINT('Ctrl Pts',(0.857337617760982,6.99445921249474,0.745623412864638));
#4691=CARTESIAN_POINT('Ctrl Pts',(1.09192334666355,7.05786332697878,-0.314142435291724));
#4692=CARTESIAN_POINT('Ctrl Pts',(0.330033459651254,7.12126744146283,-1.08722581838751));
#4693=CARTESIAN_POINT('Ctrl Pts',(-0.73304084290178,7.18467155594687,-0.868120491210164));
#4694=CARTESIAN_POINT('Ctrl Pts',(-1.12715122261493,7.24807567043091,0.143220759634378));
#4695=CARTESIAN_POINT('Ctrl Pts',(-0.492637466566147,7.31147978491495,1.02386053311772));
#4696=CARTESIAN_POINT('Ctrl Pts',(0.591451091989839,7.374883899399,0.970137964549564));
#4697=CARTESIAN_POINT('Ctrl Pts',(1.13578876693872,7.43828801388304,0.0310795998729781));
#4698=CARTESIAN_POINT('Ctrl Pts',(0.64361979102367,7.50169212836708,-0.936341620277919));
#4699=CARTESIAN_POINT('Ctrl Pts',(-0.435908572069575,7.56509624285113,-1.04926916479903));
#4700=CARTESIAN_POINT('Ctrl Pts',(-1.11763221353235,7.62850035733518,-0.204646769454973));
#4701=CARTESIAN_POINT('Ctrl Pts',(-0.779418648311328,7.69190447181921,0.826733717159956));
#4702=CARTESIAN_POINT('Ctrl Pts',(0.270082646452674,7.75530858630327,1.10364732579587));
#4703=CARTESIAN_POINT('Ctrl Pts',(1.07310988866509,7.81871270078729,0.373386176003614));
#4704=CARTESIAN_POINT('Ctrl Pts',(0.89683044337359,7.88211681527136,-0.697622564603877));
#4705=CARTESIAN_POINT('Ctrl Pts',(-0.0978852724147208,7.94552092975538,
-1.13198960887573));
#4706=CARTESIAN_POINT('Ctrl Pts',(-1.00327210512966,8.00892504423945,-0.533317165402597));
#4707=CARTESIAN_POINT('Ctrl Pts',(-0.993085348484112,8.07232915872346,0.552054053576955));
#4708=CARTESIAN_POINT('Ctrl Pts',(-0.0766212800423733,8.13573327320754,
1.13362727850609));
#4709=CARTESIAN_POINT('Ctrl Pts',(0.909766375613947,8.19913738769155,0.680667075038145));
#4710=CARTESIAN_POINT('Ctrl Pts',(1.06591266255035,8.26254150217562,-0.393462685097979));
#4711=CARTESIAN_POINT('Ctrl Pts',(0.249320227865613,8.32594561665965,-1.10852088123477));
#4712=CARTESIAN_POINT('Ctrl Pts',(-0.794798485426328,8.38934973114369,-0.811961366137597));
#4713=CARTESIAN_POINT('Ctrl Pts',(-1.11359449477728,8.45275384562774,0.225592695842015));
#4714=CARTESIAN_POINT('Ctrl Pts',(-0.41613717260457,8.51615796011177,1.05725710200364));
#4715=CARTESIAN_POINT('Ctrl Pts',(0.661080038499478,8.57956207459583,0.924113319192888));
#4716=CARTESIAN_POINT('Ctrl Pts',(1.13500708370792,8.64296618907986,-0.0524243886764003));
#4717=CARTESIAN_POINT('Ctrl Pts',(0.573134714267089,8.70637030356392,-0.981007114085929));
#4718=CARTESIAN_POINT('Ctrl Pts',(-0.511761630670468,8.76977441804795,-1.01454962422262));
#4719=CARTESIAN_POINT('Ctrl Pts',(-1.1296527686238,8.833178532532,-0.121819478921124));
#4720=CARTESIAN_POINT('Ctrl Pts',(-0.716594642093364,8.89658264701604,0.881307146542595));
#4721=CARTESIAN_POINT('Ctrl Pts',(0.350335404409847,8.95998676150009,1.08164819689119));
#4722=CARTESIAN_POINT('Ctrl Pts',(1.09773886538775,9.02339087598413,0.291946534072479));
#4723=CARTESIAN_POINT('Ctrl Pts',(0.927812154342561,9.06566028564016,-0.407735729176706));
#4724=CARTESIAN_POINT('Ctrl Pts',(0.71378274419878,9.08679499046817,-0.644699585229563));
#4725=CARTESIAN_POINT('Ctrl Pts',(-0.228224327296629,-0.0867949904681737,
-0.856791359788238));
#4726=CARTESIAN_POINT('Ctrl Pts',(-0.512664636477948,-0.0656602856401592,
-0.781024724799067));
#4727=CARTESIAN_POINT('Ctrl Pts',(-0.995298216242708,-0.0233908759841302,
-0.32535884135442));
#4728=CARTESIAN_POINT('Ctrl Pts',(-0.813872799957456,0.0400132384999131,
0.660421598832802));
#4729=CARTESIAN_POINT('Ctrl Pts',(0.111617607218255,0.103417352983957,1.0411403321802));
#4730=CARTESIAN_POINT('Ctrl Pts',(0.934566510369613,0.166821467468,0.472916898353317));
#4731=CARTESIAN_POINT('Ctrl Pts',(0.904997805698746,0.230225581952044,-0.527504587488945));
#4732=CARTESIAN_POINT('Ctrl Pts',(0.0493519758618128,0.293629696436087,
-1.04620595594647));
#4733=CARTESIAN_POINT('Ctrl Pts',(-0.85123307953018,0.357033810920131,-0.610324603239343));
#4734=CARTESIAN_POINT('Ctrl Pts',(-0.975045519950468,0.420437925404174,
0.382621911240509));
#4735=CARTESIAN_POINT('Ctrl Pts',(-0.209016140723159,0.483842039888217,
1.02634471068854));
#4736=CARTESIAN_POINT('Ctrl Pts',(0.747744288197651,0.547246154372261,0.733463304458786));
#4737=CARTESIAN_POINT('Ctrl Pts',(1.02213024284089,0.610650268856304,-0.228780825018358));
#4738=CARTESIAN_POINT('Ctrl Pts',(0.363728874806453,0.674054383340348,-0.982235434929831));
#4739=CARTESIAN_POINT('Ctrl Pts',(-0.626604803582476,0.73745849782439,-0.839317935438226));
#4740=CARTESIAN_POINT('Ctrl Pts',(-1.04510787789172,0.800862612308436,0.0695525789353733));
#4741=CARTESIAN_POINT('Ctrl Pts',(-0.509857959347401,0.864266726792477,
0.914949253093411));
#4742=CARTESIAN_POINT('Ctrl Pts',(0.490681657742557,0.927670841276522,0.925375200317436));
#4743=CARTESIAN_POINT('Ctrl Pts',(1.0434314828558,0.991074955760565,0.0913150061402163));
#4744=CARTESIAN_POINT('Ctrl Pts',(0.643958675293972,1.05447907024461,-0.826077972599145));
#4745=CARTESIAN_POINT('Ctrl Pts',(-0.343182735413245,1.11788318472865,-0.989602584474409));
#4746=CARTESIAN_POINT('Ctrl Pts',(-1.0171398896621,1.1812872992127,-0.250028189019923));
#4747=CARTESIAN_POINT('Ctrl Pts',(-0.762867864695032,1.24469141369674,0.717718788679862));
#4748=CARTESIAN_POINT('Ctrl Pts',(0.18758784420251,1.30809552818078,1.03048457056414));
#4749=CARTESIAN_POINT('Ctrl Pts',(0.966853231617415,1.37149964266482,0.402842990557853));
#4750=CARTESIAN_POINT('Ctrl Pts',(0.863780427029786,1.43490375714887,-0.592428070802817));
#4751=CARTESIAN_POINT('Ctrl Pts',(-0.027567611898239,1.49830787163291,-1.04705667160378));
#4752=CARTESIAN_POINT('Ctrl Pts',(-0.893757792843966,1.56171198611695,-0.546154423191293));
#4753=CARTESIAN_POINT('Ctrl Pts',(-0.944315768359261,1.625116100601,0.453161533822253));
#4754=CARTESIAN_POINT('Ctrl Pts',(-0.133102961508352,1.68852021508504,1.03892793203886));
#4755=CARTESIAN_POINT('Ctrl Pts',(0.799577946594299,1.75192432956909,0.676581668064468));
#4756=CARTESIAN_POINT('Ctrl Pts',(1.00257400155861,1.81532844405313,-0.303204580489589));
#4757=CARTESIAN_POINT('Ctrl Pts',(0.290633537642032,1.87873255853718,-1.00629011376439));
#4758=CARTESIAN_POINT('Ctrl Pts',(-0.686535464820375,1.94213667302122,-0.791047850506518));
#4759=CARTESIAN_POINT('Ctrl Pts',(-1.03718077195976,2.00554078750526,0.146094806629422));
#4760=CARTESIAN_POINT('Ctrl Pts',(-0.441307853521298,2.06894490198931,0.94991316691146));
#4761=CARTESIAN_POINT('Ctrl Pts',(0.55729710328916,2.13234901647335,0.886852628633661));
#4762=CARTESIAN_POINT('Ctrl Pts',(1.04731968025966,2.19575313095739,0.0144614518612056));
#4763=CARTESIAN_POINT('Ctrl Pts',(0.581571390497061,2.25915724544143,-0.871127065361305));
#4764=CARTESIAN_POINT('Ctrl Pts',(-0.414911690599984,2.32256135992548,-0.961735896830713));
#4765=CARTESIAN_POINT('Ctrl Pts',(-1.03275154211077,2.38596547440952,-0.174676553999661));
#4766=CARTESIAN_POINT('Ctrl Pts',(-0.70811522791174,2.44936958889356,0.77179043156089));
#4767=CARTESIAN_POINT('Ctrl Pts',(0.262738204026044,2.51277370337761,1.01393110337663));
#4768=CARTESIAN_POINT('Ctrl Pts',(0.993820030675412,2.57617781786165,0.330770906939715));
#4769=CARTESIAN_POINT('Ctrl Pts',(0.81795410297694,2.6395819323457,-0.654246690226704));
#4770=CARTESIAN_POINT('Ctrl Pts',(-0.104366528749169,2.70298604682974,-1.04220692471613));
#4771=CARTESIAN_POINT('Ctrl Pts',(-0.931443569124222,2.76639016131378,-0.479062129359576));
#4772=CARTESIAN_POINT('Ctrl Pts',(-0.908496835330786,2.82979427579783,0.52126878521867));
#4773=CARTESIAN_POINT('Ctrl Pts',(-0.0564672301894949,2.89319839028187,
1.04589631329503));
#4774=CARTESIAN_POINT('Ctrl Pts',(0.847093664354163,2.95660250476592,0.616051921562165));
#4775=CARTESIAN_POINT('Ctrl Pts',(0.97760745490036,3.02000661924996,-0.375993763741687));
#4776=CARTESIAN_POINT('Ctrl Pts',(0.21596888537285,3.083410733734,-1.02491223370599));
#4777=CARTESIAN_POINT('Ctrl Pts',(-0.742760193051727,3.14681484821804,-0.73850859295418));
#4778=CARTESIAN_POINT('Ctrl Pts',(-1.02365559101665,3.21021896270209,0.221848771080094));
#4779=CARTESIAN_POINT('Ctrl Pts',(-0.370375674697341,3.27362307718613,0.979749715918251));
#4780=CARTESIAN_POINT('Ctrl Pts',(0.620904459029075,3.33702719167017,0.843543300019158));
#4781=CARTESIAN_POINT('Ctrl Pts',(1.0455549340654,3.40043130615422,-0.0624702017037232));
#4782=CARTESIAN_POINT('Ctrl Pts',(0.516045027716093,3.46383542063826,-0.911474177154185));
#4783=CARTESIAN_POINT('Ctrl Pts',(-0.484401129245315,3.5272395351223,-0.928678196274287));
#4784=CARTESIAN_POINT('Ctrl Pts',(-1.04278886233492,3.59064364960635,-0.0983820859691819));
#4785=CARTESIAN_POINT('Ctrl Pts',(-0.649540496571838,3.65404776409039,0.821696287908502));
#4786=CARTESIAN_POINT('Ctrl Pts',(0.336470418285224,3.71745187857444,0.991904886502918));
#4787=CARTESIAN_POINT('Ctrl Pts',(1.01542262950469,3.78085599305848,0.256913467414961));
#4788=CARTESIAN_POINT('Ctrl Pts',(0.767712824345409,3.84426010754252,-0.712533975039082));
#4789=CARTESIAN_POINT('Ctrl Pts',(-0.180602121113689,3.90766422202656,-1.03173180628429));
#4790=CARTESIAN_POINT('Ctrl Pts',(-0.964101825262749,3.97106833651061,-0.409384070005707));
#4791=CARTESIAN_POINT('Ctrl Pts',(-0.867774238357442,4.03447245099465,0.586562458304792));
#4792=CARTESIAN_POINT('Ctrl Pts',(0.0204732862294635,4.0978765654787,1.0472194091022));
#4793=CARTESIAN_POINT('Ctrl Pts',(0.890037145367089,4.16128067996274,0.552196999372691));
#4794=CARTESIAN_POINT('Ctrl Pts',(0.9473642157893,4.22468479444678,-0.446753499025275));
#4795=CARTESIAN_POINT('Ctrl Pts',(0.140138528630553,4.28808890893082,-1.03800233094279));
#4796=CARTESIAN_POINT('Ctrl Pts',(-0.794975830436641,4.35149302341487,-0.681983192806813));
#4797=CARTESIAN_POINT('Ctrl Pts',(-1.00460517016354,4.41489713789891,0.296405294031827));
#4798=CARTESIAN_POINT('Ctrl Pts',(-0.297444371874348,4.47830125238296,1.004298009502));
#4799=CARTESIAN_POINT('Ctrl Pts',(0.681160447251802,4.541705366867,0.795680897941584));
#4800=CARTESIAN_POINT('Ctrl Pts',(1.03814674499863,4.60510948135104,-0.139064668762932));
#4801=CARTESIAN_POINT('Ctrl Pts',(0.4477332822273,4.66851359583508,-0.946901554669423));
#4802=CARTESIAN_POINT('Ctrl Pts',(-0.551275984944225,4.73191771031913,-0.890607901757657));
#4803=CARTESIAN_POINT('Ctrl Pts',(-1.04719766971788,4.79532182480317,-0.0215565949730746));
#4804=CARTESIAN_POINT('Ctrl Pts',(-0.587459833055382,4.85872593928722,0.867166991297491));
#4805=CARTESIAN_POINT('Ctrl Pts',(0.408386514115857,4.92213005377126,0.964524805973233));
#4806=CARTESIAN_POINT('Ctrl Pts',(1.03154442630797,4.98553416825531,0.181669322678199));
#4807=CARTESIAN_POINT('Ctrl Pts',(0.713327771603665,5.04893828273934,-0.766975316752991));
#4808=CARTESIAN_POINT('Ctrl Pts',(-0.255862903145525,5.11234239722339,-1.01568785610705));
#4809=CARTESIAN_POINT('Ctrl Pts',(-0.991556286366943,5.17574651170744,-0.337496336595818));
#4810=CARTESIAN_POINT('Ctrl Pts',(-0.822367780038575,5.23915062619146,0.648690126796937));
#4811=CARTESIAN_POINT('Ctrl Pts',(0.0973032969088692,5.30255474067553,1.0428900779373));
#4812=CARTESIAN_POINT('Ctrl Pts',(0.92817659971388,5.36595885515955,0.485361562129697));
#4813=CARTESIAN_POINT('Ctrl Pts',(0.912007523853386,5.42936296964361,-0.515101856611115));
#4814=CARTESIAN_POINT('Ctrl Pts',(0.0635517661224971,5.49276708412765,-1.04548975091682));
#4815=CARTESIAN_POINT('Ctrl Pts',(-0.842900540068445,5.55617119861169,-0.621776749164622));
#4816=CARTESIAN_POINT('Ctrl Pts',(-0.98013233514318,5.61957531309575,0.369361952366754));
#4817=CARTESIAN_POINT('Ctrl Pts',(-0.222907595952152,5.68297942757977,1.02342554683584));
#4818=CARTESIAN_POINT('Ctrl Pts',(0.737739832796145,5.74638354206383,0.743523762468501));
#4819=CARTESIAN_POINT('Ctrl Pts',(1.02513509918593,5.80978765654786,-0.214908526276758));
#4820=CARTESIAN_POINT('Ctrl Pts',(0.377004870604586,5.87319177103192,-0.977217976599808));
#4821=CARTESIAN_POINT('Ctrl Pts',(-0.615175296817956,5.93659588551595,-0.847730499884449));
#4822=CARTESIAN_POINT('Ctrl Pts',(-1.04595416746835,6.00000000000001,0.0553852489838272));
#4823=CARTESIAN_POINT('Ctrl Pts',(-0.522208321313123,6.06340411448403,0.907957110991885));
#4824=CARTESIAN_POINT('Ctrl Pts',(0.478098320255753,6.12680822896809,0.931938647346502));
#4825=CARTESIAN_POINT('Ctrl Pts',(1.04209840276006,6.19021234345213,0.105444607326932));
#4826=CARTESIAN_POINT('Ctrl Pts',(0.655092491200837,6.25361645793617,-0.817276865096327));
#4827=CARTESIAN_POINT('Ctrl Pts',(-0.32974265044641,6.31702057242022,-0.994161672327989));
#4828=CARTESIAN_POINT('Ctrl Pts',(-1.01365876540445,6.38042468690425,-0.26378694730429));
#4829=CARTESIAN_POINT('Ctrl Pts',(-0.772522544343678,6.44382880138831,0.707316453032272));
#4830=CARTESIAN_POINT('Ctrl Pts',(0.173608107448608,6.50723291587235,1.03293168761422));
#4831=CARTESIAN_POINT('Ctrl Pts',(0.96130616749681,6.57063703035639,0.41590635794848));
#4832=CARTESIAN_POINT('Ctrl Pts',(0.871728218870227,6.63404114484044,-0.580669922309269));
#4833=CARTESIAN_POINT('Ctrl Pts',(-0.0133780206972021,6.69744525932447,
-1.04733407984841));
#4834=CARTESIAN_POINT('Ctrl Pts',(-0.886275645571411,6.76084937380852,-0.55821422976857));
#4835=CARTESIAN_POINT('Ctrl Pts',(-0.950369179489679,6.82425348829257,0.440324958326274));
#4836=CARTESIAN_POINT('Ctrl Pts',(-0.147167663464449,6.8876576027766,1.03702908593817));
#4837=CARTESIAN_POINT('Ctrl Pts',(0.790337225175607,6.95106171726066,0.687353414735725));
#4838=CARTESIAN_POINT('Ctrl Pts',(1.00659022773351,7.01446583174469,-0.289592402660192));
#4839=CARTESIAN_POINT('Ctrl Pts',(0.304241553516665,7.07786994622874,-1.00225980832119));
#4840=CARTESIAN_POINT('Ctrl Pts',(-0.675754164657333,7.14127406071279,-0.800277423884607));
#4841=CARTESIAN_POINT('Ctrl Pts',(-1.03906506745996,7.20467817519681,0.132028147852173));
#4842=CARTESIAN_POINT('Ctrl Pts',(-0.454138160133755,7.26808228968088,0.943846480018418));
#4843=CARTESIAN_POINT('Ctrl Pts',(0.545229563227507,7.3314864041649,0.894322296205801));
#4844=CARTESIAN_POINT('Ctrl Pts',(1.04702759315786,7.39489051864896,0.0286507487999036));
#4845=CARTESIAN_POINT('Ctrl Pts',(0.593321311427122,7.458294633133,-0.86316711486372));
#4846=CARTESIAN_POINT('Ctrl Pts',(-0.401842592862613,7.52169874761704,-0.967269443204095));
#4847=CARTESIAN_POINT('Ctrl Pts',(-1.03028996291667,7.5851028621011,-0.188653753855563));
#4848=CARTESIAN_POINT('Ctrl Pts',(-0.718507573906822,7.64850697658512,0.762125000050417));
#4849=CARTESIAN_POINT('Ctrl Pts',(0.248975858452302,7.71191109106918,1.01739798531174));
#4850=CARTESIAN_POINT('Ctrl Pts',(0.989247029578631,7.77531520555321,0.344206282505497));
#4851=CARTESIAN_POINT('Ctrl Pts',(0.826743711444725,7.83871932003726,-0.643103802407317));
#4852=CARTESIAN_POINT('Ctrl Pts',(-0.0902356002852749,7.9021234345213,-1.04352533689462));
#4853=CARTESIAN_POINT('Ctrl Pts',(-0.924867024655998,7.96552754900535,-0.491638766234936));
#4854=CARTESIAN_POINT('Ctrl Pts',(-0.915476356599459,8.02893166348939,0.508911378449037));
#4855=CARTESIAN_POINT('Ctrl Pts',(-0.0706333754679306,8.09233577797344,
1.04503502367916));
#4856=CARTESIAN_POINT('Ctrl Pts',(0.838668708762121,8.15573989245747,0.627473373627262));
#4857=CARTESIAN_POINT('Ctrl Pts',(0.982612262132706,8.21914400694153,-0.362713825111982));
#4858=CARTESIAN_POINT('Ctrl Pts',(0.229836009746155,8.28254812142556,-1.02189067547548));
#4859=CARTESIAN_POINT('Ctrl Pts',(-0.732685486478611,8.34595223590961,-0.748507098917349));
#4860=CARTESIAN_POINT('Ctrl Pts',(-1.02656778932856,8.40935635039365,0.207962769343185));
#4861=CARTESIAN_POINT('Ctrl Pts',(-0.383616315760927,8.4727604648777,0.97463312816832));
#4862=CARTESIAN_POINT('Ctrl Pts',(0.609417051605826,8.53616457936173,0.851894447774417));
#4863=CARTESIAN_POINT('Ctrl Pts',(1.04630699797715,8.59956869384579,-0.0483274558583346));
#4864=CARTESIAN_POINT('Ctrl Pts',(0.52834459883918,8.66297280832982,-0.904342028580339));
#4865=CARTESIAN_POINT('Ctrl Pts',(-0.471767782908835,8.72637692281387,-0.935263212764573));
#4866=CARTESIAN_POINT('Ctrl Pts',(-1.0413711192304,8.78978103729791,-0.112299363690933));
#4867=CARTESIAN_POINT('Ctrl Pts',(-0.660593224040322,8.85318515178196,0.812433550443008));
#4868=CARTESIAN_POINT('Ctrl Pts',(0.3229569141328,8.91658926626599,0.997118074417108));
#4869=CARTESIAN_POINT('Ctrl Pts',(1.01195126734757,8.97999338075005,0.26913109708293));
#4870=CARTESIAN_POINT('Ctrl Pts',(0.855304221296556,9.02226279040607,-0.375871439823268));
#4871=CARTESIAN_POINT('Ctrl Pts',(0.658001074187751,9.04339749523409,-0.594316720398765));
#4872=CARTESIAN_POINT('Ctrl Pts',(-0.208876738647986,-0.130192485702261,
-0.784157355415213));
#4873=CARTESIAN_POINT('Ctrl Pts',(-0.46920378101713,-0.109057780874246,
-0.714813794181702));
#4874=CARTESIAN_POINT('Ctrl Pts',(-0.910922371219126,-0.0667883712182171,
-0.29777672905163));
#4875=CARTESIAN_POINT('Ctrl Pts',(-0.74487719229189,-0.00338425673417356,
0.604434730209946));
#4876=CARTESIAN_POINT('Ctrl Pts',(0.102155287508587,0.0600198577498697,
0.95287824762883));
#4877=CARTESIAN_POINT('Ctrl Pts',(0.85533916146422,0.123423972233914,0.432825634977877));
#4878=CARTESIAN_POINT('Ctrl Pts',(0.828277127057743,0.186828086717957,-0.482785683549564));
#4879=CARTESIAN_POINT('Ctrl Pts',(0.04516818993819,0.250232201202,-0.957514435996874));
#4880=CARTESIAN_POINT('Ctrl Pts',(-0.779070275231664,0.313636315686044,
-0.558584679167738));
#4881=CARTESIAN_POINT('Ctrl Pts',(-0.892386585834365,0.377040430170088,
0.350185354479332));
#4882=CARTESIAN_POINT('Ctrl Pts',(-0.191296915259598,0.44044454465413,0.939336916605736));
#4883=CARTESIAN_POINT('Ctrl Pts',(0.684354687826008,0.503848659138174,0.671284366430419));
#4884=CARTESIAN_POINT('Ctrl Pts',(0.93547972789329,0.567252773622218,-0.209386059589171));
#4885=CARTESIAN_POINT('Ctrl Pts',(0.332893964555004,0.63065688810626,-0.898966979825817));
#4886=CARTESIAN_POINT('Ctrl Pts',(-0.573484734707344,0.694061002590305,
-0.768165230761039));
#4887=CARTESIAN_POINT('Ctrl Pts',(-0.95650944689,0.757465117074347,0.0636562982775064));
#4888=CARTESIAN_POINT('Ctrl Pts',(-0.466635038357612,0.820869231558392,
0.837384946111244));
#4889=CARTESIAN_POINT('Ctrl Pts',(0.449084396907614,0.884273346042434,0.846927039538646));
#4890=CARTESIAN_POINT('Ctrl Pts',(0.954975167297915,0.947677460526479,0.0835738279881038));
#4891=CARTESIAN_POINT('Ctrl Pts',(0.589367441730517,1.01108157501052,-0.756047678305495));
#4892=CARTESIAN_POINT('Ctrl Pts',(-0.314089612542686,1.07448568949457,-0.905709583422162));
#4893=CARTESIAN_POINT('Ctrl Pts',(-0.930912429091116,1.13788980397861,-0.228832190289098));
#4894=CARTESIAN_POINT('Ctrl Pts',(-0.698196171654157,1.20129391846265,0.656874583098166));
#4895=CARTESIAN_POINT('Ctrl Pts',(0.171685190492861,1.2646980329467,0.943125822194893));
#4896=CARTESIAN_POINT('Ctrl Pts',(0.884888794125037,1.32810214743074,0.368692203200409));
#4897=CARTESIAN_POINT('Ctrl Pts',(0.790553928422561,1.39150626191478,-0.542205315176487));
#4898=CARTESIAN_POINT('Ctrl Pts',(-0.0252305831452104,1.45491037639883,
-0.958293032714062));
#4899=CARTESIAN_POINT('Ctrl Pts',(-0.817989979954376,1.51831449088287,-0.499854489947068));
#4900=CARTESIAN_POINT('Ctrl Pts',(-0.864261931605495,1.58171860536691,0.414745020334689));
#4901=CARTESIAN_POINT('Ctrl Pts',(-0.121819233004543,1.64512271985096,0.950853402461879));
#4902=CARTESIAN_POINT('Ctrl Pts',(0.731794177061587,1.708526834335,0.619224838685318));
#4903=CARTESIAN_POINT('Ctrl Pts',(0.917581355937759,1.77193094881904,-0.27750058315861));
#4904=CARTESIAN_POINT('Ctrl Pts',(0.26599524337952,1.83533506330309,-0.92098243682684));
#4905=CARTESIAN_POINT('Ctrl Pts',(-0.628334807934286,1.89873917778713,-0.723987215059443));
#4906=CARTESIAN_POINT('Ctrl Pts',(-0.94925435689325,1.96214329227117,0.133709701781701));
#4907=CARTESIAN_POINT('Ctrl Pts',(-0.403896229096841,2.02554740675522,0.869384813851862));
#4908=CARTESIAN_POINT('Ctrl Pts',(0.510052555623104,2.08895152123926,0.811670197146107));
#4909=CARTESIAN_POINT('Ctrl Pts',(0.958533744959456,2.15235563572331,0.0132354904346268));
#4910=CARTESIAN_POINT('Ctrl Pts',(0.532269003821464,2.21575975020735,-0.797277759632368));
#4911=CARTESIAN_POINT('Ctrl Pts',(-0.379737786002128,2.27916386469139,-0.880205278509161));
#4912=CARTESIAN_POINT('Ctrl Pts',(-0.945200612507019,2.34256797917544,-0.159868447636157));
#4913=CARTESIAN_POINT('Ctrl Pts',(-0.648085158778622,2.40597209365948,0.706362332945484));
#4914=CARTESIAN_POINT('Ctrl Pts',(0.240464720940378,2.46937620814352,0.927975665853538));
#4915=CARTESIAN_POINT('Ctrl Pts',(0.909569497999734,2.53278032262756,0.302729989828848));
#4916=CARTESIAN_POINT('Ctrl Pts',(0.748612505149383,2.59618443711161,-0.598783295998839));
#4917=CARTESIAN_POINT('Ctrl Pts',(-0.0955189151277628,2.65958855159565,
-0.953854420383988));
#4918=CARTESIAN_POINT('Ctrl Pts',(-0.85248096580185,2.7229926660797,-0.438449907490936));
#4919=CARTESIAN_POINT('Ctrl Pts',(-0.831479528425864,2.78639678056374,0.477078517900321));
#4920=CARTESIAN_POINT('Ctrl Pts',(-0.0516802525926036,2.84980089504779,
0.957231043126593));
#4921=CARTESIAN_POINT('Ctrl Pts',(0.775281776642936,2.91320500953183,0.563826467309433));
#4922=CARTESIAN_POINT('Ctrl Pts',(0.894731334193581,2.97660912401587,-0.344119104447044));
#4923=CARTESIAN_POINT('Ctrl Pts',(0.197660244902333,3.04001323849991,-0.938025877051594));
#4924=CARTESIAN_POINT('Ctrl Pts',(-0.6797931165355,3.10341735298396,-0.675901943438703));
#4925=CARTESIAN_POINT('Ctrl Pts',(-0.936875765537609,3.166821467468,0.20304166661447));
#4926=CARTESIAN_POINT('Ctrl Pts',(-0.338977285733337,3.23022558195204,0.896691986241722));
#4927=CARTESIAN_POINT('Ctrl Pts',(0.568267633648978,3.29362969643608,0.772032392442347));
#4928=CARTESIAN_POINT('Ctrl Pts',(0.95691860412865,3.35703381092013,-0.0571743255818476));
#4929=CARTESIAN_POINT('Ctrl Pts',(0.472297601494297,3.42043792540417,-0.834204467775136));
#4930=CARTESIAN_POINT('Ctrl Pts',(-0.443336296672075,3.48384203988822,-0.849950025875847));
#4931=CARTESIAN_POINT('Ctrl Pts',(-0.954387024569308,3.54724615437226,-0.090041800109764));
#4932=CARTESIAN_POINT('Ctrl Pts',(-0.594476067257196,3.61065026885631,0.752037448463627));
#4933=CARTESIAN_POINT('Ctrl Pts',(0.307946328314052,3.67405438334035,0.907816709094494));
#4934=CARTESIAN_POINT('Ctrl Pts',(0.929340748695178,3.73745849782439,0.235133773090873));
#4935=CARTESIAN_POINT('Ctrl Pts',(0.702630402582293,3.80086261230843,-0.652129309110018));
#4936=CARTESIAN_POINT('Ctrl Pts',(-0.165291678139577,3.86426672679248,-0.944267324210186));
#4937=CARTESIAN_POINT('Ctrl Pts',(-0.882370636692543,3.92767084127652,-0.374678766326652));
#4938=CARTESIAN_POINT('Ctrl Pts',(-0.794209166647065,3.99107495576057,0.536836956670307));
#4939=CARTESIAN_POINT('Ctrl Pts',(0.0187376749344468,4.05447907024461,0.958441974232825));
#4940=CARTESIAN_POINT('Ctrl Pts',(0.81458474826924,4.11788318472865,0.505384810140156));
#4941=CARTESIAN_POINT('Ctrl Pts',(0.867051948623703,4.18128729921269,-0.408880223074072));
#4942=CARTESIAN_POINT('Ctrl Pts',(0.128258363891385,4.24469141369674,-0.950006268676775));
#4943=CARTESIAN_POINT('Ctrl Pts',(-0.727582202706016,4.30809552818078,-0.624168452213603));
#4944=CARTESIAN_POINT('Ctrl Pts',(-0.919440333369598,4.37149964266482,0.271277702376121));
#4945=CARTESIAN_POINT('Ctrl Pts',(-0.272228692980489,4.43490375714887,0.91915921207993));
#4946=CARTESIAN_POINT('Ctrl Pts',(0.623415454449064,4.49830787163292,0.728227498510823));
#4947=CARTESIAN_POINT('Ctrl Pts',(0.950138440112471,4.56171198611695,-0.12727553988848));
#4948=CARTESIAN_POINT('Ctrl Pts',(0.409776945707654,4.625116100601,-0.866628509339365));
#4949=CARTESIAN_POINT('Ctrl Pts',(-0.504541874190494,4.68852021508504,-0.815107119108653));
#4950=CARTESIAN_POINT('Ctrl Pts',(-0.958422077792553,4.75192432956909,-0.0197291467902071));
#4951=CARTESIAN_POINT('Ctrl Pts',(-0.537658256982454,4.81532844405313,0.793653398614189));
#4952=CARTESIAN_POINT('Ctrl Pts',(0.373765777674833,4.87873255853717,0.882757759451817));
#4953=CARTESIAN_POINT('Ctrl Pts',(0.9440958292657,4.94213667302122,0.166268408293262));
#4954=CARTESIAN_POINT('Ctrl Pts',(0.652855812018466,5.00554078750526,-0.701955416780135));
#4955=CARTESIAN_POINT('Ctrl Pts',(-0.234172269814956,5.0689449019893,-0.929583490861889));
#4956=CARTESIAN_POINT('Ctrl Pts',(-0.907497661338466,5.13234901647335,-0.308885274978391));
#4957=CARTESIAN_POINT('Ctrl Pts',(-0.752652015227035,5.19575313095739,0.59369778710043));
#4958=CARTESIAN_POINT('Ctrl Pts',(0.0890544647837003,5.25915724544144,0.954479659676073));
#4959=CARTESIAN_POINT('Ctrl Pts',(0.849490951880992,5.32256135992547,0.444215309400281));
#4960=CARTESIAN_POINT('Ctrl Pts',(0.834692600308673,5.38596547440952,-0.471434387187878));
#4961=CARTESIAN_POINT('Ctrl Pts',(0.0581642009869241,5.44936958889356,-0.956858946844736));
#4962=CARTESIAN_POINT('Ctrl Pts',(-0.771444122103995,5.51277370337761,-0.569065975880177));
#4963=CARTESIAN_POINT('Ctrl Pts',(-0.897042169137621,5.57617781786165,0.338049501141677));
#4964=CARTESIAN_POINT('Ctrl Pts',(-0.204010730205081,5.63958193234569,0.9366652232225));
#4965=CARTESIAN_POINT('Ctrl Pts',(0.675198354489554,5.70298604682974,0.68049195478555));
#4966=CARTESIAN_POINT('Ctrl Pts',(0.938229849236148,5.76639016131379,-0.196689777150665));
#4967=CARTESIAN_POINT('Ctrl Pts',(0.345044495295814,5.82979427579782,-0.894374873696327));
#4968=CARTESIAN_POINT('Ctrl Pts',(-0.563024157933577,5.89319839028187,-0.77586462480026));
#4969=CARTESIAN_POINT('Ctrl Pts',(-0.957283992744995,5.95660250476591,0.0506899957335065));
#4970=CARTESIAN_POINT('Ctrl Pts',(-0.477938405352181,6.02000661924996,0.830985558913438));
#4971=CARTESIAN_POINT('Ctrl Pts',(0.437567804760388,6.083410733734,0.852934074047015));
#4972=CARTESIAN_POINT('Ctrl Pts',(0.953755098315552,6.14681484821804,0.0965056002020352));
#4973=CARTESIAN_POINT('Ctrl Pts',(0.599557394672345,6.21021896270209,-0.747992679728198));
#4974=CARTESIAN_POINT('Ctrl Pts',(-0.30178890319992,6.27362307718613,-0.909882177173869));
#4975=CARTESIAN_POINT('Ctrl Pts',(-0.927726415179377,6.33702719167017,-0.241424557598606));
#4976=CARTESIAN_POINT('Ctrl Pts',(-0.707032381279957,6.40043130615422,0.647354099589122));
#4977=CARTESIAN_POINT('Ctrl Pts',(0.158890578038961,6.46383542063826,0.945365486276998));
#4978=CARTESIAN_POINT('Ctrl Pts',(0.879811979237212,6.5272395351223,0.380648130987057));
#4979=CARTESIAN_POINT('Ctrl Pts',(0.797827950691567,6.59064364960634,-0.531443957090945));
#4980=CARTESIAN_POINT('Ctrl Pts',(-0.0122439065365935,6.65404776409039,
-0.958546923831184));
#4981=CARTESIAN_POINT('Ctrl Pts',(-0.811142127497594,6.71745187857443,-0.510891933222399));
#4982=CARTESIAN_POINT('Ctrl Pts',(-0.869802168220911,6.78085599305848,0.402996658287711));
#4983=CARTESIAN_POINT('Ctrl Pts',(-0.134691607783534,6.84426010754252,0.949115529968597));
#4984=CARTESIAN_POINT('Ctrl Pts',(0.723336832590231,6.90766422202657,0.629083416606812));
#4985=CARTESIAN_POINT('Ctrl Pts',(0.921257108803474,6.9710683365106,-0.26504237002866));
#4986=CARTESIAN_POINT('Ctrl Pts',(0.278449647382076,7.03447245099465,-0.917293798254864));
#4987=CARTESIAN_POINT('Ctrl Pts',(-0.618467486412887,7.09787656547869,-0.73243435655905));
#4988=CARTESIAN_POINT('Ctrl Pts',(-0.950978912304993,7.16128067996274,0.120835536069967));
#4989=CARTESIAN_POINT('Ctrl Pts',(-0.415638853701364,7.22468479444679,0.863832426919113));
#4990=CARTESIAN_POINT('Ctrl Pts',(0.499008034465176,7.28808890893082,0.818506627862038));
#4991=CARTESIAN_POINT('Ctrl Pts',(0.958266419376995,7.35149302341487,0.026221897726829));
#4992=CARTESIAN_POINT('Ctrl Pts',(0.543022831830575,7.41489713789891,-0.789992609449521));
#4993=CARTESIAN_POINT('Ctrl Pts',(-0.367776613655651,7.47830125238296,-0.885269721609162));
#4994=CARTESIAN_POINT('Ctrl Pts',(-0.942947712300991,7.541705366867,-0.172660738256153));
#4995=CARTESIAN_POINT('Ctrl Pts',(-0.657596499502316,7.60510948135104,0.69751628294088));
#4996=CARTESIAN_POINT('Ctrl Pts',(0.227869070451928,7.66851359583509,0.931148644827606));
#4997=CARTESIAN_POINT('Ctrl Pts',(0.905384170492172,7.73191771031912,0.31502638900738));
#4998=CARTESIAN_POINT('Ctrl Pts',(0.756656979515858,7.79532182480318,-0.588585040210757));
#4999=CARTESIAN_POINT('Ctrl Pts',(-0.0825859281558275,7.85872593928721,
-0.955061064913519));
#5000=CARTESIAN_POINT('Ctrl Pts',(-0.846461944182342,7.92213005377126,-0.449960367067275));
#5001=CARTESIAN_POINT('Ctrl Pts',(-0.837867364714805,7.9855341682553,0.465768703321122));
#5002=CARTESIAN_POINT('Ctrl Pts',(-0.0646454708934883,8.04893828273935,
0.956442768852219));
#5003=CARTESIAN_POINT('Ctrl Pts',(0.767571041910295,8.11234239722339,0.574279672216381));
#5004=CARTESIAN_POINT('Ctrl Pts',(0.899311861715063,8.17574651170744,-0.331964965125985));
#5005=CARTESIAN_POINT('Ctrl Pts',(0.210351791626698,8.23915062619147,-0.935260469716185));
#5006=CARTESIAN_POINT('Ctrl Pts',(-0.670572487530895,8.30255474067553,-0.6850528316971));
#5007=CARTESIAN_POINT('Ctrl Pts',(-0.93954108387984,8.36595885515956,0.190332842844355));
#5008=CARTESIAN_POINT('Ctrl Pts',(-0.351095458917286,8.42936296964361,0.892009154332998));
#5009=CARTESIAN_POINT('Ctrl Pts',(0.557754064712175,8.49276708412765,0.779675576355947));
#5010=CARTESIAN_POINT('Ctrl Pts',(0.95760691224638,8.55617119861169,-0.0442305230402694));
#5011=CARTESIAN_POINT('Ctrl Pts',(0.483554483411273,8.61957531309575,-0.82767694307475));
#5012=CARTESIAN_POINT('Ctrl Pts',(-0.431773935147203,8.68297942757977,-0.855976801306523));
#5013=CARTESIAN_POINT('Ctrl Pts',(-0.953089469836993,8.74638354206384,-0.102779248460743));
#5014=CARTESIAN_POINT('Ctrl Pts',(-0.60459180598728,8.80978765654786,0.743559954343422));
#5015=CARTESIAN_POINT('Ctrl Pts',(0.295578423855752,8.87319177103191,0.912587951943027));
#5016=CARTESIAN_POINT('Ctrl Pts',(0.926163669307388,8.93659588551596,0.24631566009338));
#5017=CARTESIAN_POINT('Ctrl Pts',(0.782796288250551,8.97886529517199,-0.344007150469829));
#5018=CARTESIAN_POINT('Ctrl Pts',(0.602219404176721,9.,-0.543933855567968));
#5019=CARTESIAN_POINT('Ctrl Pts',(0.602219404176721,9.,-0.543933855567968));
#5020=CARTESIAN_POINT('Ctrl Pts',(0.629950824579543,9.,-0.520521161257423));
#5021=CARTESIAN_POINT('Ctrl Pts',(0.655878330437211,9.,-0.495187132054111));
#5022=CARTESIAN_POINT('Ctrl Pts',(0.679980844904851,9.,-0.468209523728946));
#5023=CARTESIAN_POINT('Ctrl Pts',(0.695392046705045,9.,-0.450959980468889));
#5024=CARTESIAN_POINT('Ctrl Pts',(0.710056804875426,9.,-0.433037426308828));
#5025=CARTESIAN_POINT('Ctrl Pts',(0.723964948819899,9.,-0.414504978887841));
#5026=CARTESIAN_POINT('Ctrl Pts',(0.730193778312961,9.,-0.406205132730415));
#5027=CARTESIAN_POINT('Ctrl Pts',(0.736270795282811,9.,-0.397782868833527));
#5028=CARTESIAN_POINT('Ctrl Pts',(0.742194795926952,9.,-0.389243453997839));
#5029=CARTESIAN_POINT('Ctrl Pts',(0.747782605235646,9.,-0.381188657150908));
#5030=CARTESIAN_POINT('Ctrl Pts',(0.753229352893471,9.,-0.373036640775337));
#5031=CARTESIAN_POINT('Ctrl Pts',(0.758532587348765,9.,-0.364795522377581));
#5032=CARTESIAN_POINT('Ctrl Pts',(0.779435677301308,9.,-0.332312546067548));
#5033=CARTESIAN_POINT('Ctrl Pts',(0.798121810390961,9.,-0.298433928902976));
#5034=CARTESIAN_POINT('Ctrl Pts',(0.81454864183192,9.,-0.263446385829024));
#5035=CARTESIAN_POINT('Ctrl Pts',(0.8214673521892,9.,-0.248710209986983));
#5036=CARTESIAN_POINT('Ctrl Pts',(0.827984898597554,9.,-0.233776783816895));
#5037=CARTESIAN_POINT('Ctrl Pts',(0.834096314538913,9.,-0.218665485650613));
#5038=CARTESIAN_POINT('Ctrl Pts',(0.83761218480877,9.,-0.209972023370911));
#5039=CARTESIAN_POINT('Ctrl Pts',(0.840994185667579,9.,-0.201218127240046));
#5040=CARTESIAN_POINT('Ctrl Pts',(0.844239411354941,9.,-0.192412183735436));
#5041=CARTESIAN_POINT('Ctrl Pts',(0.858158042493228,9.,-0.15464387691395));
#5042=CARTESIAN_POINT('Ctrl Pts',(0.869510798454044,9.,-0.116066904041193));
#5043=CARTESIAN_POINT('Ctrl Pts',(0.878260373597791,9.,-0.0769884128043328));
#5044=CARTESIAN_POINT('Ctrl Pts',(0.887068461828821,9.,-0.0376485828017529));
#5045=CARTESIAN_POINT('Ctrl Pts',(0.893239119325398,9.,0.0022006226133397));
#5046=CARTESIAN_POINT('Ctrl Pts',(0.896693873778841,9.,0.0422801039092633));
#5047=CARTESIAN_POINT('Ctrl Pts',(0.898371472793029,9.,0.0617423549078013));
#5048=CARTESIAN_POINT('Ctrl Pts',(0.899407995721202,9.,0.081259311416673));
#5049=CARTESIAN_POINT('Ctrl Pts',(0.8997903059292,9.,0.100800651825338));
#5050=CARTESIAN_POINT('Ctrl Pts',(0.899993536578382,9.,0.111188549438413));
#5051=CARTESIAN_POINT('Ctrl Pts',(0.900011848667903,9.,0.12158334995998));
#5052=CARTESIAN_POINT('Ctrl Pts',(0.899842919763727,9.,0.131980553730889));
#5053=CARTESIAN_POINT('Ctrl Pts',(0.899700460651838,9.,0.140748599806554));
#5054=CARTESIAN_POINT('Ctrl Pts',(0.899424631640316,9.,0.149519666520514));
#5055=CARTESIAN_POINT('Ctrl Pts',(0.899015177597798,9.,0.158272990391083));
#5056=CARTESIAN_POINT('Ctrl Pts',(0.897762135760119,9.,0.185060565771067));
#5057=CARTESIAN_POINT('Ctrl Pts',(0.895258164970467,9.,0.211719586998551));
#5058=CARTESIAN_POINT('Ctrl Pts',(0.891487575215251,9.,0.238169616173243));
#5059=CARTESIAN_POINT('Ctrl Pts',(0.885778083687171,9.,0.278220702951229));
#5060=CARTESIAN_POINT('Ctrl Pts',(0.877167654858363,9.,0.317792697161002));
#5061=CARTESIAN_POINT('Ctrl Pts',(0.865894350223144,9.,0.356694247911565));
#5062=CARTESIAN_POINT('Ctrl Pts',(0.856030208667327,9.,0.390733104818307));
#5063=CARTESIAN_POINT('Ctrl Pts',(0.844126218708922,9.,0.42425925091782));
#5064=CARTESIAN_POINT('Ctrl Pts',(0.830308365183458,9.,0.457144847759086));
#5065=CARTESIAN_POINT('Ctrl Pts',(0.826481559872078,9.,0.466252396657921));
#5066=CARTESIAN_POINT('Ctrl Pts',(0.822507790507791,9.,0.475310792152366));
#5067=CARTESIAN_POINT('Ctrl Pts',(0.818389349067096,9.,0.484317241519139));
#5068=CARTESIAN_POINT('Ctrl Pts',(0.815268972576838,9.,0.491141063896962));
#5069=CARTESIAN_POINT('Ctrl Pts',(0.812066541845886,9.,0.497932719482807));
#5070=CARTESIAN_POINT('Ctrl Pts',(0.808787210929074,9.,0.504683169898558));
#5071=CARTESIAN_POINT('Ctrl Pts',(0.790333629762038,9.,0.542669572558461));
#5072=CARTESIAN_POINT('Ctrl Pts',(0.769416513402485,9.,0.579423482521414));
#5073=CARTESIAN_POINT('Ctrl Pts',(0.746282268066011,9.,0.614746245492333));
#5074=CARTESIAN_POINT('Ctrl Pts',(0.722598625751693,9.,0.650907860949818));
#5075=CARTESIAN_POINT('Ctrl Pts',(0.696590918761789,9.,0.685570635534047));
#5076=CARTESIAN_POINT('Ctrl Pts',(0.668469782154774,9.,0.718513794721733));
#5077=CARTESIAN_POINT('Ctrl Pts',(0.654742399970766,9.,0.734595055690579));
#5078=CARTESIAN_POINT('Ctrl Pts',(0.640510637562699,9.,0.750266328491857));
#5079=CARTESIAN_POINT('Ctrl Pts',(0.625794962780291,9.,0.765500053043507));
#5080=CARTESIAN_POINT('Ctrl Pts',(0.618200533231448,9.,0.77336183645369));
#5081=CARTESIAN_POINT('Ctrl Pts',(0.610477180234369,9.,0.781107059599424));
#5082=CARTESIAN_POINT('Ctrl Pts',(0.602627473538541,9.,0.788731747818499));
#5083=CARTESIAN_POINT('Ctrl Pts',(0.596582472136413,9.,0.794603464146396));
#5084=CARTESIAN_POINT('Ctrl Pts',(0.590462922267901,9.,0.800403164395101));
#5085=CARTESIAN_POINT('Ctrl Pts',(0.584280092598569,9.,0.806120098805573));
#5086=CARTESIAN_POINT('Ctrl Pts',(0.55134028691208,8.99999999999999,0.836577788678129));
#5087=CARTESIAN_POINT('Ctrl Pts',(0.516538208231396,9.,0.864756759098146));
#5088=CARTESIAN_POINT('Ctrl Pts',(0.480111440134489,9.,0.890432654514559));
#5089=CARTESIAN_POINT('Ctrl Pts',(0.443927335685015,9.,0.915937505208687));
#5090=CARTESIAN_POINT('Ctrl Pts',(0.406139374578726,8.99999999999999,0.93897362320819));
#5091=CARTESIAN_POINT('Ctrl Pts',(0.366937552813151,8.99999999999999,0.959294769403038));
#5092=CARTESIAN_POINT('Ctrl Pts',(0.351017329686949,8.99999999999999,0.967547375201227));
#5093=CARTESIAN_POINT('Ctrl Pts',(0.334863493678664,8.99999999999999,0.975351818756893));
#5094=CARTESIAN_POINT('Ctrl Pts',(0.318487161943926,8.99999999999999,0.982689709254658));
#5095=CARTESIAN_POINT('Ctrl Pts',(0.301760100804122,8.99999999999999,0.990184754236736));
#5096=CARTESIAN_POINT('Ctrl Pts',(0.284800902725198,8.99999999999999,0.997193057621867));
#5097=CARTESIAN_POINT('Ctrl Pts',(0.267628548238451,8.99999999999999,1.00371863656315));
#5098=CARTESIAN_POINT('Ctrl Pts',(-0.810504326987226,0.353234628195637,
0.000498281031547183));
#5099=CARTESIAN_POINT('Ctrl Pts',(-0.81107969173227,0.361169895520454,0.101935488856381));
#5100=CARTESIAN_POINT('Ctrl Pts',(-0.793433297182025,0.369105162845271,
0.203180302055324));
#5101=CARTESIAN_POINT('Ctrl Pts',(-0.75665225563812,0.377040430170087,0.296915609225888));
#5102=CARTESIAN_POINT('Ctrl Pts',(-0.658690028976109,0.398175134998102,
0.546569208521467));
#5103=CARTESIAN_POINT('Ctrl Pts',(-0.424993472117853,0.419309839826116,
0.742953062563601));
#5104=CARTESIAN_POINT('Ctrl Pts',(-0.162203259841125,0.440444544654131,
0.796469564555449));
#5105=CARTESIAN_POINT('Ctrl Pts',(0.100586952435604,0.461579249482145,0.849986066547297));
#5106=CARTESIAN_POINT('Ctrl Pts',(0.392470820130806,0.48271395431016,0.760635216488858));
#5107=CARTESIAN_POINT('Ctrl Pts',(0.580266927322954,0.503848659138174,0.56918138712304));
#5108=CARTESIAN_POINT('Ctrl Pts',(0.768063034515102,0.524983363966189,0.377727557757222));
#5109=CARTESIAN_POINT('Ctrl Pts',(0.851771381204196,0.546118068794203,0.0841707490840247));
#5110=CARTESIAN_POINT('Ctrl Pts',(0.793194593992362,0.567252773622218,-0.177537808625348));
#5111=CARTESIAN_POINT('Ctrl Pts',(0.734617806780528,0.588387478450232,-0.439246366334721));
#5112=CARTESIAN_POINT('Ctrl Pts',(0.533755885667765,0.609522183278246,-0.669106673080269));
#5113=CARTESIAN_POINT('Ctrl Pts',(0.282261808567658,0.630656888106261,-0.762236534942247));
#5114=CARTESIAN_POINT('Ctrl Pts',(0.0307677314675531,0.651791592934275,
-0.855366396804224));
#5115=CARTESIAN_POINT('Ctrl Pts',(-0.271358501619893,0.67292629776229,-0.811765813782632));
#5116=CARTESIAN_POINT('Ctrl Pts',(-0.48625907019406,0.694061002590304,-0.651328600765413));
#5117=CARTESIAN_POINT('Ctrl Pts',(-0.686820908974745,0.713785544458748,
-0.501596179557431));
#5118=CARTESIAN_POINT('Ctrl Pts',(-0.811408612962192,0.733510086327192,
-0.250098275385154));
#5119=CARTESIAN_POINT('Ctrl Pts',(-0.812665177621435,0.753234628195636,
0.000319160603125946));
#5120=CARTESIAN_POINT('Origin',(0.,0.,0.));
#5121=CARTESIAN_POINT('Origin',(0.,9.,0.));
#5122=CARTESIAN_POINT('Ctrl Pts',(-0.999999999999767,4.,-1.73205080756901));
#5123=CARTESIAN_POINT('Ctrl Pts',(-0.963368054211758,3.85345307536424,-1.66860962669639));
#5124=CARTESIAN_POINT('Ctrl Pts',(-0.918677348393238,3.72301315156864,-1.59120233902676));
#5125=CARTESIAN_POINT('Ctrl Pts',(-0.865930657351253,3.60868022861318,-1.49983793163915));
#5126=CARTESIAN_POINT('Ctrl Pts',(-1.30229989403887,4.,-1.5575178823696));
#5127=CARTESIAN_POINT('Ctrl Pts',(-1.25457563854074,3.85345307536424,-1.50043899757672));
#5128=CARTESIAN_POINT('Ctrl Pts',(-1.19641252935899,3.72301315156864,-1.43088505966176));
#5129=CARTESIAN_POINT('Ctrl Pts',(-1.12770042751203,3.60868022861318,-1.34870253036162));
#5130=CARTESIAN_POINT('Ctrl Pts',(-1.81297807869764,4.,-1.04672338177113));
#5131=CARTESIAN_POINT('Ctrl Pts',(-1.74656646383408,3.85345307536424,-1.00838061805233));
#5132=CARTESIAN_POINT('Ctrl Pts',(-1.66550817274149,3.72301315156864,-0.961581591869966));
#5133=CARTESIAN_POINT('Ctrl Pts',(-1.56990924641271,3.60868022861318,-0.906387526019793));
#5134=CARTESIAN_POINT('Ctrl Pts',(-2.,4.,-0.349065850398898));
#5135=CARTESIAN_POINT('Ctrl Pts',(-1.92670610800063,3.85345307536424,-0.336274875157253));
#5136=CARTESIAN_POINT('Ctrl Pts',(-1.83738907624215,3.72301315156864,-0.320681114000239));
#5137=CARTESIAN_POINT('Ctrl Pts',(-1.73186086719749,3.60868022861318,-0.302265952903402));
#5138=CARTESIAN_POINT('Ctrl Pts',(-2.,4.,1.86517468137026E-14));
#5139=CARTESIAN_POINT('Ctrl Pts',(-1.92674235282422,3.85345307536424,3.60520618620801E-6));
#5140=CARTESIAN_POINT('Ctrl Pts',(-1.83736032235501,3.72301315156864,3.2479232789852E-6));
#5141=CARTESIAN_POINT('Ctrl Pts',(-1.73186307903463,3.60868022861318,1.01863741301886E-6));
#5142=CARTESIAN_POINT('Origin',(0.,4.,0.));
#5143=CARTESIAN_POINT('Ctrl Pts',(1.00000000000012,4.,-1.73205080756881));
#5144=CARTESIAN_POINT('Ctrl Pts',(0.963362748090224,3.85345099236045,-1.66859322581118));
#5145=CARTESIAN_POINT('Ctrl Pts',(0.918671766815279,3.723009443451,-1.59118617560288));
#5146=CARTESIAN_POINT('Ctrl Pts',(0.86592705617528,3.60867535327165,-1.4998296569439));
#5147=CARTESIAN_POINT('Ctrl Pts',(0.697700105961069,4.,-1.90658373276828));
#5148=CARTESIAN_POINT('Ctrl Pts',(0.6721277653415,3.85345099236045,-1.83670057219593));
#5149=CARTESIAN_POINT('Ctrl Pts',(0.640974061655221,3.723009443451,-1.7515628723602));
#5150=CARTESIAN_POINT('Ctrl Pts',(0.604157398847978,3.60867535327165,-1.65096243906752));
#5151=CARTESIAN_POINT('Ctrl Pts',(5.29713345632638E-14,4.,-2.09323043075712));
#5152=CARTESIAN_POINT('Ctrl Pts',(-3.84523275339381E-6,3.85345099236044,
-2.01657694223738));
#5153=CARTESIAN_POINT('Ctrl Pts',(-3.4579785201092E-6,3.723009443451,-1.9229864359544));
#5154=CARTESIAN_POINT('Ctrl Pts',(-1.08021498612337E-6,3.60867535327165,
-1.81259057060574));
#5155=CARTESIAN_POINT('Ctrl Pts',(-0.697700105960972,4.,-1.90658373276831));
#5156=CARTESIAN_POINT('Ctrl Pts',(-0.672134483439091,3.85345099236045,-1.83672961280853));
#5157=CARTESIAN_POINT('Ctrl Pts',(-0.640980134877317,3.723009443451,-1.75158743526347));
#5158=CARTESIAN_POINT('Ctrl Pts',(-0.604159317822854,3.60867535327165,-1.65096904422593));
#5159=CARTESIAN_POINT('Ctrl Pts',(-1.00000000000003,4.,-1.73205080756886));
#5160=CARTESIAN_POINT('Ctrl Pts',(-0.963367533529079,3.85345099236045,-1.66860872494944));
#5161=CARTESIAN_POINT('Ctrl Pts',(-0.918676077933119,3.723009443451,-1.59120013850441));
#5162=CARTESIAN_POINT('Ctrl Pts',(-0.865928408137517,3.60867535327165,-1.49983403569603));
#5163=CARTESIAN_POINT('Origin',(0.,4.,0.));
#5164=CARTESIAN_POINT('Ctrl Pts',(-2.,4.,1.59872115546023E-14));
#5165=CARTESIAN_POINT('Ctrl Pts',(-1.92674137065935,3.85345111061044,3.60525451862414E-6));
#5166=CARTESIAN_POINT('Ctrl Pts',(-1.83735792566335,3.72300965395687,3.24791369564834E-6));
#5167=CARTESIAN_POINT('Ctrl Pts',(-1.73185883582309,3.60867563003928,1.01854774563244E-6));
#5168=CARTESIAN_POINT('Ctrl Pts',(-2.,4.,0.349065850398882));
#5169=CARTESIAN_POINT('Ctrl Pts',(-1.9267218054229,3.85345111061044,0.336279279303958));
#5170=CARTESIAN_POINT('Ctrl Pts',(-1.83740942752586,3.72300965395687,0.320688662675852));
#5171=CARTESIAN_POINT('Ctrl Pts',(-1.73186104746553,3.60867563003928,0.302267249522273));
#5172=CARTESIAN_POINT('Ctrl Pts',(-1.81279182505394,4.,1.04661584817967));
#5173=CARTESIAN_POINT('Ctrl Pts',(-1.74640993288697,3.85345111061044,1.00828580477894));
#5174=CARTESIAN_POINT('Ctrl Pts',(-1.66535791330969,3.72300965395687,0.961490846636247));
#5175=CARTESIAN_POINT('Ctrl Pts',(-1.5697512012804,3.60867563003928,0.906295031308696));
#5176=CARTESIAN_POINT('Ctrl Pts',(-1.30229989403902,4.,1.55751788236945));
#5177=CARTESIAN_POINT('Ctrl Pts',(-1.25456551051318,3.85345111061044,1.50043005153656));
#5178=CARTESIAN_POINT('Ctrl Pts',(-1.19641100686266,3.72300965395687,1.43088136903708));
#5179=CARTESIAN_POINT('Ctrl Pts',(-1.12769687977839,3.60867563003928,1.3486970736822));
#5180=CARTESIAN_POINT('Ctrl Pts',(-0.999999999999987,4.,1.73205080756889));
#5181=CARTESIAN_POINT('Ctrl Pts',(-0.963362777652598,3.85345111061044,1.66859327701501));
#5182=CARTESIAN_POINT('Ctrl Pts',(-0.918671838937218,3.72300965395687,1.59118630052202));
#5183=CARTESIAN_POINT('Ctrl Pts',(-0.865927183853845,3.60867563003928,1.49982987808992));
#5184=CARTESIAN_POINT('',(-1.,4.,1.73205080756886));
#5185=CARTESIAN_POINT('Ctrl Pts',(-0.999999999999986,4.,1.73205080756889));
#5186=CARTESIAN_POINT('Ctrl Pts',(-1.05980091586519,3.88039816826961,1.62847258295121));
#5187=CARTESIAN_POINT('Ctrl Pts',(-1.13019815950128,3.78800391005104,1.50654098026072));
#5188=CARTESIAN_POINT('Ctrl Pts',(-1.26039421170841,3.67916333782586,1.28103480289313));
#5189=CARTESIAN_POINT('Ctrl Pts',(-1.31536180536749,3.64836108732136,1.1858281379058));
#5190=CARTESIAN_POINT('Ctrl Pts',(-1.39530125111595,3.62195004898223,1.04736895634061));
#5191=CARTESIAN_POINT('Ctrl Pts',(-1.41952558227719,3.61627940020239,1.00541118398996));
#5192=CARTESIAN_POINT('Ctrl Pts',(-1.46028592726766,3.61051744657048,0.934812195532445));
#5193=CARTESIAN_POINT('Ctrl Pts',(-1.47680375053658,3.60921625479651,0.906202486400249));
#5194=CARTESIAN_POINT('Ctrl Pts',(-1.50909157178264,3.6086756014034,0.850278339536375));
#5195=CARTESIAN_POINT('Ctrl Pts',(-1.52487339403797,3.60934577624923,0.822943421554132));
#5196=CARTESIAN_POINT('Ctrl Pts',(-1.56147332120914,3.61307696262626,0.759550488140358));
#5197=CARTESIAN_POINT('Ctrl Pts',(-1.58229140509592,3.61684345921477,0.723492509132219));
#5198=CARTESIAN_POINT('Ctrl Pts',(-1.64527371926312,3.63334053830549,0.614403941016391));
#5199=CARTESIAN_POINT('Ctrl Pts',(-1.68716693368183,3.6513517946762,0.54184276515082));
#5200=CARTESIAN_POINT('Ctrl Pts',(-1.81242535908066,3.72875355982567,0.324888808284));
#5201=CARTESIAN_POINT('Ctrl Pts',(-1.89104290017082,3.81119340239168,0.188719232749728));
#5202=CARTESIAN_POINT('Ctrl Pts',(-1.97323625585271,3.94877995960188,0.0463561646641458));
#5203=CARTESIAN_POINT('Ctrl Pts',(-1.98689804891198,3.97379044082497,0.0226932449629976));
#5204=CARTESIAN_POINT('Ctrl Pts',(-2.,4.,2.70006239588838E-13));
#5205=CARTESIAN_POINT('Origin',(0.,4.,0.));
#5206=CARTESIAN_POINT('Ctrl Pts',(2.,4.,1.8008497753832E-14));
#5207=CARTESIAN_POINT('Ctrl Pts',(1.92674137065937,3.85345111061047,-3.60525448564088E-6));
#5208=CARTESIAN_POINT('Ctrl Pts',(1.83735792566338,3.72300965395692,-3.24791366398435E-6));
#5209=CARTESIAN_POINT('Ctrl Pts',(1.73185883582314,3.60867563003934,-1.01854771558859E-6));
#5210=CARTESIAN_POINT('Ctrl Pts',(2.,4.,-0.349065850398829));
#5211=CARTESIAN_POINT('Ctrl Pts',(1.92672180542292,3.85345111061047,-0.336279279303909));
#5212=CARTESIAN_POINT('Ctrl Pts',(1.83740942752589,3.72300965395692,-0.320688662675808));
#5213=CARTESIAN_POINT('Ctrl Pts',(1.73186104746559,3.60867563003934,-0.302267249522236));
#5214=CARTESIAN_POINT('Ctrl Pts',(1.81279182505398,4.,-1.04661584817958));
#5215=CARTESIAN_POINT('Ctrl Pts',(1.74640993288702,3.85345111061047,-1.00828580477886));
#5216=CARTESIAN_POINT('Ctrl Pts',(1.66535791330976,3.72300965395692,-0.961490846636181));
#5217=CARTESIAN_POINT('Ctrl Pts',(1.56975120128048,3.60867563003934,-0.906295031308648));
#5218=CARTESIAN_POINT('Ctrl Pts',(1.30229989403912,4.,-1.55751788236937));
#5219=CARTESIAN_POINT('Ctrl Pts',(1.25456551051328,3.85345111061047,-1.50043005153648));
#5220=CARTESIAN_POINT('Ctrl Pts',(1.19641100686277,3.72300965395692,-1.43088136903702));
#5221=CARTESIAN_POINT('Ctrl Pts',(1.12769687977851,3.60867563003934,-1.34869707368217));
#5222=CARTESIAN_POINT('Ctrl Pts',(1.00000000000012,4.,-1.73205080756881));
#5223=CARTESIAN_POINT('Ctrl Pts',(0.963362777652729,3.85345111061047,-1.66859327701495));
#5224=CARTESIAN_POINT('Ctrl Pts',(0.918671838937352,3.72300965395692,-1.59118630052198));
#5225=CARTESIAN_POINT('Ctrl Pts',(0.865927183853985,3.60867563003934,-1.49982987808991));
#5226=CARTESIAN_POINT('Origin',(0.,4.,0.));
#5227=CARTESIAN_POINT('Ctrl Pts',(0.999999999999984,4.,1.73205080756889));
#5228=CARTESIAN_POINT('Ctrl Pts',(0.963368054211975,3.85345307536428,1.66860962669628));
#5229=CARTESIAN_POINT('Ctrl Pts',(0.918677348393458,3.7230131515687,1.59120233902668));
#5230=CARTESIAN_POINT('Ctrl Pts',(0.865930657351477,3.60868022861326,1.4998379316391));
#5231=CARTESIAN_POINT('Ctrl Pts',(1.30229989403899,4.,1.55751788236948));
#5232=CARTESIAN_POINT('Ctrl Pts',(1.25457563854087,3.85345307536428,1.50043899757662));
#5233=CARTESIAN_POINT('Ctrl Pts',(1.19641252935913,3.7230131515687,1.43088505966168));
#5234=CARTESIAN_POINT('Ctrl Pts',(1.12770042751218,3.60868022861326,1.34870253036157));
#5235=CARTESIAN_POINT('Ctrl Pts',(1.81297807869766,4.,1.04672338177106));
#5236=CARTESIAN_POINT('Ctrl Pts',(1.74656646383411,3.85345307536428,1.00838061805227));
#5237=CARTESIAN_POINT('Ctrl Pts',(1.66550817274154,3.7230131515687,0.96158159186992));
#5238=CARTESIAN_POINT('Ctrl Pts',(1.56990924641278,3.60868022861326,0.906387526019767));
#5239=CARTESIAN_POINT('Ctrl Pts',(2.,4.,0.349065850398923));
#5240=CARTESIAN_POINT('Ctrl Pts',(1.92670610800064,3.85345307536428,0.33627487515728));
#5241=CARTESIAN_POINT('Ctrl Pts',(1.83738907624218,3.7230131515687,0.320681114000269));
#5242=CARTESIAN_POINT('Ctrl Pts',(1.73186086719756,3.60868022861326,0.302265952903436));
#5243=CARTESIAN_POINT('Ctrl Pts',(2.,4.,1.8008497753832E-14));
#5244=CARTESIAN_POINT('Ctrl Pts',(1.92674235282424,3.85345307536428,-3.60520615066169E-6));
#5245=CARTESIAN_POINT('Ctrl Pts',(1.83736032235505,3.7230131515687,-3.24792324487649E-6));
#5246=CARTESIAN_POINT('Ctrl Pts',(1.73186307903471,3.60868022861326,-1.01863738066786E-6));
#5247=CARTESIAN_POINT('',(1.,4.,1.73205080756886));
#5248=CARTESIAN_POINT('Ctrl Pts',(2.,4.,2.71345446112292E-13));
#5249=CARTESIAN_POINT('Ctrl Pts',(1.94023118496901,3.88043656369557,0.103522624342123));
#5250=CARTESIAN_POINT('Ctrl Pts',(1.86986099662388,3.78807087800698,0.225407365894059));
#5251=CARTESIAN_POINT('Ctrl Pts',(1.73968326054545,3.67920980111462,0.450881818796141));
#5252=CARTESIAN_POINT('Ctrl Pts',(1.68469331411637,3.64838676038173,0.546127199916791));
#5253=CARTESIAN_POINT('Ctrl Pts',(1.60472758840728,3.62196113650484,0.684631899709027));
#5254=CARTESIAN_POINT('Ctrl Pts',(1.58049865100416,3.61628795008612,0.726597650304632));
#5255=CARTESIAN_POINT('Ctrl Pts',(1.53973352274697,3.61052369092886,0.797204923623128));
#5256=CARTESIAN_POINT('Ctrl Pts',(1.52321556007001,3.60922186305616,0.825814874217146));
#5257=CARTESIAN_POINT('Ctrl Pts',(1.49092944622766,3.6086801998743,0.881736063771044));
#5258=CARTESIAN_POINT('Ctrl Pts',(1.47514955466544,3.60934975410463,0.909067637694734));
#5259=CARTESIAN_POINT('Ctrl Pts',(1.43855592121763,3.61307899791901,0.972449670059876));
#5260=CARTESIAN_POINT('Ctrl Pts',(1.41774232377247,3.6168437549754,1.00849987832317));
#5261=CARTESIAN_POINT('Ctrl Pts',(1.35477472897315,3.63333338508313,1.11756295174599));
#5262=CARTESIAN_POINT('Ctrl Pts',(1.31289225326286,3.65133631661963,1.19010552762297));
#5263=CARTESIAN_POINT('Ctrl Pts',(1.18763678889402,3.72871388980033,1.4070543558354));
#5264=CARTESIAN_POINT('Ctrl Pts',(1.1090005008272,3.81114730594414,1.54325640208572));
#5265=CARTESIAN_POINT('Ctrl Pts',(1.02678588761018,3.94874055605602,1.68565628930221));
#5266=CARTESIAN_POINT('Ctrl Pts',(1.01311242947795,3.97376947952086,1.7093394135024));
#5267=CARTESIAN_POINT('Ctrl Pts',(0.999999999999985,4.,1.73205080756889));
#5268=CARTESIAN_POINT('Origin',(0.,4.,0.));
#5269=CARTESIAN_POINT('Ctrl Pts',(-1.00000000000003,4.,1.73205080756886));
#5270=CARTESIAN_POINT('Ctrl Pts',(-0.96336274809014,3.85345099236045,1.66859322581123));
#5271=CARTESIAN_POINT('Ctrl Pts',(-0.918671766815198,3.72300944345099,1.59118617560293));
#5272=CARTESIAN_POINT('Ctrl Pts',(-0.865927056175204,3.60867535327165,1.49982965694394));
#5273=CARTESIAN_POINT('Ctrl Pts',(-0.697700105960986,4.,1.9065837327683));
#5274=CARTESIAN_POINT('Ctrl Pts',(-0.67212776534142,3.85345099236045,1.83670057219595));
#5275=CARTESIAN_POINT('Ctrl Pts',(-0.640974061655145,3.72300944345099,1.75156287236022));
#5276=CARTESIAN_POINT('Ctrl Pts',(-0.604157398847907,3.60867535327165,1.65096243906754));
#5277=CARTESIAN_POINT('Ctrl Pts',(-5.92226100707242E-16,4.,2.09323043075711));
#5278=CARTESIAN_POINT('Ctrl Pts',(3.84523280393242E-6,3.85345099236045,
2.01657694223737));
#5279=CARTESIAN_POINT('Ctrl Pts',(3.45797856828977E-6,3.72300944345099,
1.92298643595439));
#5280=CARTESIAN_POINT('Ctrl Pts',(1.08021503159307E-6,3.60867535327165,
1.81259057060573));
#5281=CARTESIAN_POINT('Ctrl Pts',(0.697700105960985,4.,1.9065837327683));
#5282=CARTESIAN_POINT('Ctrl Pts',(0.672134483439104,3.85345099236045,1.83672961280852));
#5283=CARTESIAN_POINT('Ctrl Pts',(0.640980134877329,3.72300944345099,1.75158743526346));
#5284=CARTESIAN_POINT('Ctrl Pts',(0.604159317822866,3.60867535327165,1.65096904422592));
#5285=CARTESIAN_POINT('Ctrl Pts',(1.00000000000003,4.,1.73205080756886));
#5286=CARTESIAN_POINT('Ctrl Pts',(0.963367533529078,3.85345099236045,1.66860872494944));
#5287=CARTESIAN_POINT('Ctrl Pts',(0.918676077933118,3.72300944345099,1.59120013850442));
#5288=CARTESIAN_POINT('Ctrl Pts',(0.865928408137516,3.60867535327165,1.49983403569603));
#5289=CARTESIAN_POINT('Ctrl Pts',(1.00000000000003,4.,1.73205080756886));
#5290=CARTESIAN_POINT('Ctrl Pts',(0.880457954976259,3.88043214778064,1.73205080756886));
#5291=CARTESIAN_POINT('Ctrl Pts',(0.739734558514588,3.7880620353434,1.73205080756886));
#5292=CARTESIAN_POINT('Ctrl Pts',(0.479381371446828,3.6792001841509,1.73205080756886));
#5293=CARTESIAN_POINT('Ctrl Pts',(0.369410483127491,3.6483815112438,1.73205080756886));
#5294=CARTESIAN_POINT('Ctrl Pts',(0.209486218764783,3.62195717940936,1.73205080756886));
#5295=CARTESIAN_POINT('Ctrl Pts',(0.161024717441608,3.61628366367286,1.73205080756886));
#5296=CARTESIAN_POINT('Ctrl Pts',(0.0794881210101924,3.61051897928352,1.73205080756886));
#5297=CARTESIAN_POINT('Ctrl Pts',(0.0464491023640045,3.60921702982602,1.73205080756886));
#5298=CARTESIAN_POINT('Ctrl Pts',(-0.018128136697804,3.60867532452886,1.73205080756886));
#5299=CARTESIAN_POINT('Ctrl Pts',(-0.0496900251800875,3.60934489313366,
1.73205080756886));
#5300=CARTESIAN_POINT('Ctrl Pts',(-0.122879224107135,3.6130742235704,1.73205080756886));
#5301=CARTESIAN_POINT('Ctrl Pts',(-0.164506334291576,3.6168388980841,1.73205080756886));
#5302=CARTESIAN_POINT('Ctrl Pts',(-0.290434420626575,3.63332757835083,1.73205080756886));
#5303=CARTESIAN_POINT('Ctrl Pts',(-0.374191597693576,3.65132861126956,1.73205080756886));
#5304=CARTESIAN_POINT('Ctrl Pts',(-0.624722937667968,3.72871281782425,1.73205080756886));
#5305=CARTESIAN_POINT('Ctrl Pts',(-0.78200291430808,3.81116318571686,1.73205080756886));
#5306=CARTESIAN_POINT('Ctrl Pts',(-0.94644495519947,3.94876478535696,1.73205080756886));
#5307=CARTESIAN_POINT('Ctrl Pts',(-0.973782504244116,3.97378250424409,1.73205080756886));
#5308=CARTESIAN_POINT('Ctrl Pts',(-1.00000000000003,4.,1.73205080756886));
#5309=CARTESIAN_POINT('Origin',(0.,4.,0.));
#5310=CARTESIAN_POINT('Origin',(-1.,0.,1.73205080756886));
#5311=CARTESIAN_POINT('',(1.,0.,1.73205080756886));
#5312=CARTESIAN_POINT('',(-1.,0.,1.73205080756886));
#5313=CARTESIAN_POINT('Origin',(-2.00000000000015,0.,1.78620695184518E-14));
#5314=CARTESIAN_POINT('Origin',(1.,0.,1.73205080756886));
#5315=CARTESIAN_POINT('Origin',(0.,15.2442034468928,8.32667268468867E-16));
#5316=CARTESIAN_POINT('',(-2.29128784747792,15.2442034468928,-1.));
#5317=CARTESIAN_POINT('Origin',(0.,15.2442034468928,-1.));
#5318=CARTESIAN_POINT('',(-2.29128784747792,15.2442034468928,1.));
#5319=CARTESIAN_POINT('Origin',(0.,15.2442034468928,8.32667268468867E-16));
#5320=CARTESIAN_POINT('Origin',(0.,15.2442034468928,1.));
#5321=CARTESIAN_POINT('Origin',(-5.55111512312578E-16,14.5,1.));
#5322=CARTESIAN_POINT('',(-3.30146996195808,14.0843695275566,0.999999977648258));
#5323=CARTESIAN_POINT('',(-1.73205082047366,10.,0.999999977648258));
#5324=CARTESIAN_POINT('',(-3.52430306383761,14.6642864915454,1.));
#5325=CARTESIAN_POINT('',(1.73205082047366,10.,0.999999977648258));
#5326=CARTESIAN_POINT('',(0.,10.,0.999999977648258));
#5327=CARTESIAN_POINT('',(3.23252516065419,13.9049426057831,0.999999977648258));
#5328=CARTESIAN_POINT('',(1.50921769610504,9.42008304465262,1.));
#5329=CARTESIAN_POINT('Origin',(-3.2146978477618E-16,15.25,0.999999977648259));
#5330=CARTESIAN_POINT('Origin',(-5.55111512312578E-16,14.5,-1.));
#5331=CARTESIAN_POINT('',(-1.73205082047366,10.,-0.999999977648258));
#5332=CARTESIAN_POINT('',(-3.30146996195808,14.0843695275566,-0.999999977648261));
#5333=CARTESIAN_POINT('',(-3.52430306383761,14.6642864915454,-1.));
#5334=CARTESIAN_POINT('',(3.23252516065419,13.9049426057831,-0.99999997764826));
#5335=CARTESIAN_POINT('Origin',(-3.2146978477618E-16,15.25,-0.999999977648259));
#5336=CARTESIAN_POINT('',(1.73205082047366,10.,-0.999999977648258));
#5337=CARTESIAN_POINT('',(1.50921769610503,9.42008304465262,-1.));
#5338=CARTESIAN_POINT('',(0.,10.,-0.999999977648258));
#5339=CARTESIAN_POINT('Ctrl Pts',(-3.30146995071354,14.0843695318773,1.));
#5340=CARTESIAN_POINT('Ctrl Pts',(-3.80454251608188,13.8910638800949,-1.11087385793162E-15));
#5341=CARTESIAN_POINT('Ctrl Pts',(-3.30146995071354,14.0843695318773,-1.));
#5342=CARTESIAN_POINT('Ctrl Pts',(-1.73205080922911,10.0000000043207,1.));
#5343=CARTESIAN_POINT('Ctrl Pts',(-2.23512337459746,9.80669435253825,-5.1253772097071E-16));
#5344=CARTESIAN_POINT('Ctrl Pts',(-1.73205080922911,10.0000000043207,-1.));
#5345=CARTESIAN_POINT('Origin',(4.9960036108132E-15,10.,1.11022302462516E-15));
#5346=CARTESIAN_POINT('',(-3.50047434018053,13.9049426057831,-1.66533453693773E-15));
#5347=CARTESIAN_POINT('Origin',(-2.01508536773258,15.2442034468928,8.32667268468867E-16));
#5348=CARTESIAN_POINT('Origin',(-2.01508536773258,15.2442034468928,1.11022302462516E-15));
#5349=CARTESIAN_POINT('Ctrl Pts',(3.50047434018053,13.9049426057831,-8.32667268468867E-16));
#5350=CARTESIAN_POINT('Ctrl Pts',(4.51428426794142,16.5433546566036,-8.32667268468867E-16));
#5351=CARTESIAN_POINT('Ctrl Pts',(2.25714213397071,18.2446300918568,-8.32667268468867E-16));
#5352=CARTESIAN_POINT('Ctrl Pts',(5.55111512312578E-16,19.9459055271099,
-8.32667268468867E-16));
#5353=CARTESIAN_POINT('Ctrl Pts',(-2.25714213397071,18.2446300918568,-8.32667268468867E-16));
#5354=CARTESIAN_POINT('Ctrl Pts',(-4.51428426794142,16.5433546566036,-8.32667268468867E-16));
#5355=CARTESIAN_POINT('Ctrl Pts',(-3.50047434018053,13.9049426057831,-8.32667268468867E-16));
#5356=CARTESIAN_POINT('Ctrl Pts',(3.50047434018053,13.9049426057831,0.535898371030939));
#5357=CARTESIAN_POINT('Ctrl Pts',(4.51428426794142,16.5433546566036,0.535898371030939));
#5358=CARTESIAN_POINT('Ctrl Pts',(2.25714213397071,18.2446300918568,0.535898371030939));
#5359=CARTESIAN_POINT('Ctrl Pts',(0.,19.9459055271099,0.535898371030939));
#5360=CARTESIAN_POINT('Ctrl Pts',(-2.25714213397071,18.2446300918568,0.535898371030939));
#5361=CARTESIAN_POINT('Ctrl Pts',(-4.51428426794142,16.5433546566036,0.535898371030939));
#5362=CARTESIAN_POINT('Ctrl Pts',(-3.50047434018053,13.9049426057831,0.535898371030939));
#5363=CARTESIAN_POINT('Ctrl Pts',(3.23252516065419,13.9049426057831,0.999999977648259));
#5364=CARTESIAN_POINT('Ctrl Pts',(4.24633508841508,16.341393357772,0.999999977648259));
#5365=CARTESIAN_POINT('Ctrl Pts',(2.18334309413211,17.9870442527124,0.999999977648259));
#5366=CARTESIAN_POINT('Ctrl Pts',(0.12035109984913,19.6326951476528,0.999999977648259));
#5367=CARTESIAN_POINT('Ctrl Pts',(-2.02984468019869,18.1027405914785,0.999999977648259));
#5368=CARTESIAN_POINT('Ctrl Pts',(-4.18004046024652,16.5727860353043,0.999999977648259));
#5369=CARTESIAN_POINT('Ctrl Pts',(-3.30146996195808,14.0843695275566,0.999999977648259));
#5370=CARTESIAN_POINT('',(3.50047434018053,13.9049426057831,-1.38777878078145E-15));
#5371=CARTESIAN_POINT('Origin',(1.50047434018053,13.9049426057831,8.32667268468867E-16));
#5372=CARTESIAN_POINT('Origin',(-3.2146978477618E-16,15.25,-8.32667268468867E-16));
#5373=CARTESIAN_POINT('Ctrl Pts',(3.23252516065419,13.9049426057831,-0.999999977648259));
#5374=CARTESIAN_POINT('Ctrl Pts',(4.24633508841508,16.341393357772,-0.999999977648259));
#5375=CARTESIAN_POINT('Ctrl Pts',(2.18334309413211,17.9870442527124,-0.999999977648259));
#5376=CARTESIAN_POINT('Ctrl Pts',(0.120351099849131,19.6326951476528,-0.999999977648259));
#5377=CARTESIAN_POINT('Ctrl Pts',(-2.02984468019869,18.1027405914785,-0.999999977648259));
#5378=CARTESIAN_POINT('Ctrl Pts',(-4.18004046024651,16.5727860353043,-0.999999977648259));
#5379=CARTESIAN_POINT('Ctrl Pts',(-3.30146996195808,14.0843695275566,-0.999999977648259));
#5380=CARTESIAN_POINT('Ctrl Pts',(3.50047434018053,13.9049426057831,-0.535898371030939));
#5381=CARTESIAN_POINT('Ctrl Pts',(4.51428426794142,16.5433546566036,-0.535898371030939));
#5382=CARTESIAN_POINT('Ctrl Pts',(2.25714213397071,18.2446300918568,-0.535898371030939));
#5383=CARTESIAN_POINT('Ctrl Pts',(5.55111512312578E-16,19.9459055271099,
-0.535898371030939));
#5384=CARTESIAN_POINT('Ctrl Pts',(-2.25714213397071,18.2446300918568,-0.535898371030939));
#5385=CARTESIAN_POINT('Ctrl Pts',(-4.51428426794142,16.5433546566036,-0.535898371030939));
#5386=CARTESIAN_POINT('Ctrl Pts',(-3.50047434018053,13.9049426057831,-0.535898371030939));
#5387=CARTESIAN_POINT('Ctrl Pts',(3.50047434018053,13.9049426057831,-1.38777878078145E-16));
#5388=CARTESIAN_POINT('Ctrl Pts',(4.51428426794142,16.5433546566036,-1.38777878078145E-16));
#5389=CARTESIAN_POINT('Ctrl Pts',(2.25714213397071,18.2446300918568,-1.38777878078145E-16));
#5390=CARTESIAN_POINT('Ctrl Pts',(5.55111512312578E-16,19.9459055271099,
-1.38777878078145E-16));
#5391=CARTESIAN_POINT('Ctrl Pts',(-2.25714213397071,18.2446300918568,-1.38777878078145E-16));
#5392=CARTESIAN_POINT('Ctrl Pts',(-4.51428426794142,16.5433546566036,-1.38777878078145E-16));
#5393=CARTESIAN_POINT('Ctrl Pts',(-3.50047434018053,13.9049426057831,-1.38777878078145E-16));
#5394=CARTESIAN_POINT('Origin',(1.50047434018053,13.9049426057831,1.11022302462516E-15));
#5395=CARTESIAN_POINT('Ctrl Pts',(1.73205080922911,10.0000000043207,1.));
#5396=CARTESIAN_POINT('Ctrl Pts',(2.23512337459746,9.80669435253826,9.07665956340504E-16));
#5397=CARTESIAN_POINT('Ctrl Pts',(1.73205080922911,10.0000000043207,-1.));
#5398=CARTESIAN_POINT('Ctrl Pts',(3.26699755006159,13.9946560709906,1.));
#5399=CARTESIAN_POINT('Ctrl Pts',(3.77007011542993,13.8013504192081,1.4312100761813E-15));
#5400=CARTESIAN_POINT('Ctrl Pts',(3.26699755006159,13.9946560709906,-1.));
#5401=CARTESIAN_POINT('',(2.,10.,-2.44929359829471E-16));
#5402=CARTESIAN_POINT('Origin',(0.,10.,0.));
#5403=CARTESIAN_POINT('Origin',(0.,10.,0.));
#5404=CARTESIAN_POINT('Origin',(0.,7.,-2.));
#5405=CARTESIAN_POINT('Origin',(0.,12.9999998658896,0.));
#5406=CARTESIAN_POINT('Origin',(0.,4.,0.));
#5407=CARTESIAN_POINT('',(2.,4.,-2.44929359829471E-16));
#5408=CARTESIAN_POINT('Origin',(0.,12.9999998658896,0.));
#5409=CARTESIAN_POINT('Origin',(0.,7.,2.));
#5410=CARTESIAN_POINT('',(0.,0.,0.));
#5411=UNCERTAINTY_MEASURE_WITH_UNIT(LENGTH_MEASURE(0.01),#5417,
'DISTANCE_ACCURACY_VALUE',
'Maximum model space distance between geometric entities at asserted c
onnectivities');
#5412=UNCERTAINTY_MEASURE_WITH_UNIT(LENGTH_MEASURE(0.01),#5417,
'DISTANCE_ACCURACY_VALUE',
'Maximum model space distance between geometric entities at asserted c
onnectivities');
#5413=UNCERTAINTY_MEASURE_WITH_UNIT(LENGTH_MEASURE(0.01),#5417,
'DISTANCE_ACCURACY_VALUE',
'Maximum model space distance between geometric entities at asserted c
onnectivities');
#5414=(
GEOMETRIC_REPRESENTATION_CONTEXT(3)
GLOBAL_UNCERTAINTY_ASSIGNED_CONTEXT((#5411))
GLOBAL_UNIT_ASSIGNED_CONTEXT((#5417,#5419,#5420))
REPRESENTATION_CONTEXT('','3D')
);
#5415=(
GEOMETRIC_REPRESENTATION_CONTEXT(3)
GLOBAL_UNCERTAINTY_ASSIGNED_CONTEXT((#5412))
GLOBAL_UNIT_ASSIGNED_CONTEXT((#5417,#5419,#5420))
REPRESENTATION_CONTEXT('','3D')
);
#5416=(
GEOMETRIC_REPRESENTATION_CONTEXT(3)
GLOBAL_UNCERTAINTY_ASSIGNED_CONTEXT((#5413))
GLOBAL_UNIT_ASSIGNED_CONTEXT((#5417,#5419,#5420))
REPRESENTATION_CONTEXT('','3D')
);
#5417=(
LENGTH_UNIT()
NAMED_UNIT(*)
SI_UNIT(.MILLI.,.METRE.)
);
#5418=(
LENGTH_UNIT()
NAMED_UNIT(*)
SI_UNIT($,.METRE.)
);
#5419=(
NAMED_UNIT(*)
PLANE_ANGLE_UNIT()
SI_UNIT($,.RADIAN.)
);
#5420=(
NAMED_UNIT(*)
SI_UNIT($,.STERADIAN.)
SOLID_ANGLE_UNIT()
);
#5421=SHAPE_DEFINITION_REPRESENTATION(#5423,#5426);
#5422=SHAPE_DEFINITION_REPRESENTATION(#5424,#5427);
#5423=PRODUCT_DEFINITION_SHAPE('',$,#5429);
#5424=PRODUCT_DEFINITION_SHAPE('',$,#5430);
#5425=PRODUCT_DEFINITION_SHAPE($,$,#14);
#5426=SHAPE_REPRESENTATION('',(#1433,#1536),#5414);
#5427=SHAPE_REPRESENTATION('',(#1434),#5415);
#5428=PRODUCT_DEFINITION_CONTEXT('part definition',#5436,'design');
#5429=PRODUCT_DEFINITION('Tie Rod','Tie Rod v3',#5431,#5428);
#5430=PRODUCT_DEFINITION('Ball','Ball',#5432,#5428);
#5431=PRODUCT_DEFINITION_FORMATION('',$,#5438);
#5432=PRODUCT_DEFINITION_FORMATION('',$,#5439);
#5433=PRODUCT_RELATED_PRODUCT_CATEGORY('Tie Rod v3','Tie Rod v3',(#5438));
#5434=PRODUCT_RELATED_PRODUCT_CATEGORY('Ball','Ball',(#5439));
#5435=APPLICATION_PROTOCOL_DEFINITION('international standard',
'automotive_design',2009,#5436);
#5436=APPLICATION_CONTEXT(
'Core Data for Automotive Mechanical Design Process');
#5437=PRODUCT_CONTEXT('part definition',#5436,'mechanical');
#5438=PRODUCT('Tie Rod','Tie Rod v3',$,(#5437));
#5439=PRODUCT('Ball','Ball',$,(#5437));
#5440=PRESENTATION_STYLE_ASSIGNMENT((#5443));
#5441=PRESENTATION_STYLE_ASSIGNMENT((#5444));
#5442=PRESENTATION_STYLE_ASSIGNMENT((#5445));
#5443=SURFACE_STYLE_USAGE(.BOTH.,#5446);
#5444=SURFACE_STYLE_USAGE(.BOTH.,#5447);
#5445=SURFACE_STYLE_USAGE(.BOTH.,#5448);
#5446=SURFACE_SIDE_STYLE('',(#5449));
#5447=SURFACE_SIDE_STYLE('',(#5450));
#5448=SURFACE_SIDE_STYLE('',(#5451));
#5449=SURFACE_STYLE_FILL_AREA(#5452);
#5450=SURFACE_STYLE_FILL_AREA(#5453);
#5451=SURFACE_STYLE_FILL_AREA(#5454);
#5452=FILL_AREA_STYLE('Steel - Satin',(#5455));
#5453=FILL_AREA_STYLE('PLA',(#5456));
#5454=FILL_AREA_STYLE('Brass - Polished',(#5457));
#5455=FILL_AREA_STYLE_COLOUR('Steel - Satin',#5458);
#5456=FILL_AREA_STYLE_COLOUR('PLA',#5459);
#5457=FILL_AREA_STYLE_COLOUR('Brass - Polished',#5460);
#5458=COLOUR_RGB('Steel - Satin',0.627450980392157,0.627450980392157,0.627450980392157);
#5459=COLOUR_RGB('PLA',0.180392156862745,0.180392156862745,0.180392156862745);
#5460=COLOUR_RGB('Brass - Polished',0.952941176470588,0.796078431372549,
0.486274509803922);
ENDSEC;
END-ISO-10303-21;
