// Order: -R1,-R2,+R3,-L1,-L2,-L3,-Torso,END
const int motion_path[][8] = {
  {0, 0, 0, -74, -61, 86, 0, 2000},
  {0, 0, 0, -74, -61, 86, 0, 2000},
  {0, 0, 0, -74, -61, 86, 0, 2000},
  {0, 0, 0, -74, -61, 86, 0, 2000},
  {0, 0, 0, -74, -61, 86, 0, 2000},
  {0, 0, 0, -74, -61, 86, 0, 2000},
  {0, 0, 0, -74, -61, 86, 0, 2000},
  {0, 0, 0, -74, -61, 86, 0, 2000},
  {0, 0, 0, -74, -61, 86, 0, 2000},
  {0, 0, 0, -74, -61, 86, 0, 2000},
  {0, 0, 0, -74, -61, 86, 0, 2000},
  {0, 0, 0, -74, -61, 86, 0, 2000},
  {0, 0, 0, -74, -61, 86, 0, 2000},
  {0, 0, 0, -74, -61, 86, 0, 2000},
  {0, 0, 0, -74, -61, 86, 0, 2000},
  {0, 0, 0, -74, -61, 86, 0, 2000},
  {0, 0, 0, -74, -61, 86, 0, 2000},
  {0, 0, 0, -74, -61, 86, 0, 2000},
  {0, 0, 0, -74, -61, 86, 0, 2000},
  {0, 0, 0, -74, -61, 86, 0, 2000},
  {0, 0, 0, -74, -61, 86, 0, 2000},
  {0, 0, 0, -74, -61, 86, 0, 2000},
  {0, 0, 0, -74, -61, 86, 0, 2000},
  {0, 0, 0, -74, -61, 86, 0, 2000},
  {0, 0, 0, -74, -61, 86, 0, 2000},
  {0, 0, 0, -74, -61, 86, 0, 2000},
  {0, 0, 0, -74, -61, 86, 0, 2000},
  {0, 0, 0, -74, -61, 86, 0, 2000},
  {0, 0, 0, -74, -61, 86, 0, 2000},
  {0, 0, 0, -74, -61, 86, 0, 2000},
  {0, 0, 0, -74, -61, 86, 0, 2000},
  {0, 0, 0, -74, -61, 86, 0, 2000},
  {0, 0, 0, -74, -61, 86, 0, 2000},
  {0, 0, 0, -74, -61, 86, 0, 2000},
  {0, 0, 0, -74, -61, 86, 0, 2000},
  {0, 0, 0, -74, -61, 86, 0, 2000},
  {0, 0, 0, -74, -61, 86, 0, 2000},
  {0, 0, 0, -74, -61, 86, 0, 2000},
  {0, 0, 0, -74, -61, 86, 0, 2000},
  {0, 0, 0, -74, -61, 86, 0, 2000},
  {0, 0, 0, -74, -61, 86, 0, 2000},
  {0, 0, 0, -74, -61, 86, 0, 2000},
  {0, 0, 0, -74, -61, 86, 0, 2000},
  {0, 0, 0, -74, -61, 86, 0, 2000},
  {0, 0, 0, -74, -61, 86, 0, 2000},
  {0, 0, 0, -74, -61, 86, 0, 2000},
  {0, 0, 0, -74, -61, 86, 0, 2000},
  {0, 0, 0, -74, -61, 86, 0, 2000},
  {0, 0, 0, -74, -61, 86, 0, 2000},
  {0, 0, 0, -74, -61, 86, 0, 2000},
  {0, 0, 0, -74, -61, 86, 0, 2000},
  {0, 0, 0, -74, -61, 86, 0, 2000},
  {0, 0, 0, -74, -61, 86, 0, 2000},
  {0, 0, 0, -74, -61, 86, 0, 2000},
  {0, 0, 0, -74, -61, 86, 0, 2000},
  {0, 0, 0, -74, -61, 86, 0, 2000},
  {0, 0, 0, -74, -61, 86, 0, 2000},
  {0, 0, 0, -74, -61, 86, 0, 2000},
  {0, 0, 0, -74, -61, 86, 0, 2000},
  {0, 0, 0, -74, -61, 86, 0, 2000},
  {0, 0, 0, -74, -61, 86, 0, 2000},
  {0, 0, 0, -74, -61, 86, 0, 2000},
  {0, 0, 0, -74, -61, 86, 0, 2000},
  {0, 0, 0, -74, -61, 86, 0, 2000},
  {0, 0, 0, -74, -61, 86, 0, 2000},
  {0, 0, 0, -74, -61, 86, 0, 2000},
  {0, 0, 0, -74, -61, 86, 0, 2000},
  {0, 0, 0, -74, -61, 86, 0, 2000},
  {0, 0, 0, -74, -61, 86, 0, 2000},
  {0, 0, 0, -74, -61, 86, 0, 2000},
  {0, 0, 0, -74, -61, 86, 0, 2000},
  {0, 0, 0, -74, -61, 86, 0, 2000},
  {0, 0, 0, -74, -61, 86, 0, 2000},
  {0, 0, 0, -74, -61, 86, 0, 2000},
  {0, 0, 0, -74, -61, 86, 0, 2000},
  {0, 0, 0, -74, -61, 86, 0, 2000},
  {0, 0, 0, -74, -61, 86, 0, 2000},
  {0, 0, 0, -74, -61, 86, 0, 2000},
  {0, 0, 0, -74, -61, 86, 0, 2000},
  {0, 0, 0, -74, -61, 86, 0, 2000},
  {0, 0, 0, -74, -61, 86, 0, 2000},
  {0, 0, 0, -74, -61, 86, 0, 2000},
  {0, 0, 0, -74, -61, 86, 0, 2000},
  {0, 0, 0, -74, -61, 86, 0, 2000},
  {0, 0, 0, -74, -61, 86, 0, 2000},
  {0, 0, 0, -74, -61, 86, 0, 2000},
  {0, 0, 0, -74, -61, 86, 0, 2000},
  {0, 0, 0, -74, -61, 86, 0, 2000},
  {0, 0, 0, -74, -61, 86, 0, 2000},
  {0, 0, 0, -74, -61, 86, 0, 2000},
  {0, 0, 0, -74, -61, 86, 0, 2000},
  {0, 0, 0, -74, -61, 86, 0, 2000},
  {0, 0, 0, -74, -61, 86, 0, 2000},
  {0, 0, 0, -74, -61, 86, 0, 2000},
  {0, 0, 0, -74, -61, 86, 0, 2000},
  {0, 0, 0, -74, -61, 86, 0, 2000},
  {0, 0, 0, -74, -61, 86, 0, 2000},
  {0, 0, 0, -74, -61, 86, 0, 2000},
  {0, 0, 0, -74, -61, 86, 0, 2000},
  {0, 0, 0, -74, -61, 86, 0, 2000},
  {0, 0, 0, -74, -61, 86, 0, 2000},
  {0, 0, 0, -74, -61, 86, 0, 2000},
  {0, 0, 0, -74, -61, 86, 0, 2000},
  {0, 0, 0, -74, -61, 86, 0, 2000},
  {0, 0, 0, -74, -61, 86, 0, 2000},
  {0, 0, 0, -74, -61, 86, 0, 2000},
  {0, 0, 0, -74, -61, 86, 0, 2000},
  {0, 0, 0, -74, -61, 86, 0, 2000},
  {0, 0, 0, -74, -61, 86, 0, 2000},
  {0, 0, 0, -74, -61, 86, 0, 2000},
  {0, 0, 0, -74, -61, 86, 0, 2000},
  {0, 0, 0, -74, -61, 86, 0, 2000},
  {0, 0, 0, -74, -61, 86, 0, 2000},
  {0, 0, 0, -74, -61, 86, 0, 2000},
  {0, 0, 0, -74, -61, 86, 0, 2000},
  {0, 0, 0, -74, -61, 86, 0, 2000},
  {0, 0, 0, -74, -61, 86, 0, 2000},
  {0, 0, 0, -74, -61, 86, 0, 2000},
  {0, 0, 0, -74, -61, 86, 0, 2000},
  {0, 0, 0, -74, -61, 86, 0, 2000},
  {0, 0, 0, -74, -61, 86, 0, 2000},
  {0, 0, 0, -74, -61, 86, 0, 2000},
  {0, 0, 0, -74, -61, 86, 0, 2000},
  {0, 0, 0, -74, -61, 86, 0, 2000},
  {0, 0, 0, -74, -61, 86, 0, 2000},
  {0, 0, 0, -74, -61, 86, 0, 2000},
  {0, 0, 0, -74, -61, 86, 0, 2000},
  {0, 0, 0, -74, -61, 86, 0, 2000},
  {0, 0, 0, -74, -61, 86, 0, 2000},
  {0, 0, 0, -74, -61, 86, 0, 2000},
  {0, 0, 0, -74, -61, 86, 0, 2000},
  {0, 0, 0, -74, -61, 86, 0, 2000},
  {0, 0, 0, -74, -61, 86, 0, 2000},
  {0, 0, 0, -74, -61, 86, 0, 2000},
  {0, 0, 0, -74, -61, 86, 0, 2000},
  {0, 0, 0, -74, -61, 86, 0, 2000},
  {0, 0, 0, -74, -61, 86, 0, 2000},
  {0, 0, 0, -74, -61, 86, 0, 2000},
  {0, 0, 0, -74, -61, 86, 0, 2000},
  {0, 0, 0, -74, -61, 86, 0, 2000},
  {0, 0, 0, -74, -61, 86, 0, 2000},
  {0, 0, 0, -74, -61, 86, 0, 2000},
  {0, 0, 0, -74, -61, 86, 0, 2000},
  {0, 0, 0, -74, -61, 86, 0, 2000},
  {0, 0, 0, -74, -61, 86, 0, 2000},
  {0, 0, 0, -74, -61, 86, 0, 2000},
  {0, 0, 0, -74, -61, 86, 0, 2000},
  {0, 0, 0, -74, -61, 86, 0, 2000},
  {0, 0, 0, -74, -61, 86, 0, 2000},
  {0, 0, 0, -74, -61, 86, 0, 2000},
  {0, 0, 0, -74, -61, 86, 0, 2000},
  {0, 0, 0, -74, -61, 86, 0, 2000},
  {0, 0, 0, -74, -61, 86, 0, 2000},
  {0, 0, 0, -74, -61, 86, 0, 2000},
  {0, 0, 0, -74, -61, 86, 0, 2000},
  {0, 0, 0, -74, -61, 86, 0, 2000},
  {0, 0, 0, -74, -61, 86, 0, 2000},
  {0, 0, 0, -74, -61, 86, 0, 2000},
  {0, 0, 0, -74, -61, 86, 0, 2000},
  {0, 0, 0, -74, -61, 86, 0, 2000},
  {0, 0, 0, -74, -61, 86, 0, 2000},
  {0, 0, 0, -74, -61, 86, 0, 2000},
  {0, 0, 0, -74, -61, 86, 0, 2000},
  {0, 0, 0, -74, -61, 86, 0, 2000},
  {0, 0, 0, -74, -61, 86, 0, 2000},
  {0, 0, 0, -74, -61, 86, 0, 2000},
  {0, 0, 0, -74, -61, 86, 0, 2000},
  {0, 0, 0, -74, -61, 86, 0, 2000},
  {0, 0, 0, -74, -61, 86, 0, 2000},
  {0, 0, 0, -74, -61, 86, 0, 2000},
  {0, 0, 0, -74, -61, 86, 0, 2000},
  {0, 0, 0, -74, -61, 86, 0, 2000},
  {0, 0, 0, -74, -61, 86, 0, 2000},
  {0, 0, 0, -74, -61, 86, 0, 2000},
  {0, 0, 0, -74, -61, 86, 0, 2000},
  {0, 0, 0, -74, -61, 86, 0, 2000},
  {0, 0, 0, -74, -61, 86, 0, 2000},
  {0, 0, 0, -74, -61, 86, 0, 2000},
  {0, 0, 0, -74, -61, 86, 0, 2000},
  {0, 0, 0, -74, -61, 86, 0, 2000},
  {0, 0, 0, -74, -61, 86, 0, 2000},
  {0, 0, 0, -74, -61, 86, 0, 2000},
  {0, 0, 0, -74, -61, 86, 0, 2000},
  {0, 0, 0, -74, -61, 86, 0, 2000},
  {0, 0, 0, -74, -61, 86, 0, 2000},
  {0, 0, 0, -74, -61, 86, 0, 2000},
  {0, 0, 0, -74, -61, 86, 0, 2000},
  {0, 0, 0, -74, -61, 86, 0, 2000},
  {0, 0, 0, -74, -61, 86, 0, 2000},
  {0, 0, 0, -74, -61, 86, 0, 2000},
  {0, 0, 0, -74, -61, 86, 0, 2000},
  {0, 0, 0, -74, -61, 86, 0, 2000},
  {0, 0, 0, -74, -61, 86, 0, 2000},
  {0, 0, 0, -74, -61, 86, 0, 2000},
  {0, 0, 0, -74, -61, 86, 0, 2000},
  {0, 0, 0, -74, -61, 86, 0, 2000},
  {0, 0, 0, -74, -61, 86, 0, 2000},
  {0, 0, 0, -74, -61, 86, 0, 2000},
  {0, 0, 0, -74, -61, 86, 0, 2000},
  {0, 0, 0, -74, -61, 86, 0, 2000},
  {0, 0, 0, -74, -61, 86, 0, 2000},
  {0, 0, 0, -74, -61, 86, 0, 2000},
  {0, 0, 0, -74, -61, 86, 0, 2000},
  {0, 0, 0, -74, -61, 86, 0, 2000},
  {0, 0, 0, -74, -61, 86, 0, 2000},
  {0, 0, 0, -74, -61, 86, 0, 2000},
  {0, 0, 0, -74, -61, 86, 0, 2000},
  {0, 0, 0, -74, -61, 86, 0, 2000},
  {0, 0, 0, -74, -61, 86, 0, 2000},
  {0, 0, 0, -74, -61, 86, 0, 2000},
  {0, 0, 0, -74, -61, 86, 0, 2000},
  {0, 0, 0, -74, -61, 86, 0, 2000},
  {0, 0, 0, -74, -61, 86, 0, 2000},
  {0, 0, 0, -74, -61, 86, 0, 2000},
  {0, 0, 0, -74, -61, 86, 0, 2000},
  {0, 0, 0, -74, -61, 86, 0, 2000},
  {0, 0, 0, -74, -61, 86, 0, 2000},
  {0, 0, 0, -74, -61, 86, 0, 2000},
  {0, 0, 0, -74, -61, 86, 0, 2000},
  {0, 0, 0, -74, -61, 86, 0, 2000},
  {0, 0, 0, -74, -61, 86, 0, 2000},
  {0, 0, 0, -74, -61, 86, 0, 2000},
  {0, 0, 0, -74, -61, 86, 0, 2000},
  {0, 0, 0, -74, -61, 86, 0, 2000},
  {0, 0, 0, -74, -61, 86, 0, 2000},
  {0, 0, 0, -74, -61, 86, 0, 2000},
  {0, 0, 0, -74, -61, 86, 0, 2000},
  {0, 0, 0, -74, -61, 86, 0, 2000},
  {0, 0, 0, -74, -61, 86, 0, 2000},
  {0, 0, 0, -74, -61, 86, 0, 2000},
  {0, 0, 0, -74, -61, 86, 0, 2000},
  {0, 0, 0, -74, -61, 86, 0, 2000},
  {0, 0, 0, -74, -61, 86, 0, 2000},
  {0, 0, 0, -74, -61, 86, 0, 2000},
  {0, 0, 0, -74, -61, 86, 0, 2000},
  {0, 0, 0, -74, -61, 86, 0, 2000},
  {0, 0, 0, -74, -61, 86, 0, 2000},
  {0, 0, 0, -74, -61, 86, 0, 2000},
  {0, 0, 0, -74, -61, 86, 0, 2000},
  {0, 0, 0, -73, -61, 86, 0, 2000},
  {0, 0, 0, -73, -61, 85, 0, 2000},
  {0, 0, 0, -73, -60, 85, 0, 2000},
  {0, 0, 0, -72, -60, 84, 0, 2000},
  {0, 0, 0, -71, -59, 83, 0, 2000},
  {0, 0, 0, -70, -59, 82, 0, 2000},
  {0, 0, 0, -69, -58, 81, 0, 2000},
  {0, 0, 0, -68, -57, 79, 0, 2000},
  {0, 0, 0, -67, -56, 78, 0, 2000},
  {0, 0, 0, -66, -55, 76, 0, 2000},
  {0, 0, 0, -64, -53, 75, 0, 2000},
  {0, 0, 0, -63, -52, 73, 0, 2000},
  {0, 0, 0, -61, -51, 71, 0, 2000},
  {0, 0, 0, -59, -49, 69, 0, 2000},
  {0, 0, 0, -58, -48, 67, 0, 2000},
  {0, 0, 0, -56, -47, 66, 0, 2000},
  {0, 0, 0, -55, -46, 64, 0, 2000},
  {0, 0, 0, -53, -44, 62, 0, 2000},
  {0, 0, 0, -52, -43, 60, 0, 2000},
  {0, 0, 0, -50, -42, 58, 0, 2000},
  {0, 0, 0, -49, -40, 57, 0, 2000},
  {0, 0, 0, -47, -39, 55, 0, 2000},
  {0, 0, 0, -45, -38, 53, 0, 2000},
  {0, 0, 0, -44, -37, 51, 0, 2000},
  {0, 0, 0, -42, -35, 49, 0, 2000},
  {0, 0, 0, -41, -34, 48, 0, 2000},
  {0, 0, 0, -39, -33, 46, 0, 2000},
  {0, 0, 0, -38, -31, 44, 0, 2000},
  {0, 0, 0, -36, -30, 42, 0, 2000},
  {0, 0, 0, -35, -29, 40, 0, 2000},
  {0, 0, 0, -33, -27, 39, 0, 2000},
  {0, 0, 0, -32, -26, 37, 0, 2000},
  {0, 0, 0, -30, -25, 35, 0, 2000},
  {0, 0, 0, -28, -24, 33, 0, 2000},
  {0, 0, 0, -27, -22, 31, 0, 2000},
  {0, 0, 0, -25, -21, 30, 0, 2000},
  {0, 0, 0, -24, -20, 28, 0, 2000},
  {0, 0, 0, -22, -18, 26, 0, 2000},
  {0, 0, 0, -21, -17, 24, 0, 2000},
  {0, 0, 0, -19, -16, 22, 0, 2000},
  {0, 0, 0, -18, -15, 21, 0, 2000},
  {0, 0, 0, -16, -13, 19, 0, 2000},
  {0, 0, 0, -14, -12, 17, 0, 2000},
  {0, 0, 0, -13, -11, 15, 0, 2000},
  {0, 0, 0, -11, -9, 13, 0, 2000},
  {0, 0, 0, -10, -8, 12, 0, 2000},
  {0, 0, 0, -8, -7, 10, 0, 2000},
  {0, 0, 0, -7, -6, 8, 0, 2000},
  {0, 0, 0, -6, -5, 7, 0, 2000},
  {0, 0, 0, -4, -4, 5, 0, 2000},
  {0, 0, 0, -3, -3, 4, 0, 2000},
  {0, 0, 0, -2, -2, 3, 0, 2000},
  {0, 0, 0, -2, -1, 2, 0, 2000},
  {0, 0, 0, -1, -1, 1, 0, 2000},
  {0, 0, 0, 0, 0, 1, 0, 2000},
  {0, 0, 0, 0, 0, 0, 0, 2000},
  {0, 0, 0, 0, 0, 0, 0, 2000},
  {0, 0, 0, 0, 0, 0, 0, 2000},
  {0, 0, 0, 0, 0, 0, 0, 2000},
  {0, 0, 0, 0, 0, 0, 0, 2000},
  {0, 0, 0, 0, 0, 0, 0, 2000},
  {0, 0, 0, 0, 0, 0, 0, 2000},
  {0, 0, 0, 0, 0, 0, 0, 2000},
  {0, 0, 0, 0, 0, 0, 0, 2000},
  {0, 0, 0, 0, 0, 0, 0, 2000},
  {0, 0, 0, 0, 0, 0, 0, 2000},
  {0, 0, 0, 0, 0, 0, 0, 2000},
  {0, 0, 0, 0, 0, 0, 0, 2000},
  {0, 0, 0, 0, 0, 0, 0, 2000},
  {0, 0, 0, 0, 0, 0, 0, 2000},
  {0, 0, 0, 0, 0, 0, 0, 2000},
  {0, 0, 0, 0, 0, 0, 0, 2000},
  {0, 0, 0, 0, 0, 0, 0, 2000},
  {0, 0, 0, 0, 0, 0, 0, 2000},
  {0, 0, 0, 0, 0, 0, 0, 2000},
  {0, 0, 0, 0, 0, 0, 0, 2000},
  {0, 0, 0, 0, 0, 0, 0, 2000},
  {0, 0, 0, 0, 0, 0, 0, 2000},
  {0, 0, 0, 0, 0, 0, 0, 2000},
  {0, 0, 0, 0, 0, 0, 0, 2000},
  {0, 0, 0, 0, 0, 0, 0, 2000},
  {0, 0, 0, 0, 0, 0, 0, 2000},
  {0, 0, 0, 0, 0, 0, 0, 2000},
  {0, 0, 0, 0, 0, 0, 0, 2000},
  {0, 0, 0, 0, 0, 0, 0, 2000},
  {0, 0, 0, 0, 0, 0, 0, 2000},
  {0, 0, 0, 0, 0, 0, 0, 2000},
  {0, 0, 0, 0, 0, 0, 0, 2000},
  {0, 0, 0, 0, 0, 0, 0, 2000},
  {0, 0, 0, 0, 0, 0, 0, 2000},
  {0, 0, 0, 0, 0, 0, 0, 2000},
  {0, 0, 0, 0, 0, 0, 0, 2000},
  {0, 0, 0, 0, 0, 0, 0, 2000},
  {0, 0, 0, 0, 0, 0, 0, 2000},
  {0, 0, 0, 0, 0, 0, 0, 2000},
  {0, 0, 0, 0, 0, 0, 0, 2000},
  {0, 0, 0, 0, 0, 0, 0, 2000},
  {0, 0, 0, 0, 0, 0, 0, 2000},
  {0, 0, 0, 0, 0, 0, 0, 2000},
  {0, 0, 0, 0, 0, 0, 0, 2000},
  {0, 0, 0, 0, 0, 0, 0, 2000},
  {0, 0, 0, 0, 0, 0, 0, 2000},
  {0, 0, 0, 0, 0, 0, 0, 2000},
  {0, 0, 0, 0, 0, 0, 0, 2000},
  {0, 0, 0, 0, 0, 0, 0, 2000},
  {0, 0, 0, 0, 0, 0, 0, 2000},
  {0, 0, 0, 0, 0, 0, 0, 2000},
  {0, 0, 0, 0, 0, 0, 0, 2000},
  {0, 0, 0, 0, 0, 0, 0, 2000},
  {0, 0, 0, 0, 0, 0, 0, 2000},
  {0, 0, 0, 0, 0, 0, 0, 2000},
  {0, 0, 0, 0, 0, 0, 0, 2000},
  {0, 0, 0, 0, 0, 0, 0, 2000},
  {0, 0, 0, 0, 0, 0, 0, 2000},
  {0, 0, 0, 0, 0, 0, 0, 2000},
  {0, 0, 0, 0, 0, 0, 0, 2000},
  {0, 0, 0, 0, 0, 0, 0, 2000},
  {0, 0, 0, 0, 0, 0, 0, 2000},
  {0, 0, 0, 0, 0, 0, 0, 2000},
  {0, 0, 0, 0, 0, 0, 0, 2000},
  {0, 0, 0, 0, 0, 0, 0, 2000},
  {0, 0, 0, 0, 0, 0, 0, 2000},
  {0, 0, 0, 0, 0, 0, 0, 2000},
  {0, 0, 0, 0, 0, 0, 0, 2000},
  {0, 0, 0, 0, 0, 0, 0, 2000},
  {0, 0, 0, 0, 0, 0, 0, 2000},
  {0, 0, 0, 0, 0, 0, 0, 2000},
  {0, 0, 0, 0, 0, 0, 0, 2000},
  {0, 0, 0, 0, 0, 0, 0, 2000},
  {0, 0, 0, 0, 0, 0, 0, 2000},
  {0, 0, 0, 0, 0, 0, 0, 2000},
  {0, 0, 0, 0, 0, 0, 0, 2000},
  {0, 0, 0, 0, 0, 0, 0, 2000},
  {0, 0, 0, 0, 0, 0, 0, 2000},
  {0, 0, 0, 0, 0, 0, 0, 2000},
  {0, 0, 0, 0, 0, 0, 0, 2000},
  {0, 0, 0, 0, 0, 0, 0, 2000},
  {0, 0, 0, 0, 0, 0, 0, 2000},
  {0, 0, 0, 0, 0, 0, 0, 2000},
  {0, 0, 0, 0, 0, 0, 0, 2000},
  {0, 0, 0, 0, 0, 0, 0, 2000},
  {0, 0, 0, 0, 0, 0, 0, 2000},
  {0, 0, 0, 0, 0, 0, 0, 2000},
  {0, 0, 0, 0, 0, 0, 0, 2000},
  {0, 0, 0, 0, 0, 0, 0, 2000},
  {0, 0, 0, 0, 0, 0, 0, 2000},
  {0, 0, 0, 0, 0, 0, 0, 2000},
  {0, 0, 0, 0, 0, 0, 0, 2000},
  {0, 0, 0, 0, 0, 0, 0, 2000},
  {0, 0, 0, 0, 0, 0, 0, 2000},
  {0, 0, 0, 0, 0, 0, 0, 2000},
  {0, 0, 0, 0, 0, 0, 0, 2000},
  {0, 0, 0, 0, 0, 0, 0, 2000},
  {0, 0, 0, 0, 0, 0, 0, 2000},
  {0, 0, 0, 0, 0, 0, 0, 2000},
  {0, 0, 0, 0, 0, 0, 0, 2000},
  {0, 0, 0, 0, 0, 0, 0, 2000},
  {0, 0, 0, 0, 0, 0, 0, 2000},
  {0, 0, 0, 0, 0, 0, 0, 2000},
  {0, 0, 0, 0, 0, 0, 0, 2000},
  {0, 0, 0, 0, 0, 0, 0, 2000},
  {0, 0, 0, 0, 0, 0, 0, 2000},
  {0, 0, 0, 0, 0, 0, 0, 2000},
  {0, 0, 0, 0, 0, 0, 0, 2000},
  {0, 0, 0, 0, 0, 0, 0, 2000},
  {0, 0, 0, 0, 0, 0, 0, 2000},
  {0, 0, 0, 0, 0, 0, 0, 2000},
  {0, 0, 0, 0, 0, 0, 0, 2000},
  {0, 0, 0, 0, 0, 0, 0, 2000},
  {0, 0, 0, 0, 0, 0, 0, 2000},
  {0, 0, 0, 0, 0, 0, 0, 2000},
  {0, 0, 0, 0, 0, 0, 0, 2000},
  {0, 0, 0, 0, 0, 0, 0, 2000},
  {0, 0, 0, 0, 0, 0, 0, 2000},
  {0, 0, 0, 0, 0, 0, 0, 2000},
  {0, 0, 0, 0, 0, 0, 0, 2000},
  {0, 0, 0, 0, 0, 0, 0, 2000},
  {0, 0, 0, 0, 0, 0, 0, 2000},
  {0, 0, 0, 0, 0, 0, 0, 2000},
  {0, 0, 0, 0, 0, 0, 0, 2000},
  {0, 0, 0, 0, 0, 0, 0, 2000},
  {0, 0, 0, 0, 0, 0, 0, 2000},
  {0, 0, 0, 0, 0, 0, 0, 2000},
  {0, 0, 0, 0, 0, 0, 0, 2000},
  {0, 0, 0, 0, 0, 0, 0, 2000},
  {0, 0, 0, 0, 0, 0, 0, 2000},
  {0, 0, 0, 0, 0, 0, 0, 2000},
  {0, 0, 0, 0, 0, 0, 0, 2000},
  {0, 0, 0, 0, 0, 0, 0, 2000},
  {0, 0, 0, 0, 0, 0, 0, 2000},
  {0, 0, 0, 0, 0, 0, 0, 2000},
  {0, 0, 0, 0, 0, 0, 0, 2000},
  {0, 0, 0, 0, 0, 0, 0, 2000},
  {0, 0, 0, 0, 0, 0, 0, 2000},
  {0, 0, 0, 0, 0, 0, 0, 2000},
  {0, 0, 0, 0, 0, 0, 0, 2000},
  {0, 0, 0, 0, 0, 0, 0, 2000},
  {0, 0, 0, 0, 0, 0, 0, 2000},
  {0, 0, 0, 0, 0, 0, 0, 2000},
  {0, 0, 0, 0, 0, 0, 0, 2000},
  {0, 0, 0, 0, 0, 0, 0, 2000},
  {0, 0, 0, 0, 0, 0, 0, 2000},
  {0, 0, 0, 0, 0, 0, 0, 2000},
  {0, 0, 0, 0, 0, 0, 0, 2000},
  {0, 0, 0, 0, 0, 0, 0, 2000},
  {0, 0, 0, 0, 0, 0, 0, 2000},
  {0, 0, 0, 0, 0, 0, 0, 2000},
  {0, 0, 0, 0, 0, 0, 0, 2000},
  {0, 0, 0, 0, 0, 0, 0, 2000},
  {0, 0, 0, 0, 0, 0, 0, 2000},
  {0, 0, 0, 0, 0, 0, 0, 2000},
  {0, 0, 0, 0, 0, 0, 0, 2000},
  {0, 0, 0, 0, 0, 0, 0, 2000},
  {0, 0, 0, 0, 0, 0, 0, 2000},
  {0, 0, 0, 0, 0, 0, 0, 2000},
  {0, 0, 0, 0, 0, 0, 0, 2000},
  {0, 0, 0, 0, 0, 0, 0, 2000},
  {0, 0, 0, 0, 0, 0, 0, 2000},
  {0, 0, 0, 0, 0, 0, 0, 2000},
  {0, 0, 0, 0, 0, 0, 0, 2000},
  {0, 0, 0, 0, 0, 0, 0, 2000},
  {0, 0, 0, 0, 0, 0, 0, 2000},
  {0, 0, 0, 0, 0, 0, 0, 2000},
  {0, 0, 0, 0, 0, 0, 0, 2000},
  {0, 0, 0, 0, 0, 0, 0, 2000},
  {0, 0, 0, 0, 0, 0, 0, 2000},
  {0, 0, 0, 0, 0, 0, 0, 2000},
  {0, 0, 0, 0, 0, 0, 0, 2000},
  {0, 0, 0, 0, 0, 0, 0, 2000},
  {0, 0, 0, 0, 0, 0, 0, 2000},
  {0, 0, 0, 0, 0, 0, 0, 2000},
  {0, 0, 0, 0, 0, 0, 0, 2000},
  {0, 0, 0, 0, 0, 0, 0, 2000},
  {0, 0, 0, 0, 0, 0, 0, 2000},
  {0, 0, 0, 0, 0, 0, 0, 2000},
  {0, 0, 0, 0, 0, 0, 0, 2000},
  {0, 0, 0, 0, 0, 0, 0, 2000},
  {0, 0, 0, 0, 0, 0, 0, 2000},
  {0, 0, 0, 0, 0, 0, 0, 2000},
  {0, 0, 0, 0, 0, 0, 0, 2000},
  {0, 0, 0, 0, 0, 0, 0, 2000},
  {0, 0, 0, 0, 0, 0, 0, 2000},
  {0, 0, 0, 0, 0, 0, 0, 2000},
  {0, 0, 0, 0, 0, 0, 0, 2000},
  {0, 0, 0, 0, 0, 0, 0, 2000},
  {0, 0, 0, 0, 0, 0, 0, 2000},
  {0, 0, 0, 0, 0, 0, 0, 2000},
  {0, 0, 0, 0, 0, 0, 0, 2000},
  {0, 0, 0, 0, 0, 0, 0, 2000},
  {0, 0, 0, 0, 0, 0, 0, 2000},
  {0, 0, 0, 0, 0, 0, 0, 2000},
  {0, 0, 0, 0, 0, 0, 0, 2000},
  {0, 0, 0, 0, 0, 0, 0, 2000},
  {0, 0, 0, 0, 0, 0, 0, 2000},
  {0, 0, 0, 0, 0, 0, 0, 2000},
  {0, 0, 0, 0, 0, 0, 0, 2000},
  {0, 0, 0, 0, 0, 0, 0, 2000},
  {0, 0, 0, 0, 0, 0, 0, 2000},
  {0, 0, 0, 0, 0, 0, 0, 2000},
  {0, 0, 0, 0, 0, 0, 0, 2000},
  {0, 0, 0, 0, 0, 0, 0, 2000},
  {0, 0, 0, 0, 0, 0, 0, 2000},
  {0, 0, 0, 0, 0, 0, 0, 2000},
  {0, 0, 0, 0, 0, 0, 0, 2000},
  {0, 0, 0, 0, 0, 0, 0, 2000},
  {0, 0, 0, 0, 0, 0, 0, 2000},
  {0, 0, 0, 0, 0, 0, 0, 2000},
  {0, 0, 0, 0, 0, 0, 0, 2000},
  {0, 0, 0, 0, 0, 0, 0, 2000},
  {0, 0, 0, 0, 0, 0, 0, 2000},
  {0, 0, 0, 0, 0, 0, 0, 2000},
  {0, 0, 0, 0, 0, 0, 0, 2000},
  {0, 0, 0, 0, 0, 0, 0, 2000},
  {0, 0, 0, 0, 0, 0, 0, 2000},
  {0, 0, 0, 0, 0, 0, 0, 2000},
  {0, 0, 0, 0, 0, 0, 0, 2000},
  {0, 0, 0, 0, 0, 0, 0, 2000},
  {0, 0, 0, 0, 0, 0, 0, 2000},
  {0, 0, 0, 0, 0, 0, 0, 2000},
  {0, 0, 0, 0, 0, 0, 0, 2000},
  {0, 0, 0, 0, 0, 0, 0, 2000},
  {0, 0, 0, 0, 0, 0, 0, 2000},
  {0, 0, 0, 0, 0, 0, 0, 2000},
  {0, 0, 0, 0, 0, 0, 0, 2000},
  {0, 0, 0, 0, 0, 0, 0, 2000},
  {0, 0, 0, 0, 0, 0, 0, 2000},
  {0, 0, 0, 0, 0, 0, 0, 2000},
  {0, 0, 0, 0, 0, 0, 0, 2000},
  {0, 0, 0, 0, 0, 0, 0, 2000},
  {0, 0, 0, 0, 0, 0, 0, 2000},
  {0, 0, 0, 0, 0, 0, 0, 2000},
  {0, 0, 0, 0, 0, 0, 0, 2000},
  {0, 0, 0, 0, 0, 0, 0, 2000},
  {0, 0, 0, 0, 0, 0, 0, 2000},
  {0, 0, 0, 0, 0, 0, 0, 2000},
  {0, 0, 0, 0, 0, 0, 0, 2000},
  {0, 0, 0, 0, 0, 0, 0, 2000},
  {0, 0, 0, 0, 0, 0, 0, 2000},
  {0, 0, 0, 0, 0, 0, 0, 2000},
  {0, 0, 0, 0, 0, 0, 0, 2000},
  {0, 0, 0, 0, 0, 0, 0, 2000},
  {0, 0, 0, 0, 0, 0, 0, 2000},
  {0, 0, 0, 0, 0, 0, 0, 2000},
  {0, 0, 0, 0, 0, 0, 0, 2000},
  {0, 0, 0, 0, 0, 0, 0, 2000},
  {0, 0, 0, 0, 0, 0, 0, 2000},
  {0, 0, 0, 0, 0, 0, 0, 2000},
  {0, 0, 0, 0, 0, 0, 0, 2000},
  {0, 0, 0, 0, 0, 0, 0, 2000},
  {0, 0, 0, 0, 0, 0, 0, 2000},
  {0, 0, 0, 0, 0, 0, 0, 2000},
  {0, 0, 0, 0, 0, 0, 0, 2000},
  {0, 0, 0, 0, 0, 0, 0, 2000},
  {0, 0, 0, 0, 0, 0, 0, 2000},
  {0, 0, 0, 0, 0, 0, 0, 2000},
  {0, 0, 0, 0, 0, 0, 0, 2000},
  {0, 0, 0, 0, 0, 0, 0, 2000},
  {0, 0, 0, 0, 0, 0, 0, 2000},
  {0, 0, 0, 0, 0, 0, 0, 2000},
  {0, 0, 0, 0, 0, 0, 0, 2000},
  {0, 0, 0, 0, 0, 0, 0, 2000},
  {0, 0, 0, 0, 0, 0, 0, 2000},
  {0, 0, 0, 0, 0, 0, 0, 2000},
  {0, 0, 0, 0, 0, 0, 0, 2000},
  {0, 0, 0, 0, 0, 0, 0, 2000},
  {0, 0, 0, 0, 0, 0, 0, 2000},
  {0, 0, 0, 0, 0, 0, 0, 2000},
  {0, 0, 0, 0, 0, 0, 0, 2000},
  {0, 0, 0, 0, 0, 0, 0, 2000},
  {0, 0, 0, 0, 0, 0, 0, 2000},
  {0, 0, 0, 0, 0, 0, 0, 2000},
  {0, 0, 0, 0, 0, 0, 0, 2000},
  {0, 0, 0, 0, 0, 0, 0, 2000},
  {0, 0, 0, 0, 0, 0, 0, 2000},
  {0, 0, 0, 0, 0, 0, 0, 2000},
  {0, 0, 0, 0, 0, 0, 0, 2000},
  {0, 0, 0, 0, 0, 0, 0, 2000},
  {0, 0, 0, 0, 0, 0, 0, 2000},
  {0, 0, 0, 0, 0, 0, 0, 2000},
  {0, 0, 0, 0, 0, 0, 0, 2000},
  {0, 0, 0, 0, 0, 0, 0, 2000},
  {0, 0, 0, 0, 0, 0, 0, 2000},
  {0, 0, 0, 0, 0, 0, 0, 2000},
  {0, 0, 0, 0, 0, 0, 0, 2000},
  {0, 0, 0, 0, 0, 0, 0, 2000},
  {0, 0, 0, 0, 0, 0, 0, 2000},
  {0, 0, 0, 0, 0, 0, 0, 2000},
  {0, 0, 0, 0, 0, 0, 0, 2000},
  {0, 0, 0, 0, 0, 0, 0, 2000},
  {0, 0, 0, 0, 0, 0, 0, 2000},
  {0, 0, 0, 0, 0, 0, 0, 2000},
  {0, 0, 0, 0, 0, 0, 0, 2000},
  {0, 0, 0, 0, 0, 0, 0, 2000},
  {0, 0, 0, 0, 0, 0, 0, 2000},
  {0, 0, 0, 0, 0, 0, 0, 2000},
  {0, 0, 0, 0, 0, 0, 0, 2000},
  {0, 0, 0, 0, 0, 0, 0, 2000},
  {0, 0, 0, 0, 0, 0, 0, 2000},
  {0, 0, 0, 0, 0, 0, 0, 2000},
  {0, 0, 0, 0, 0, 0, 0, 2000},
  {0, 0, 0, 0, 0, 0, 0, 2000},
  {0, 0, 0, 0, 0, 0, 0, 2000},
  {0, 0, 0, 0, 0, 0, 0, 2000},
  {0, 0, 0, 0, 0, 0, 0, 2000},
  {0, 0, 0, 0, 0, 0, 0, 2000},
  {0, 0, 0, 0, 0, 0, 0, 2000},
  {0, 0, 0, 0, 0, 0, 0, 2000},
  {0, 0, 0, 0, 0, 0, 0, 2000},
  {0, 0, 0, 0, 0, 0, 0, 2000},
  {0, 0, 0, 0, 0, 0, 0, 2000},
  {0, 0, 0, 0, 0, 0, 0, 2000},
  {0, 0, 0, 0, 0, 0, 0, 2000},
  {0, 0, 0, 0, 0, 0, 0, 2000},
  {0, 0, 0, 0, 0, 0, 0, 2000},
  {0, 0, 0, 0, 0, 0, 0, 2000},
  {0, 0, 0, 0, 0, 0, 0, 2000},
  {0, 0, 0, 0, 0, 0, 0, 2000},
  {0, 0, 0, 0, 0, 0, 0, 2000},
  {0, 0, 0, 0, 0, 0, 0, 2000},
  {0, 0, 0, 0, 0, 0, 0, 2000},
  {0, 0, 0, 0, 0, 0, 0, 2000},
  {0, 0, 0, 0, 0, 0, 0, 2000},
  {0, 0, 0, 0, 0, 0, 0, 2000},
  {0, 0, 0, 0, 0, 0, 0, 2000},
  {0, 0, 0, 0, 0, 0, 0, 2000},
  {0, 0, 0, 0, 0, 0, 0, 2000},
  {0, 0, 0, 0, 0, 0, 0, 2000},
  {0, 0, 0, 0, 0, 0, 0, 2000},
  {0, 0, 0, 0, 0, 0, 0, 2000},
  {0, 0, 0, 0, 0, 0, 0, 2000},
  {0, 0, 0, 0, 0, 0, 0, 2000},
  {0, 0, 0, 0, 0, 0, 0, 2000},
  {0, 0, 0, 0, 0, 0, 0, 2000},
  {0, 0, 0, 0, 0, 0, 0, 2000},
  {0, 0, 0, 0, 0, 0, 0, 2000},
  {0, 0, 0, 0, 0, 0, 0, 2000},
  {0, 0, 0, 0, 0, 0, 0, 2000},
  {0, 0, 0, 0, 0, 0, 0, 2000},
  {0, 0, 0, 0, 0, 0, 0, 2000},
  {0, 0, 0, 0, 0, 0, 0, 2000},
  {0, 0, 0, 0, 0, 0, 0, 2000},
  {0, 0, 0, 0, 0, 0, 0, 2000},
  {0, 0, 0, 0, 0, 0, 0, 2000},
  {0, 0, 0, 0, 0, 0, 0, 2000},
  {0, 0, 0, 0, 0, 0, 0, 2000},
  {0, 0, 0, 0, 0, 0, 0, 2000},
  {0, 0, 0, 0, 0, 0, 0, 2000},
  {0, 0, 0, 0, 0, 0, 0, 2000},
  {0, 0, 0, 0, 0, 0, 0, 2000},
  {0, 0, 0, 0, 0, 0, 0, 2000},
  {0, 0, 0, 0, 0, 0, 0, 2000},
  {0, 0, 0, 0, 0, 0, 0, 2000},
  {0, 0, 0, 0, 0, 0, 0, 2000},
  {0, 0, 0, 0, 0, 0, 0, 2000},
  {0, 0, 0, 0, 0, 0, 0, 2000},
  {0, 0, 0, 0, 0, 0, 0, 2000},
  {0, 0, 0, 0, 0, 0, 0, 2000},
  {0, 0, 0, 0, 0, 0, 0, 2000},
  {0, 0, 0, 0, 0, 0, 0, 2000},
  {0, 0, 0, 0, 0, 0, 0, 2000},
  {0, 0, 0, 0, 0, 0, 0, 2000},
  {0, 0, 0, 0, 0, 0, 0, 2000},
  {0, 0, 0, 0, 0, 0, 0, 2000},
  {0, 0, 0, 0, 0, 0, 0, 2000},
  {0, 0, 0, 0, 0, 0, 0, 2000},
  {0, 0, 0, 0, 0, 0, 0, 2000},
  {0, 0, 0, 0, 0, 0, 0, 2000},
  {0, 0, 0, 0, 0, 0, 0, 2000},
  {0, 0, 0, 0, 0, 0, 0, 2000},
  {0, 0, 0, 0, 0, 0, 0, 2000},
  {0, 0, 0, 0, 0, 0, 0, 2000},
  {0, 0, 0, 0, 0, 0, 0, 2000},
  {0, 0, 0, 0, 0, 0, 0, 2000},
  {0, 0, 0, 0, 0, 0, 0, 2000},
  {0, 0, 0, 0, 0, 0, 0, 2000},
  {0, 0, 0, 0, 0, 0, 0, 2000},
  {0, 0, 0, 0, 0, 0, 0, 2000},
  {0, 0, 0, 0, 0, 0, 0, 2000},
  {0, 0, 0, 0, 0, 0, 0, 2000},
  {0, 0, 0, 0, 0, 0, 0, 2000},
  {0, 0, 0, 0, 0, 0, 0, 2000},
  {0, 0, 0, 0, 0, 0, 0, 2000},
  {0, 0, 0, 0, 0, 0, 0, 2000},
  {0, 0, 0, 0, 0, 0, 0, 2000},
  {0, 0, 0, 0, 0, 0, 0, 2000},
  {0, 0, 0, 0, 0, 0, 0, 2000},
  {0, 0, 0, 0, 0, 0, 0, 2000},
  {0, 0, 0, 0, 0, 0, 0, 2000},
  {0, 0, 0, 0, 0, 0, 0, 2000},
  {0, 0, 0, 0, 0, 0, 0, 2000},
  {0, 0, 0, 0, 0, 0, 0, 2000},
  {0, 0, 0, 0, 0, 0, 0, 2000},
  {0, 0, 0, 0, 0, 0, 0, 2000},
  {0, 0, 0, 0, 0, 0, 0, 2000},
  {0, 0, 0, 0, 0, 0, 0, 2000},
  {0, 0, 0, 0, 0, 0, 0, 2000},
  {0, 0, 0, 0, 0, 0, 0, 2000},
  {0, 0, 0, 0, 0, 0, 0, 2000},
  {0, 0, 0, 0, 0, 0, 0, 2000},
  {0, 0, 0, 0, 0, 0, 0, 2000},
  {0, 0, 0, 0, 0, 0, 0, 2000},
  {0, 0, 0, 0, 0, 0, 0, 2000},
  {0, 0, 0, 0, 0, 0, 0, 2000},
  {0, 0, 0, 0, 0, 0, 0, 2000},
  {0, 0, 0, 0, 0, 0, 0, 2000},
  {0, 0, 0, 0, 0, 0, 0, 2000},
  {0, 0, 0, 0, 0, 0, 0, 2000},
  {0, 0, 0, 0, 0, 0, 0, 2000},
  {0, 0, 0, 0, 0, 0, 0, 2000},
  {0, 0, 0, 0, 0, 0, 0, 2000},
  {0, 0, 0, 0, 0, 0, 0, 2000},
  {0, 0, 0, 0, 0, 0, 0, 2000},
  {0, 0, 0, 0, 0, 0, 0, 2000},
  {0, 0, 0, 0, 0, 0, 0, 2000},
  {0, 0, 0, 0, 0, 0, 0, 2000},
  {0, 0, 0, 0, 0, 0, 0, 2000},
  {0, 0, 0, 0, 0, 0, 0, 2000},
  {0, 0, 0, 0, 0, 0, 0, 2000},
  {0, 0, 0, 0, 0, 0, 0, 2000},
  {0, 0, 0, 0, 0, 0, 0, 2000},
  {0, 0, 0, 0, 0, 0, 0, 2000},
  {0, 0, 0, 0, 0, 0, 0, 2000},
  {0, 0, 0, 0, 0, 0, 0, 2000},
  {0, 0, 0, 0, 0, 0, 0, 2000},
  {0, 0, 0, 0, 0, 0, 0, 2000},
  {0, 0, 0, 0, 0, 0, 0, 2000},
  {0, 0, 0, 0, 0, 0, 0, 2000},
  {0, 0, 0, 0, 0, 0, 0, 2000},
  {0, 0, 0, 0, 0, 0, 0, 2000},
  {0, 0, 0, 0, 0, 0, 0, 2000},
  {0, 0, 0, 0, 0, 0, 0, 2000},
  {0, 0, 0, 0, 0, 0, 0, 2000},
  {0, 0, 0, 0, 0, 0, 0, 2000},
  {0, 0, 0, 0, 0, 0, 0, 2000},
  {0, 0, 0, 0, 0, 0, 0, 2000},
  {0, 0, 0, 0, 0, 0, 0, 2000},
  {0, 0, 0, 0, 0, 0, 0, 2000},
  {0, 0, 0, 0, 0, 0, 0, 2000},
  {0, 0, 0, 0, 0, 0, 0, 2000},
  {0, 0, 0, 0, 0, 0, 0, 2000},
  {0, 0, 0, 0, 0, 0, 0, 2000},
  {0, 0, 0, 0, 0, 0, 0, 2000},
  {0, 0, 0, 0, 0, 0, 0, 2000},
  {0, 0, 0, 0, 0, 0, 0, 2000},
  {0, 0, 0, 0, 0, 0, 0, 2000},
  {0, 0, 0, 0, 0, 0, 0, 2000},
  {0, 0, 0, 0, 0, 0, 0, 2000},
  {0, 0, 0, 0, 0, 0, 0, 2000},
  {0, 0, 0, 0, 0, 0, 0, 2000},
  {0, 0, 0, 0, 0, 0, 0, 2000},
  {0, 0, 0, 0, 0, 0, 0, 2000},
  {0, 0, 0, 0, 0, 0, 0, 2000},
  {0, 0, 0, 0, 0, 0, 0, 2000},
  {0, 0, 0, 0, 0, 0, 0, 2000},
  {0, 0, 0, 0, 0, 0, 0, 2000},
  {0, 0, 0, 0, 0, 0, 0, 2000},
  {0, 0, 0, 0, 0, 0, 0, 2000},
  {0, 0, 0, 0, 0, 0, 0, 2000},
  {0, 0, 0, 0, 0, 0, 0, 2000},
  {0, 0, 0, 0, 0, 0, 0, 2000},
  {0, 0, 0, 0, 0, 0, 0, 2000},
  {0, 0, 0, 0, 0, 0, 0, 2000},
  {0, 0, 0, 0, 0, 0, 0, 2000},
  {0, 0, 0, 0, 0, 0, 0, 2000},
  {0, 0, 0, 0, 0, 0, 0, 2000},
  {0, 0, 0, 0, 0, 0, 0, 2000},
  {0, 0, 0, 0, 0, 0, 0, 2000},
  {0, 0, 0, 0, 0, 0, 0, 2000},
  {0, 0, 0, 0, 0, 0, 0, 2000},
  {0, 0, 0, 0, 0, 0, 0, 2000},
  {0, 0, 0, 0, 0, 0, 0, 2000},
  {0, 0, 0, 0, 0, 0, 0, 2000},
  {0, 0, 0, 0, 0, 0, 0, 2000},
  {0, 0, 0, 0, 0, 0, 0, 2000},
  {0, 0, 0, 0, 0, 0, 0, 2000},
  {0, 0, 0, 0, 0, 0, 0, 2000},
  {0, 0, 0, 0, 0, 0, 0, 2000},
  {0, 0, 0, 0, 0, 0, 0, 2000},
  {0, 0, 0, 0, 0, 0, 0, 2000},
  {0, 0, 0, 0, 0, 0, 0, 2000},
  {0, 0, 0, 0, 0, 0, 0, 2000},
  {0, 0, 0, 0, 0, 0, 0, 2000},
  {0, 0, 0, 0, 0, 0, 0, 2000},
  {0, 0, 0, 0, 0, 0, 0, 2000},
  {0, 0, 0, 0, 0, 0, 0, 2000},
  {0, 0, 0, 0, 0, 0, 0, 2000},
  {0, 0, 0, 0, 0, 0, 0, 2000},
  {0, 0, 0, 0, 0, 0, 0, 2000},
  {0, 0, 0, 0, 0, 0, 0, 2000},
  {0, 0, 0, 0, 0, 0, 0, 2000},
  {0, 0, 0, 0, 0, 0, 0, 2000},
  {0, 0, 0, 0, 0, 0, 0, 2000},
  {0, 0, 0, 0, 0, 0, 0, 2000},
  {0, 0, 0, 0, 0, 0, 0, 2000},
  {0, 0, 0, 0, 0, 0, 0, 2000},
  {0, 0, 0, 0, 0, 0, 0, 2000},
  {0, 0, 0, 0, 0, 0, 0, 2000},
  {0, 0, 0, 0, 0, 0, 0, 2000},
  {0, 0, 0, 0, 0, 0, 0, 2000},
  {0, 0, 0, 0, 0, 0, 0, 2000},
  {0, 0, 0, 0, 0, 0, 0, 2000},
  {0, 0, 0, 0, 0, 0, 0, 2000},
  {0, 0, 0, 0, 0, 0, 0, 2000},
  {0, 0, 0, 0, 0, 0, 0, 2000},
  {0, 0, 0, 0, 0, 0, 0, 2000},
  {0, 0, 0, 0, 0, 0, 0, 2000},
  {0, 0, 0, 0, 0, 0, 0, 2000},
  {0, 0, 0, 0, 0, 0, 0, 2000},
  {0, 0, 0, 0, 0, 0, 0, 2000},
  {0, 0, 0, 0, 0, 0, 0, 2000},
  {0, 0, 0, 0, 0, 0, 0, 2000},
  {0, 0, 0, 0, 0, 0, 0, 2000},
  {0, 0, 0, 0, 0, 0, 0, 2000},
  {0, 0, 0, 0, 0, 0, 0, 2000},
  {0, 0, 0, 0, 0, 0, 0, 2000},
  {0, 0, 0, 0, 0, 0, 0, 2000},
  {0, 0, 0, 0, 0, 0, 0, 2000},
  {0, 0, 0, 0, 0, 0, 0, 2000},
  {0, 0, 0, 0, 0, 0, 0, 2000},
  {0, 0, 0, 0, 0, 0, 0, 2000},
  {0, 0, 0, 0, 0, 0, 0, 2000},
  {0, 0, 0, 0, 0, 0, 0, 2000},
  {0, 0, 0, 0, 0, 0, 0, 2000},
  {0, 0, 0, 0, 0, 0, 0, 2000},
  {0, 0, 0, 0, 0, 0, 0, 2000},
  {0, 0, 0, 0, 0, 0, 0, 2000},
  {0, 0, 0, 0, 0, 0, 0, 2000},
  {0, 0, 0, 0, 0, 0, 0, 2000},
  {0, 0, 0, 0, 0, 0, 0, 2000},
  {0, 0, 0, 0, 0, 0, 0, 2000},
  {0, 0, 0, 0, 0, 0, 0, 2000},
  {0, 0, 0, 0, 0, 0, 0, 2000},
  {0, 0, 0, 0, 0, 0, 0, 2000},
  {0, 0, 0, 0, 0, 0, 0, 2000},
  {0, 0, 0, 0, 0, 0, 0, 2000},
  {0, 0, 0, 0, 0, 0, 0, 2000},
  {0, 0, 0, 0, 0, 0, 0, 2000},
  {0, 0, 0, 0, 0, 0, 0, 2000},
  {0, 0, 0, 0, 0, 0, 0, 2000},
  {0, 0, 0, 0, 0, 0, 0, 2000},
  {0, 0, 0, 0, 0, 0, 0, 2000},
  {0, 0, 0, 0, 0, 0, 0, 2000},
  {0, 0, 0, 0, 0, 0, 0, 2000},
  {0, 0, 0, 0, 0, 0, 0, 2000},
  {0, 0, 0, 0, 0, 0, 0, 2000},
  {0, 0, 0, 0, 0, 0, 0, 2000},
  {0, 0, 0, 0, 0, 0, 0, 2000},
  {0, 0, 0, 0, 0, 0, 0, 2000},
  {0, 0, 0, 0, 0, 0, 0, 2000},
  {0, 0, 0, 0, 0, 0, 0, 2000},
  {0, 0, 0, 0, 0, 0, 0, 2000},
  {0, 0, 0, 0, 0, 0, 0, 2000},
  {0, 0, 0, 0, 0, 0, 0, 2000},
  {0, 0, 0, 0, 0, 0, 0, 2000},
  {0, 0, 0, 0, 0, 0, 0, 2000},
  {0, 0, 0, 0, 0, 0, 0, 2000},
  {0, 0, 0, 0, 0, 0, 0, 2000},
  {0, 0, 0, 0, 0, 0, 0, 2000},
  {0, 0, 0, 0, 0, 0, 0, 2000},
  {0, 0, 0, 0, 0, 0, 0, 2000},
  {0, 0, 0, 0, 0, 0, 0, 2000},
  {0, 0, 0, 0, 0, 0, 0, 2000},
  {0, 0, 0, 0, 0, 0, 0, 2000},
  {0, 0, 0, 0, 0, 0, 0, 2000},
  {0, 0, 0, 0, 0, 0, 0, 2000},
  {0, 0, 0, 0, 0, 0, 0, 2000},
  {0, 0, 0, 0, 0, 0, 0, 2000},
  {0, 0, 0, 0, 0, 0, 0, 2000},
  {0, 0, 0, 0, 0, 0, 0, 2000},
  {0, 0, 0, 0, 0, 0, 0, 2000},
  {0, 0, 0, 0, 0, 0, 0, 2000},
  {0, 0, 0, 0, 0, 0, 0, 2000},
  {0, 0, 0, 0, 0, 0, 0, 2000},
  {0, 0, 0, 0, 0, 0, 0, 2000},
  {0, 0, 0, 0, 0, 0, 0, 2000},
  {0, 0, 0, 0, 0, 0, 0, 2000},
  {0, 0, 0, 0, 0, 0, 0, 2000},
  {0, 0, 0, 0, 0, 0, 0, 2000},
  {0, 0, 0, 0, 0, 0, 0, 2000},
  {0, 0, 0, 0, 0, 0, 0, 2000},
  {0, 0, 0, 0, 0, 0, 0, 2000},
  {0, 0, 0, 0, 0, 0, 0, 2000},
  {0, 0, 0, 0, 0, 0, 0, 2000},
  {0, 0, 0, 0, 0, 0, 0, 2000},
  {0, 0, 0, 0, 0, 0, 0, 2000},
  {0, 0, 0, 0, 0, 0, 0, 2000},
  {0, 0, 0, 0, 0, 0, 0, 2000},
  {0, 0, 0, 0, 0, 0, 0, 2000},
  {0, 0, 0, 0, 0, 0, 0, 2000},
  {0, 0, 0, 0, 0, 0, 0, 2000},
  {0, 0, 0, 0, 0, 0, 0, 2000},
  {0, 0, 0, 0, 0, 0, 0, 2000},
  {0, 0, 0, 0, 0, 0, 0, 2000},
  {0, 0, 0, 0, 0, 0, 0, 2000},
  {0, 0, 0, 0, 0, 0, 0, 2000},
  {0, 0, 0, 0, 0, 0, 0, 2000},
  {0, 0, 0, 0, 0, 0, 0, 2000},
  {0, 0, 0, 0, 0, 0, 0, 2000},
  {0, 0, 0, 0, 0, 0, 0, 2000},
  {0, 0, 0, 0, 0, 0, 0, 2000},
  {0, 0, 0, 0, 0, 0, 0, 2000},
  {0, 0, 0, 0, 0, 0, 0, 2000},
  {0, 0, 0, 0, 0, 0, 0, 2000},
  {0, 0, 0, 0, 0, 0, 0, 2000},
  {0, 0, 0, 0, 0, 0, 0, 2000},
  {0, 0, 0, 0, 0, 0, 0, 2000},
  {0, 0, 0, 0, 0, 0, 0, 2000},
  {0, 0, 0, 0, 0, 0, 0, 2000},
  {0, 0, 0, 0, 0, 0, 0, 2000},
  {0, 0, 0, 0, 0, 0, 0, 2000},
  {0, 0, 0, 0, 0, 0, 0, 2000},
  {0, 0, 0, 0, 0, 0, 0, 2000},
  {0, 0, 0, 0, 0, 0, 0, 2000},
  {0, 0, 0, 0, 0, 0, 0, 2000},
  {0, 0, 0, 0, 0, 0, 0, 2000},
  {0, 0, 0, 0, 0, 0, 0, 2000},
  {0, 0, 0, 0, 0, 0, 0, 2000},
  {0, 0, 0, 0, 0, 0, 0, 2000},
  {0, 0, 0, 0, 0, 0, 0, 2000},
  {0, 0, 0, 0, 0, 0, 0, 2000},
  {0, 0, 0, 0, 0, 0, 0, 2000},
  {0, 0, 0, 0, 0, 0, 0, 2000},
  {0, 0, 0, 0, 0, 0, 0, 2000},
  {0, 0, 0, 0, 0, 0, 0, 2000},
  {0, 0, 0, 0, 0, 0, 0, 2000},
  {0, 0, 0, 0, 0, 0, 0, 2000},
  {0, 0, 0, 0, 0, 0, 0, 2000},
  {0, 0, 0, 0, 0, 0, 0, 2000},
  {0, 0, 0, 0, 0, 0, 0, 2000},
  {0, 0, 0, 0, 0, 0, 0, 2000},
  {0, 0, 0, 0, 0, 0, 0, 2000},
  {0, 0, 0, 0, 0, 0, 0, 2000},
  {0, 0, 0, 0, 0, 0, 0, 2000},
  {0, 0, 0, 0, 0, 0, 0, 2000},
  {0, 0, 0, 0, 0, 0, 0, 2000},
  {0, 0, 0, 0, 0, 0, 0, 2000},
  {0, 0, 0, 0, 0, 0, 0, 2000},
  {0, 0, 0, 0, 0, 0, 0, 2000},
  {0, 0, 0, 0, 0, 0, 0, 2000},
  {0, 0, 0, 0, 0, 0, 0, 2000},
  {0, 0, 0, 0, 0, 0, 0, 2000},
  {0, 0, 0, 0, 0, 0, 0, 2000},
  {0, 0, 0, 0, 0, 0, 0, 2000},
  {0, 0, 0, 0, 0, 0, 0, 2000},
  {0, 0, 0, 0, 0, 0, 0, 2000},
  {0, 0, 0, 0, 0, 0, 0, 2000},
  {0, 0, 0, 0, 0, 0, 0, 2000},
  {0, 0, 0, 0, 0, 0, 0, 2000},
  {0, 0, 0, 0, 0, 0, 0, 2000},
  {0, 0, 0, 0, 0, 0, 0, 2000},
  {0, 0, 0, 0, 0, 0, 0, 2000},
  {0, 0, 0, 0, 0, 0, 0, 2000},
  {0, 0, 0, 0, 0, 0, 0, 2000},
  {0, 0, 0, 0, 0, 0, 0, 2000},
  {0, 0, 0, 0, 0, 0, 0, 2000},
  {0, 0, 0, 0, 0, 0, 0, 2000},
  {0, 0, 0, 0, 0, 0, 0, 2000},
  {0, 0, 0, 0, 0, 0, 0, 2000},
  {0, 0, 0, 0, 0, 0, 0, 2000},
  {0, 0, 0, 0, 0, 0, 0, 2000},
  {0, 0, 0, 0, 0, 0, 0, 2000},
  {0, 0, 0, 0, 0, 0, 0, 2000},
  {0, 0, 0, 0, 0, 0, 0, 2000},
  {0, 0, 0, 0, 0, 0, 0, 2000},
  {0, 0, 0, 0, 0, 0, 0, 2000},
  {0, 0, 0, 0, 0, 0, 0, 2000},
  {0, 0, 0, 0, 0, 0, 0, 2000},
  {0, 0, 0, 0, 0, 0, 0, 2000},
  {0, 0, 0, 0, 0, 0, 0, 2000},
  {0, 0, 0, 0, 0, 0, 0, 2000},
  {0, 0, 0, 0, 0, 0, 0, 2000},
  {0, 0, 0, 0, 0, 0, 0, 2000},
  {0, 0, 0, 0, 0, 0, 0, 2000},
  {0, 0, 0, 0, 0, 0, 0, 2000},
  {0, 0, 0, 0, 0, 0, 0, 2000},
  {0, 0, 0, 0, 0, 0, 0, 2000},
  {0, 0, 0, 0, 0, 0, 0, 2000},
  {0, 0, 0, 0, 0, 0, 0, 2000},
  {0, 0, 0, 0, 0, 0, 0, 2000},
  {0, 0, 0, 0, 0, 0, 0, 2000},
  {0, 0, 0, 0, 0, 0, 0, 2000},
  {0, 0, 0, 0, 0, 0, 0, 2000},
  {0, 0, 0, 0, 0, 0, 0, 2000},
  {0, 0, 0, 0, 0, 0, 0, 2000},
  {0, 0, 0, 0, 0, 0, 0, 2000},
  {0, 0, 0, 0, 0, 0, 0, 2000},
  {0, 0, 0, 0, 0, 0, 0, 2000},
  {0, 0, 0, 0, 0, 0, 0, 2000},
  {0, 0, 0, 0, 0, 0, 0, 2000},
  {0, 0, 0, 0, 0, 0, 0, 2000},
  {0, 0, 0, 0, 0, 0, 0, 2000},
  {0, 0, 0, 0, 0, 0, 0, 2000},
  {0, 0, 0, 0, 0, 0, 0, 2000},
  {0, 0, 0, 0, 0, 0, 0, 2000},
  {0, 0, 0, 0, 0, 0, 0, 2000},
  {0, 0, 0, 0, 0, 0, 0, 2000},
  {0, 0, 0, 0, 0, 0, 0, 2000},
  {0, 0, 0, 0, 0, 0, 0, 2000},
  {0, 0, 0, 0, 0, 0, 0, 2000},
  {0, 0, 0, 0, 0, 0, 0, 2000},
  {0, 0, 0, 0, 0, 0, 0, 2000},
  {0, 0, 0, 0, 0, 0, 0, 2000},
  {0, 0, 0, 0, 0, 0, 0, 2000},
  {0, 0, 0, 0, 0, 0, 0, 2000},
  {0, 0, 0, 0, 0, 0, 0, 2000},
  {0, 0, 0, 0, 0, 0, 0, 2000},
  {0, 0, 0, 0, 0, 0, 0, 2000},
  {0, 0, 0, 0, 0, 0, 0, 2000},
  {0, 0, 0, 0, 0, 0, 0, 2000},
  {0, 0, 0, 0, 0, 0, 0, 2000},
  {0, 0, 0, 0, 0, 0, 0, 2000},
  {0, 0, 0, 0, 0, 0, 0, 2000},
  {0, 0, 0, 0, 0, 0, 0, 2000},
  {0, 0, 0, 0, 0, 0, 0, 2000},
  {0, 0, 0, 0, 0, 0, 0, 2000},
  {0, 0, 0, 0, 0, 0, 0, 2000},
  {0, 0, 0, 0, 0, 0, 0, 2000},
  {0, 0, 0, 0, 0, 0, 0, 2000},
  {0, 0, 0, 0, 0, 0, 0, 2000},
  {0, 0, 0, 0, 0, 0, 0, 2000},
  {0, 0, 0, 0, 0, 0, 0, 2000},
  {0, 0, 0, 0, 0, 0, 0, 2000},
  {0, 0, 0, 0, 0, 0, 0, 2000},
  {0, 0, 0, 0, 0, 0, 0, 2000},
  {0, 0, 0, 0, 0, 0, 0, 2000},
  {0, 0, 0, 0, 0, 0, 0, 2000},
  {0, 0, 0, 0, 0, 0, 0, 2000},
  {0, 0, 0, 0, 0, 0, 0, 2000},
  {0, 0, 0, 0, 0, 0, 0, 2000},
  {0, 0, 0, 0, 0, 0, 0, 2000},
  {0, 0, 0, 0, 0, 0, 0, 2000},
  {0, 0, 0, 0, 0, 0, 0, 2000},
  {0, 0, 0, 0, 0, 0, 0, 2000},
  {0, 0, 0, 0, 0, 0, 0, 2000},
  {0, 0, 0, 0, 0, 0, 0, 2000},
  {0, 0, 0, 0, 0, 0, 0, 2000},
  {0, 0, 0, 0, 0, 0, 0, 2000},
  {0, 0, 0, 0, 0, 0, 0, 2000},
  {0, 0, 0, 0, 0, 0, 0, 2000},
  {0, 0, 0, 0, 0, 0, 0, 2000},
  {0, 0, 0, 0, 0, 0, 0, 2000},
  {0, 0, 0, 0, 0, 0, 0, 2000},
  {0, 0, 0, 0, 0, 0, 0, 2000},
  {0, 0, 0, 0, 0, 0, 0, 2000},
  {0, 0, 0, 0, 0, 0, 0, 2000},
  {0, 0, 0, 0, 0, 0, 0, 2000},
  {0, 0, 0, 0, 0, 0, 0, 2000},
  {0, 0, 0, 0, 0, 0, 0, 2000},
  {0, 0, 0, 0, 0, 0, 0, 2000},
  {0, 0, 0, 0, 0, 0, 0, 2000},
  {0, 0, 0, 0, 0, 0, 0, 2000},
  {0, 0, 0, 0, 0, 0, 0, 2000},
  {0, 0, 0, 0, 0, 0, 0, 2000},
  {0, 0, 0, 0, 0, 0, 0, 2000},
  {0, 0, 0, 0, 0, 0, 0, 2000},
  {0, 0, 0, 0, 0, 0, 0, 2000},
  {0, 0, 0, 0, 0, 0, 0, 2000},
  {0, 0, 0, 0, 0, 0, 0, 2000},
  {0, 0, 0, 0, 0, 0, 0, 2000},
  {0, 0, 0, 0, 0, 0, 0, 2000},
  {0, 0, 0, 0, 0, 0, 0, 2000},
  {0, 0, 0, 0, 0, 0, 0, 2000},
  {0, 0, 0, 0, 0, 0, 0, 2000},
  {0, 0, 0, 0, 0, 0, 0, 2000},
  {0, 0, 0, 0, 0, 0, 0, 2000},
  {0, 0, 0, 0, 0, 0, 0, 2000},
  {0, 0, 0, 0, 0, 0, 0, 2000},
  {0, 0, 0, 0, 0, 0, 0, 2000},
  {0, 0, 0, 0, 0, 0, 0, 2000},
  {0, 0, 0, 0, 0, 0, 0, 2000},
  {0, 0, 0, 0, 0, 0, 0, 2000},
  {0, 0, 0, 0, 0, 0, 0, 2000},
  {0, 0, 0, 0, 0, 0, 0, 2000},
  {0, 0, 0, 0, 0, 0, 0, 2000},
  {0, 0, 0, 0, 0, 0, 0, 2000},
  {0, 0, 0, 0, 0, 0, 0, 2000},
  {0, 0, 0, 0, 0, 0, 0, 2000},
  {0, 0, 0, 0, 0, 0, 0, 2000},
  {0, 0, 0, 0, 0, 0, 0, 2000},
  {0, 0, 0, 0, 0, 0, 0, 2000},
  {0, 0, 0, 0, 0, 0, 0, 2000},
  {0, 0, 0, 0, 0, 0, 0, 2000},
  {0, 0, 0, 0, 0, 0, 0, 2000},
  {0, 0, 0, 0, 0, 0, 0, 2000},
  {0, 0, 0, 0, 0, 0, 0, 2000},
  {0, 0, 0, 0, 0, 0, 0, 2000},
  {0, 0, 0, 0, 0, 0, 0, 2000},
  {0, 0, 0, 0, 0, 0, 0, 2000},
  {0, 0, 0, 0, 0, 0, 0, 2000},
  {0, 0, 0, 0, 0, 0, 0, 2000},
  {0, 0, 0, 0, 0, 0, 0, 2000},
  {0, 0, 0, 0, 0, 0, 0, 2000},
  {0, 0, 0, 0, 0, 0, 0, 2000},
  {0, 0, 0, 0, 0, 0, 0, 2000},
  {0, 0, 0, 0, 0, 0, 0, 2000},
  {0, 0, 0, 0, 0, 0, 0, 2000},
  {0, 0, 0, 0, 0, 0, 0, 2000},
  {0, 0, 0, 0, 0, 0, 0, 2000},
  {0, 0, 0, 0, 0, 0, 0, 2000},
  {0, 0, 0, 0, 0, 0, 0, 2000},
  {0, 0, 0, 0, 0, 0, 0, 2000},
  {0, 0, 0, 0, 0, 0, 0, 2000},
  {0, 0, 0, 0, 0, 0, 0, 2000},
  {0, 0, 0, 0, 0, 0, 0, 2000},
  {0, 0, 0, 0, 0, 0, 0, 2000},
  {0, 0, 0, 0, 0, 0, 0, 2000},
  {0, 0, 0, 0, 0, 0, 0, 2000},
  {0, 0, 0, 0, 0, 0, 0, 2000},
  {0, 0, 0, 0, 0, 0, 0, 2000},
  {0, 0, 0, 0, 0, 0, 0, 2000},
  {0, 0, 0, 0, 0, 0, 0, 2000},
  {0, 0, 0, 0, 0, 0, 0, 2000},
  {0, 0, 0, 0, 0, 0, 0, 2000},
  {0, 0, 0, 0, 0, 0, 0, 2000},
  {0, 0, 0, 0, 0, 0, 0, 2000},
  {0, 0, 0, 0, 0, 0, 0, 2000},
  {0, 0, 0, 0, 0, 0, 0, 2000},
  {0, 0, 0, 0, 0, 0, 0, 2000},
  {0, 0, 0, 0, 0, 0, 0, 2000},
  {0, 0, 0, 0, 0, 0, 0, 2000},
  {0, 0, 0, 0, 0, 0, 0, 2000},
  {0, 0, 0, 0, 0, 0, 0, 2000},
  {0, 0, 0, 0, 0, 0, 0, 2000},
  {0, 0, 0, 0, 0, 0, 0, 2000},
  {0, 0, 0, 0, 0, 0, 0, 2000},
  {0, 0, 0, 0, 0, 0, 0, 2000},
  {0, 0, 0, 0, 0, 0, 0, 2000},
  {0, 0, 0, 0, 0, 0, 0, 2000},
  {0, 0, 0, 0, 0, 0, 0, 2000},
  {0, 0, 0, 0, 0, 0, 0, 2000},
  {0, 0, 0, 0, 0, 0, 0, 2000},
  {0, 0, 0, 0, 0, 0, 0, 2000},
  {0, 0, 0, 0, 0, 0, 0, 2000},
  {0, 0, 0, 0, 0, 0, 0, 2000},
  {0, 0, 0, 0, 0, 0, 0, 2000},
  {0, 0, 0, 0, 0, 0, 0, 2000},
  {0, 0, 0, 0, 0, 0, 0, 2000},
  {0, 0, 0, 0, 0, 0, 0, 2000},
  {0, 0, 0, 0, 0, 0, 0, 2000},
  {0, 0, 0, 0, 0, 0, 0, 2000},
  {0, 0, 0, 0, 0, 0, 0, 2000},
  {0, 0, 0, 0, 0, 0, 0, 2000},
  {0, 0, 0, 0, 0, 0, 0, 2000},
  {0, 0, 0, 0, 0, 0, 0, 2000},
  {0, 0, 0, 0, 0, 0, 0, 2000},
  {0, 0, 0, 0, 0, 0, 0, 2000},
  {0, 0, 0, 0, 0, 0, 0, 2000},
  {0, 0, 0, 0, 0, 0, 0, 2000},
  {0, 0, 0, 0, 0, 0, 0, 2000},
  {0, 0, 0, 0, 0, 0, 0, 2000},
  {0, 0, 0, 0, 0, 0, 0, 2000},
  {0, 0, 0, 0, 0, 0, 0, 2000},
  {0, 0, 0, 0, 0, 0, 0, 2000},
  {0, 0, 0, 0, 0, 0, 0, 2000},
  {0, 0, 0, 0, 0, 0, 0, 2000},
  {0, 0, 0, 0, 0, 0, 0, 2000},
  {0, 0, 0, 0, 0, 0, 0, 2000},
  {0, 0, 0, 0, 0, 0, 0, 2000},
  {0, 0, 0, 0, 0, 0, 0, 2000},
  {0, 0, 0, 0, 0, 0, 0, 2000},
  {0, 0, 0, 0, 0, 0, 0, 2000},
  {0, 0, 0, 0, 0, 0, 0, 2000},
  {0, 0, 0, 0, 0, 0, 0, 2000},
  {0, 0, 0, 0, 0, 0, 0, 2000},
  {0, 0, 0, 0, 0, 0, 0, 2000},
  {0, 0, 0, 0, 0, 0, 0, 2000},
  {0, 0, 0, 0, 0, 0, 0, 2000},
  {0, 0, 0, 0, 0, 0, 0, 2000},
  {0, 0, 0, 0, 0, 0, 0, 2000},
  {0, 0, 0, 0, 0, 0, 0, 2000},
  {0, 0, 0, 0, 0, 0, 0, 2000},
  {0, 0, 0, 0, 0, 0, 0, 2000},
  {0, 0, 0, 0, 0, 0, 0, 2000},
  {0, 0, 0, 0, 0, 0, 0, 2000},
  {0, 0, 0, 0, 0, 0, 0, 2000},
  {0, 0, 0, 0, 0, 0, 0, 2000},
  {0, 0, 0, 0, 0, 0, 0, 2000},
  {0, 0, 0, 0, 0, 0, 0, 2000},
  {0, 0, 0, 0, 0, 0, 0, 2000},
  {0, 0, 0, 0, 0, 0, 0, 2000},
  {0, 0, 0, 0, 0, 0, 0, 2000},
  {0, 0, 0, 0, 0, 0, 0, 2000},
  {0, 0, 0, 0, 0, 0, 0, 2000},
  {0, 0, 0, 0, 0, 0, 0, 2000},
  {0, 0, 0, 0, 0, 0, 0, 2000},
  {0, 0, 0, 0, 0, 0, 0, 2000},
  {0, 0, 0, 0, 0, 0, 0, 2000},
  {0, 0, 0, 0, 0, 0, 0, 2000},
  {0, 0, 0, 0, 0, 0, 0, 2000},
  {0, 0, 0, 0, 0, 0, 0, 2000},
  {0, 0, 0, 0, 0, 0, 0, 2000},
  {0, 0, 0, 0, 0, 0, 0, 2000},
  {0, 0, 0, 0, 0, 0, 0, 2000},
  {0, 0, 0, 0, 0, 0, 0, 2000},
  {0, 0, 0, 0, 0, 0, 0, 2000},
  {0, 0, 0, 0, 0, 0, 0, 2000},
  {0, 0, 0, 0, 0, 0, 0, 2000},
  {0, 0, 0, 0, 0, 0, 0, 2000},
  {0, 0, 0, 0, 0, 0, 0, 2000},
  {0, 0, 0, 0, 0, 0, 0, 2000},
  {0, 0, 0, 0, 0, 0, 0, 2000},
  {0, 0, 0, 0, 0, 0, 0, 2000},
  {0, 0, 0, 0, 0, 0, 0, 2000},
  {0, 0, 0, 0, 0, 0, 0, 2000},
  {0, 0, 0, 0, 0, 0, 0, 2000},
  {0, 0, 0, 0, 0, 0, 0, 2000},
  {0, 0, 0, 0, 0, 0, 0, 2000},
  {0, 0, 0, 0, 0, 0, 0, 2000},
  {0, 0, 0, 0, 0, 0, 0, 2000},
  {0, 0, 0, 0, 0, 0, 0, 2000},
  {0, 0, 0, 0, 0, 0, 0, 2000},
  {0, 0, 0, 0, 0, 0, 0, 2000},
  {0, 0, 0, 0, 0, 0, 0, 2000},
  {0, 0, 0, 0, 0, 0, 0, 2000},
  {0, 0, 0, 0, 0, 0, 0, 2000},
  {0, 0, 0, 0, 0, 0, 0, 2000},
  {0, 0, 0, 0, 0, 0, 0, 2000},
  {0, 0, 0, 0, 0, 0, 0, 2000},
  {0, 0, 0, 0, 0, 0, 0, 2000},
  {0, 0, 0, 0, 0, 0, 0, 2000},
  {0, 0, 0, 0, 0, 0, 0, 2000},
  {0, 0, 0, 0, 0, 0, 0, 2000},
  {0, 0, 0, 0, 0, 0, 0, 2000},
  {0, 0, 0, 0, 0, 0, 0, 2000},
  {0, 0, 0, 0, 0, 0, 0, 2000},
  {0, 0, 0, 0, 0, 0, 0, 2000},
  {0, 0, 0, 0, 0, 0, 0, 2000},
  {0, 0, 0, 0, 0, 0, 0, 2000},
  {0, 0, 0, 0, 0, 0, 0, 2000},
  {0, 0, 0, -1, 0, 0, 0, 2000},
  {0, 0, 0, -2, 0, 0, -1, 2000},
  {0, 0, 0, -3, -1, 0, -1, 2000},
  {0, 0, 0, -4, -1, -1, -2, 2000},
  {0, 0, 0, -5, -1, -1, -2, 2000},
  {0, 0, 0, -6, -2, -1, -3, 2000},
  {0, 0, 0, -8, -2, -2, -4, 2000},
  {0, 0, 0, -9, -3, -2, -4, 2000},
  {0, 0, 0, -11, -4, -2, -5, 2000},
  {0, 0, 0, -13, -4, -3, -6, 2000},
  {0, 0, 0, -14, -5, -3, -7, 2000},
  {0, 0, 0, -16, -6, -4, -8, 2000},
  {0, 0, 0, -18, -6, -4, -9, 2000},
  {0, 0, 0, -20, -7, -5, -10, 2000},
  {0, 0, 0, -22, -8, -5, -11, 2000},
  {0, 0, 0, -23, -8, -6, -12, 2000},
  {0, 0, 0, -25, -9, -6, -13, 2000},
  {0, 0, 0, -27, -10, -7, -14, 2000},
  {0, 0, 0, -29, -10, -7, -15, 2000},
  {0, 0, 0, -31, -11, -8, -15, 2000},
  {0, 0, 0, -33, -12, -8, -16, 2000},
  {0, 0, 0, -34, -12, -9, -17, 2000},
  {0, 0, 0, -36, -13, -9, -18, 2000},
  {0, 0, 0, -38, -14, -9, -19, 2000},
  {0, 0, 0, -40, -14, -10, -20, 2000},
  {0, 0, 0, -42, -15, -10, -21, 2000},
  {0, 0, 0, -43, -16, -11, -22, 2000},
  {0, 0, 0, -45, -16, -11, -23, 2000},
  {0, 0, 0, -47, -17, -12, -24, 2000},
  {0, 0, 0, -49, -18, -12, -25, 2000},
  {0, 0, 0, -51, -18, -13, -26, 2000},
  {0, 0, 0, -52, -19, -13, -26, 2000},
  {0, 0, 0, -54, -20, -14, -27, 2000},
  {0, 0, 0, -56, -20, -14, -28, 2000},
  {0, 0, 0, -58, -21, -15, -29, 2000},
  {0, 0, 0, -60, -22, -15, -30, 2000},
  {0, 0, 0, -61, -22, -16, -31, 2000},
  {0, 0, 0, -63, -23, -16, -32, 2000},
  {0, 0, 0, -65, -24, -16, -33, 2000},
  {0, 0, 0, -67, -24, -17, -34, 2000},
  {0, 0, 0, -68, -25, -17, -35, 2000},
  {0, 0, 0, -70, -25, -18, -35, 2000},
  {0, 0, 0, -71, -26, -18, -36, 2000},
  {0, 0, 0, -72, -26, -18, -37, 2000},
  {0, 0, 0, -73, -26, -19, -37, 2000},
  {0, 0, 0, -74, -27, -19, -37, 2000},
  {0, 0, 0, -75, -27, -19, -38, 2000},
  {0, 0, 0, -75, -27, -19, -38, 2000},
  {0, 0, 0, -76, -27, -19, -38, 2000},
  {0, 0, 0, -76, -28, -19, -38, 2000},
  {0, 0, 0, -76, -28, -19, -39, 2000},
  {0, 0, 0, -76, -28, -19, -39, 2000},
  {0, 0, 0, -76, -28, -19, -39, 2000},
  {0, 0, 0, -76, -28, -19, -39, 2000},
  {0, 0, 0, -76, -28, -19, -39, 2000},
  {0, 0, 0, -76, -28, -19, -39, 2000},
  {0, 0, 0, -76, -28, -19, -39, 2000},
  {0, 0, 0, -76, -28, -19, -39, 2000},
  {0, 0, 0, -76, -28, -19, -39, 2000},
  {0, 0, 0, -76, -28, -19, -39, 2000},
  {0, 0, 0, -76, -28, -19, -39, 2000},
  {0, 0, 0, -76, -28, -19, -39, 2000},
  {0, 0, 0, -76, -28, -19, -39, 2000},
  {0, 0, 0, -76, -28, -19, -39, 2000},
  {0, 0, 0, -76, -28, -19, -39, 2000},
  {0, 0, 0, -76, -28, -19, -39, 2000},
  {0, 0, 0, -76, -28, -19, -39, 2000},
  {0, 0, 0, -76, -28, -19, -39, 2000},
  {0, 0, 0, -76, -28, -19, -39, 2000},
  {0, 0, 0, -76, -28, -19, -39, 2000},
  {0, 0, 0, -76, -28, -19, -39, 2000},
  {0, 0, 0, -76, -28, -19, -39, 2000},
  {0, 0, 0, -76, -28, -19, -39, 2000},
  {0, 0, 0, -76, -28, -19, -39, 2000},
  {0, 0, 0, -76, -28, -19, -39, 2000},
  {0, 0, 0, -76, -28, -19, -39, 2000},
  {0, 0, 0, -76, -28, -19, -39, 2000},
  {0, 0, 0, -76, -28, -19, -39, 2000},
  {0, 0, 0, -76, -28, -19, -39, 2000},
  {0, 0, 0, -76, -28, -19, -39, 2000},
  {0, 0, 0, -76, -28, -19, -39, 2000},
  {0, 0, 0, -76, -28, -19, -39, 2000},
  {0, 0, 0, -76, -28, -19, -39, 2000},
  {0, 0, 0, -76, -28, -19, -39, 2000},
  {0, 0, 0, -76, -28, -19, -39, 2000},
  {0, 0, 0, -76, -28, -19, -39, 2000},
  {0, 0, 0, -76, -28, -19, -39, 2000},
  {0, 0, 0, -76, -28, -19, -39, 2000},
  {0, 0, 0, -76, -28, -19, -39, 2000},
  {0, 0, 0, -76, -28, -19, -39, 2000},
  {0, 0, 0, -76, -28, -19, -39, 2000},
  {0, 0, 0, -76, -28, -19, -39, 2000},
  {0, 0, 0, -76, -28, -19, -39, 2000},
  {0, 0, 0, -76, -28, -19, -39, 2000},
  {0, 0, 0, -76, -28, -19, -39, 2000},
  {0, 0, 0, -76, -28, -19, -39, 2000},
  {0, 0, 0, -76, -28, -19, -39, 2000},
  {0, 0, 0, -76, -28, -19, -39, 2000},
  {0, 0, 0, -76, -28, -19, -39, 2000},
  {0, 0, 0, -76, -28, -19, -39, 2000},
  {0, 0, 0, -76, -28, -19, -39, 2000},
  {0, 0, 0, -76, -28, -19, -39, 2000},
  {0, 0, 0, -76, -28, -19, -39, 2000},
  {0, 0, 0, -76, -28, -19, -39, 2000},
  {0, 0, 0, -76, -28, -19, -39, 2000},
  {0, 0, 0, -76, -28, -19, -39, 2000},
  {0, 0, 0, -76, -28, -19, -39, 2000},
  {0, 0, 0, -76, -28, -19, -39, 2000},
  {0, 0, 0, -76, -28, -19, -39, 2000},
  {0, 0, 0, -76, -28, -19, -39, 2000},
  {0, 0, 0, -76, -28, -19, -39, 2000},
  {0, 0, 0, -76, -28, -19, -39, 2000},
  {0, 0, 0, -76, -28, -19, -39, 2000},
  {0, 0, 0, -76, -28, -19, -39, 2000},
  {0, 0, 0, -76, -28, -19, -39, 2000},
  {0, 0, 0, -76, -28, -19, -39, 2000},
  {0, 0, 0, -76, -28, -19, -39, 2000},
  {0, 0, 0, -76, -28, -19, -39, 2000},
  {0, 0, 0, -76, -28, -19, -39, 2000},
  {0, 0, 0, -76, -28, -19, -39, 2000},
  {0, 0, 0, -76, -28, -19, -39, 2000},
  {0, 0, 0, -76, -28, -19, -39, 2000},
  {0, 0, 0, -76, -28, -19, -39, 2000},
  {0, 0, 0, -76, -28, -19, -39, 2000},
  {0, 0, 0, -76, -28, -19, -39, 2000},
  {0, 0, 0, -76, -28, -19, -39, 2000},
  {0, 0, 0, -76, -28, -19, -39, 2000},
  {0, 0, 0, -76, -28, -19, -39, 2000},
  {0, 0, 0, -76, -28, -19, -39, 2000},
  {0, 0, 0, -76, -28, -19, -39, 2000},
  {0, 0, 0, -76, -28, -19, -39, 2000},
  {0, 0, 0, -76, -28, -19, -39, 2000},
  {0, 0, 0, -76, -28, -19, -39, 2000},
  {0, 0, 0, -76, -28, -19, -39, 2000},
  {0, 0, 0, -76, -28, -19, -39, 2000},
  {0, 0, 0, -76, -28, -19, -39, 2000},
  {0, 0, 0, -76, -28, -19, -39, 2000},
  {0, 0, 0, -76, -28, -19, -39, 2000},
  {0, 0, 0, -76, -28, -19, -39, 2000},
  {0, 0, 0, -76, -28, -19, -39, 2000},
  {0, 0, 0, -76, -28, -19, -39, 2000},
  {0, 0, 0, -76, -28, -19, -39, 2000},
  {0, 0, 0, -76, -28, -19, -39, 2000},
  {0, 0, 0, -76, -28, -19, -39, 2000},
  {0, 0, 0, -76, -28, -19, -39, 2000},
  {0, 0, 0, -76, -28, -19, -39, 2000},
  {0, 0, 0, -76, -28, -19, -39, 2000},
  {0, 0, 0, -76, -28, -19, -39, 2000},
  {0, 0, 0, -76, -28, -19, -39, 2000},
  {0, 0, 0, -76, -28, -19, -39, 2000},
  {0, 0, 0, -76, -28, -19, -39, 2000},
  {0, 0, 0, -76, -28, -19, -39, 2000},
  {0, 0, 0, -76, -28, -19, -39, 2000},
  {0, 0, 0, -76, -28, -19, -39, 2000},
  {0, 0, 0, -76, -28, -19, -39, 2000},
  {0, 0, 0, -76, -28, -19, -39, 2000},
  {0, 0, 0, -76, -28, -19, -39, 2000},
  {0, 0, 0, -76, -28, -19, -39, 2000},
  {0, 0, 0, -76, -28, -19, -39, 2000},
  {0, 0, 0, -76, -28, -19, -39, 2000},
  {0, 0, 0, -76, -28, -19, -39, 2000},
  {0, 0, 0, -76, -28, -19, -39, 2000},
  {0, 0, 0, -76, -28, -19, -39, 2000},
  {0, 0, 0, -76, -28, -19, -39, 2000},
  {0, 0, 0, -76, -28, -19, -39, 2000},
  {0, 0, 0, -76, -28, -19, -39, 2000},
  {0, 0, 0, -76, -28, -19, -39, 2000},
  {0, 0, 0, -76, -28, -19, -39, 2000},
  {0, 0, 0, -76, -28, -19, -39, 2000},
  {0, 0, 0, -76, -28, -19, -39, 2000},
  {0, 0, 0, -76, -28, -19, -39, 2000},
  {0, 0, 0, -76, -28, -19, -39, 2000},
  {0, 0, 0, -76, -28, -19, -39, 2000},
  {0, 0, 0, -76, -28, -19, -39, 2000},
  {0, 0, 0, -76, -28, -19, -39, 2000},
  {0, 0, 0, -76, -28, -19, -39, 2000},
  {0, 0, 0, -76, -28, -19, -39, 2000},
  {0, 0, 0, -76, -28, -19, -39, 2000},
  {0, 0, 0, -76, -28, -19, -39, 2000},
  {0, 0, 0, -76, -28, -19, -39, 2000},
  {0, 0, 0, -76, -28, -19, -39, 2000},
  {0, 0, 0, -76, -28, -19, -39, 2000},
  {0, 0, 0, -76, -28, -19, -39, 2000},
  {0, 0, 0, -76, -28, -19, -39, 2000},
  {0, 0, 0, -76, -28, -19, -39, 2000},
  {0, 0, 0, -76, -28, -19, -39, 2000},
  {0, 0, 0, -76, -28, -19, -39, 2000},
  {0, 0, 0, -76, -28, -19, -39, 2000},
  {0, 0, 0, -76, -28, -19, -39, 2000},
  {0, 0, 0, -76, -28, -19, -39, 2000},
  {0, 0, 0, -76, -28, -19, -39, 2000},
  {0, 0, 0, -76, -28, -19, -39, 2000},
  {0, 0, 0, -76, -28, -19, -39, 2000},
  {0, 0, 0, -76, -28, -19, -39, 2000},
  {0, 0, 0, -76, -28, -19, -39, 2000},
  {0, 0, 0, -76, -28, -19, -39, 2000},
  {0, 0, 0, -76, -28, -19, -39, 2000},
  {0, 0, 0, -76, -28, -19, -39, 2000},
  {0, 0, 0, -76, -28, -19, -39, 2000},
  {0, 0, 0, -76, -28, -19, -39, 2000},
  {0, 0, 0, -76, -28, -19, -39, 2000},
  {0, 0, 0, -76, -28, -19, -39, 2000},
  {0, 0, 0, -76, -28, -19, -39, 2000},
  {0, 0, 0, -76, -28, -19, -39, 2000},
  {0, 0, 0, -76, -28, -19, -39, 2000},
  {0, 0, 0, -76, -28, -19, -39, 2000},
  {0, 0, 0, -76, -28, -19, -39, 2000},
  {0, 0, 0, -76, -28, -19, -39, 2000},
  {0, 0, 0, -76, -28, -19, -39, 2000},
  {0, 0, 0, -76, -28, -19, -39, 2000},
  {0, 0, 0, -76, -28, -19, -39, 2000},
  {0, 0, 0, -76, -28, -19, -39, 2000},
  {0, 0, 0, -76, -28, -19, -39, 2000},
  {0, 0, 0, -76, -28, -19, -39, 2000},
  {0, 0, 0, -76, -28, -19, -39, 2000},
  {0, 0, 0, -76, -28, -19, -39, 2000},
  {0, 0, 0, -76, -28, -19, -39, 2000},
  {0, 0, 0, -76, -28, -19, -39, 2000},
  {0, 0, 0, -76, -28, -19, -39, 2000},
  {0, 0, 0, -76, -28, -19, -39, 2000},
  {0, 0, 0, -76, -28, -19, -39, 2000},
  {0, 0, 0, -76, -28, -19, -39, 2000},
  {0, 0, 0, -76, -28, -19, -39, 2000},
  {0, 0, 0, -76, -28, -19, -39, 2000},
  {0, 0, 0, -76, -28, -19, -39, 2000},
  {0, 0, 0, -76, -28, -19, -39, 2000},
  {0, 0, 0, -76, -28, -19, -39, 2000},
  {0, 0, 0, -76, -28, -19, -39, 2000},
  {0, 0, 0, -76, -28, -19, -39, 2000},
  {0, 0, 0, -76, -28, -19, -39, 2000},
  {0, 0, 0, -76, -28, -19, -39, 2000},
  {0, 0, 0, -76, -28, -19, -39, 2000},
  {0, 0, 0, -76, -28, -19, -39, 2000},
  {0, 0, 0, -76, -28, -19, -39, 2000},
  {0, 0, 0, -76, -28, -19, -39, 2000},
  {0, 0, 0, -76, -28, -19, -39, 2000},
  {0, 0, 0, -76, -28, -19, -39, 2000},
  {0, 0, 0, -76, -28, -19, -39, 2000},
  {0, 0, 0, -76, -28, -19, -39, 2000},
  {0, 0, 0, -76, -28, -19, -39, 2000},
  {0, 0, 0, -76, -28, -19, -39, 2000},
  {0, 0, 0, -76, -28, -19, -39, 2000},
  {0, 0, 0, -76, -28, -19, -39, 2000},
  {0, 0, 0, -76, -28, -19, -39, 2000},
  {0, 0, 0, -76, -28, -19, -39, 2000},
  {0, 0, 0, -76, -28, -19, -39, 2000},
  {0, 0, 0, -76, -28, -19, -39, 2000},
  {0, 0, 0, -76, -28, -19, -39, 2000},
  {0, 0, 0, -76, -28, -19, -39, 2000},
  {0, 0, 0, -76, -28, -19, -39, 2000},
  {0, 0, 0, -76, -28, -19, -39, 2000},
  {0, 0, 0, -76, -28, -19, -39, 2000},
  {0, 0, 0, -76, -28, -19, -39, 2000},
  {0, 0, 0, -76, -28, -19, -39, 2000},
  {0, 0, 0, -76, -28, -19, -39, 2000},
  {0, 0, 0, -76, -28, -19, -39, 2000},
  {0, 0, 0, -76, -28, -19, -39, 2000},
  {0, 0, 0, -76, -28, -19, -39, 2000},
  {0, 0, 0, -76, -28, -19, -39, 2000},
  {0, 0, 0, -76, -28, -19, -39, 2000},
  {0, 0, 0, -76, -28, -19, -39, 2000},
  {0, 0, 0, -76, -28, -19, -39, 2000},
  {0, 0, 0, -76, -28, -19, -39, 2000},
  {0, 0, 0, -76, -28, -19, -39, 2000},
  {0, 0, 0, -76, -28, -19, -39, 2000},
  {0, 0, 0, -76, -28, -19, -39, 2000},
  {0, 0, 0, -76, -28, -19, -39, 2000},
  {0, 0, 0, -76, -28, -19, -39, 2000},
  {0, 0, 0, -76, -28, -19, -39, 2000},
  {0, 0, 0, -76, -28, -19, -39, 2000},
  {0, 0, 0, -76, -28, -19, -39, 2000},
  {0, 0, 0, -76, -28, -19, -39, 2000},
  {0, 0, 0, -76, -28, -19, -39, 2000},
  {0, 0, 0, -76, -28, -19, -39, 2000},
  {0, 0, 0, -76, -28, -19, -39, 2000},
  {0, 0, 0, -76, -28, -19, -39, 2000},
  {0, 0, 0, -76, -28, -19, -39, 2000},
  {0, 0, 0, -76, -28, -19, -39, 2000},
  {0, 0, 0, -76, -28, -19, -39, 2000},
  {0, 0, 0, -76, -28, -19, -39, 2000},
  {0, 0, 0, -76, -28, -19, -39, 2000},
  {0, 0, 0, -76, -28, -19, -39, 2000},
  {0, 0, 0, -76, -28, -19, -39, 2000},
  {0, 0, 0, -76, -28, -19, -39, 2000},
  {0, 0, 0, -76, -28, -19, -39, 2000},
  {0, 0, 0, -76, -28, -19, -39, 2000},
  {0, 0, 0, -76, -28, -19, -39, 2000},
  {0, 0, 0, -76, -28, -19, -39, 2000},
  {0, 0, 0, -76, -28, -19, -39, 2000},
  {0, 0, 0, -76, -28, -19, -39, 2000},
  {0, 0, 0, -76, -28, -19, -39, 2000},
  {0, 0, 0, -76, -28, -19, -39, 2000},
  {0, 0, 0, -76, -28, -19, -39, 2000},
  {0, 0, 0, -76, -28, -19, -39, 2000},
  {0, 0, 0, -76, -28, -19, -39, 2000},
  {0, 0, 0, -76, -28, -19, -39, 2000},
  {0, 0, 0, -76, -28, -19, -39, 2000},
  {0, 0, 0, -76, -28, -19, -39, 2000},
  {0, 0, 0, -76, -28, -19, -39, 2000},
  {0, 0, 0, -76, -28, -19, -39, 2000},
  {0, 0, 0, -76, -28, -19, -39, 2000},
  {0, 0, 0, -76, -28, -19, -39, 2000},
  {0, 0, 0, -76, -28, -19, -39, 2000},
  {0, 0, 0, -76, -28, -19, -39, 2000},
  {0, 0, 0, -76, -28, -19, -39, 2000},
  {0, 0, 0, -76, -28, -19, -39, 2000},
  {0, 0, 0, -76, -28, -19, -39, 2000},
  {0, 0, 0, -76, -28, -19, -39, 2000},
  {0, 0, 0, -76, -28, -19, -39, 2000},
  {0, 0, 0, -76, -28, -19, -39, 2000},
  {0, 0, 0, -76, -28, -19, -39, 2000},
  {0, 0, 0, -76, -28, -19, -39, 2000},
  {0, 0, 0, -76, -28, -19, -39, 2000},
  {0, 0, 0, -76, -28, -19, -39, 2000},
  {0, 0, 0, -76, -28, -19, -39, 2000},
  {0, 0, 0, -76, -28, -19, -39, 2000},
  {0, 0, 0, -76, -28, -19, -39, 2000},
  {0, 0, 0, -76, -28, -19, -39, 2000},
  {0, 0, 0, -76, -28, -19, -39, 2000},
  {0, 0, 0, -76, -28, -19, -39, 2000},
  {0, 0, 0, -76, -28, -19, -39, 2000},
  {0, 0, 0, -76, -28, -19, -39, 2000},
  {0, 0, 0, -76, -28, -19, -39, 2000},
  {0, 0, 0, -76, -28, -19, -39, 2000},
  {0, 0, 0, -76, -28, -19, -39, 2000},
  {0, 0, 0, -76, -28, -19, -39, 2000},
  {0, 0, 0, -76, -28, -19, -39, 2000},
  {0, 0, 0, -76, -28, -19, -39, 2000},
  {0, 0, 0, -76, -28, -19, -39, 2000},
  {0, 0, 0, -76, -28, -19, -39, 2000},
  {0, 0, 0, -76, -28, -19, -39, 2000},
  {0, 0, 0, -76, -28, -19, -39, 2000},
  {0, 0, 0, -76, -28, -19, -39, 2000},
  {0, 0, 0, -76, -28, -19, -39, 2000},
  {0, 0, 0, -76, -28, -19, -39, 2000},
  {0, 0, 0, -76, -28, -19, -39, 2000},
  {0, 0, 0, -76, -28, -19, -39, 2000},
  {0, 0, 0, -76, -28, -19, -39, 2000},
  {0, 0, 0, -76, -28, -19, -39, 2000},
  {0, 0, 0, -76, -28, -19, -39, 2000},
  {0, 0, 0, -76, -28, -19, -39, 2000},
  {0, 0, 0, -76, -28, -19, -39, 2000},
  {0, 0, 0, -76, -28, -19, -39, 2000},
  {0, 0, 0, -76, -28, -19, -39, 2000},
  {0, 0, 0, -76, -28, -19, -39, 2000},
  {0, 0, 0, -76, -28, -19, -39, 2000},
  {0, 0, 0, -76, -28, -19, -39, 2000},
  {0, 0, 0, -76, -28, -19, -39, 2000},
  {0, 0, 0, -76, -28, -19, -39, 2000},
  {0, 0, 0, -76, -28, -19, -39, 2000},
  {0, 0, 0, -76, -28, -19, -39, 2000},
  {0, 0, 0, -76, -28, -19, -39, 2000},
  {0, 0, 0, -76, -28, -19, -39, 2000},
  {0, 0, 0, -76, -28, -19, -39, 2000},
  {0, 0, 0, -76, -28, -19, -39, 2000},
  {0, 0, 0, -76, -28, -19, -39, 2000},
  {0, 0, 0, -76, -28, -19, -39, 2000},
  {0, 0, 0, -76, -28, -19, -39, 2000},
  {0, 0, 0, -76, -28, -19, -39, 2000},
  {0, 0, 0, -76, -28, -19, -39, 2000},
  {0, 0, 0, -76, -28, -19, -39, 2000},
  {0, 0, 0, -76, -28, -19, -39, 2000},
  {0, 0, 0, -76, -28, -19, -39, 2000},
  {0, 0, 0, -76, -28, -19, -39, 2000},
  {0, 0, 0, -76, -28, -19, -39, 2000},
  {0, 0, 0, -76, -28, -19, -39, 2000},
  {0, 0, 0, -76, -28, -19, -39, 2000},
  {0, 0, 0, -76, -28, -19, -39, 2000},
  {0, 0, 0, -76, -28, -19, -39, 2000},
  {0, 0, 0, -76, -28, -19, -39, 2000},
  {0, 0, 0, -76, -28, -19, -39, 2000},
  {0, 0, 0, -76, -28, -19, -39, 2000},
  {0, 0, 0, -76, -28, -19, -39, 2000},
  {0, 0, 0, -76, -28, -19, -39, 2000},
  {0, 0, 0, -76, -28, -19, -39, 2000},
  {0, 0, 0, -76, -28, -19, -39, 2000},
  {0, 0, 0, -76, -28, -19, -39, 2000},
  {0, 0, 0, -76, -28, -19, -39, 2000},
  {0, 0, 0, -76, -28, -19, -39, 2000},
  {0, 0, 0, -76, -28, -19, -39, 2000},
  {0, 0, 0, -76, -28, -19, -39, 2000},
  {0, 0, 0, -76, -28, -19, -39, 2000},
  {0, 0, 0, -76, -28, -19, -39, 2000},
  {0, 0, 0, -76, -28, -19, -39, 2000},
  {0, 0, 0, -76, -28, -19, -39, 2000},
  {0, 0, 0, -76, -28, -19, -39, 2000},
  {0, 0, 0, -76, -28, -19, -39, 2000},
  {0, 0, 0, -76, -28, -19, -39, 2000},
  {0, 0, 0, -76, -28, -19, -39, 2000},
  {0, 0, 0, -76, -28, -19, -39, 2000},
  {0, 0, 0, -76, -28, -19, -39, 2000},
  {0, 0, 0, -76, -28, -19, -39, 2000},
  {0, 0, 0, -76, -28, -19, -39, 2000},
  {0, 0, 0, -76, -28, -19, -39, 2000},
  {0, 0, 0, -76, -28, -19, -39, 2000},
  {0, 0, 0, -76, -28, -19, -39, 2000},
  {0, 0, 0, -76, -28, -19, -39, 2000},
  {0, 0, 0, -76, -28, -19, -39, 2000},
  {0, 0, 0, -76, -28, -19, -39, 2000},
  {0, 0, 0, -76, -28, -19, -39, 2000},
  {0, 0, 0, -76, -28, -19, -39, 2000},
  {0, 0, 0, -76, -28, -19, -39, 2000},
  {0, 0, 0, -76, -28, -19, -39, 2000},
  {0, 0, 0, -76, -28, -19, -39, 2000},
  {0, 0, 0, -76, -28, -19, -39, 2000},
  {0, 0, 0, -76, -28, -19, -39, 2000},
  {0, 0, 0, -76, -28, -19, -39, 2000},
  {0, 0, 0, -76, -28, -19, -39, 2000},
  {0, 0, 0, -76, -28, -19, -39, 2000},
  {0, 0, 0, -76, -28, -19, -39, 2000},
  {0, 0, 0, -76, -28, -19, -39, 2000},
  {0, 0, 0, -76, -28, -19, -39, 2000},
  {0, 0, 0, -76, -28, -19, -39, 2000},
  {0, 0, 0, -76, -28, -19, -39, 2000},
  {0, 0, 0, -76, -28, -19, -39, 2000},
  {0, 0, 0, -76, -28, -19, -39, 2000},
  {0, 0, 0, -76, -28, -19, -39, 2000},
  {0, 0, 0, -76, -28, -19, -39, 2000},
  {0, 0, 0, -76, -28, -19, -39, 2000},
  {0, 0, 0, -76, -28, -19, -39, 2000},
  {0, 0, 0, -76, -28, -19, -39, 2000},
  {0, 0, 0, -76, -28, -19, -39, 2000},
  {0, 0, 0, -76, -28, -19, -39, 2000},
  {0, 0, 0, -76, -28, -19, -39, 2000},
  {0, 0, 0, -76, -28, -19, -39, 2000},
  {0, 0, 0, -76, -28, -19, -39, 2000},
  {0, 0, 0, -76, -28, -19, -39, 2000},
  {0, 0, 0, -76, -28, -19, -39, 2000},
  {0, 0, 0, -76, -28, -19, -39, 2000},
  {0, 0, 0, -76, -28, -19, -39, 2000},
  {0, 0, 0, -76, -28, -19, -39, 2000},
  {0, 0, 0, -76, -28, -19, -39, 2000},
  {0, 0, 0, -76, -28, -19, -39, 2000},
  {0, 0, 0, -76, -28, -19, -39, 2000},
  {0, 0, 0, -76, -28, -19, -39, 2000},
  {0, 0, 0, -76, -28, -19, -39, 2000},
  {0, 0, 0, -76, -28, -19, -39, 2000},
  {0, 0, 0, -76, -28, -19, -39, 2000},
  {0, 0, 0, -76, -28, -19, -39, 2000},
  {0, 0, 0, -76, -28, -19, -39, 2000},
  {0, 0, 0, -76, -28, -19, -39, 2000},
  {0, 0, 0, -76, -28, -19, -39, 2000},
  {0, 0, 0, -76, -28, -19, -39, 2000},
  {0, 0, 0, -76, -28, -19, -39, 2000},
  {0, 0, 0, -76, -28, -19, -39, 2000},
  {0, 0, 0, -76, -28, -19, -39, 2000},
  {0, 0, 0, -76, -28, -19, -39, 2000},
  {0, 0, 0, -76, -28, -19, -39, 2000},
  {0, 0, 0, -76, -28, -19, -39, 2000},
  {0, 0, 0, -76, -28, -19, -39, 2000},
  {0, 0, 0, -76, -28, -19, -39, 2000},
  {0, 0, 0, -76, -28, -19, -39, 2000},
  {0, 0, 0, -76, -28, -19, -39, 2000},
  {0, 0, 0, -76, -28, -19, -39, 2000},
  {0, 0, 0, -76, -28, -19, -39, 2000},
  {0, 0, 0, -76, -28, -19, -39, 2000},
  {0, 0, 0, -76, -28, -19, -39, 2000},
  {0, 0, 0, -76, -28, -19, -39, 2000},
  {0, 0, 0, -76, -28, -19, -39, 2000},
  {0, 0, 0, -76, -28, -19, -39, 2000},
  {0, 0, 0, -76, -28, -19, -39, 2000},
  {0, 0, 0, -76, -28, -19, -39, 2000},
  {0, 0, 0, -76, -28, -19, -39, 2000},
  {0, 0, 0, -76, -28, -19, -39, 2000},
  {0, 0, 0, -76, -28, -19, -39, 2000},
  {0, 0, 0, -76, -28, -19, -39, 2000},
  {0, 0, 0, -76, -28, -19, -39, 2000},
  {0, 0, 0, -76, -28, -19, -39, 2000},
  {0, 0, 0, -76, -28, -19, -39, 2000},
  {0, 0, 0, -76, -28, -19, -39, 2000},
  {0, 0, 0, -76, -28, -19, -39, 2000},
  {0, 0, 0, -76, -28, -19, -39, 2000},
  {0, 0, 0, -76, -28, -19, -39, 2000},
  {0, 0, 0, -76, -28, -19, -39, 2000},
  {0, 0, 0, -76, -28, -19, -39, 2000},
  {0, 0, 0, -76, -28, -19, -39, 2000},
  {0, 0, 0, -76, -28, -19, -39, 2000},
  {0, 0, 0, -76, -28, -19, -39, 2000},
  {0, 0, 0, -76, -28, -19, -39, 2000},
  {0, 0, 0, -76, -28, -19, -39, 2000},
  {0, 0, 0, -76, -28, -19, -39, 2000},
  {0, 0, 0, -76, -28, -19, -39, 2000},
  {0, 0, 0, -76, -28, -19, -39, 2000},
  {0, 0, 0, -76, -28, -19, -39, 2000},
  {0, 0, 0, -76, -28, -19, -39, 2000},
  {0, 0, 0, -76, -28, -19, -39, 2000},
  {0, 0, 0, -76, -28, -19, -39, 2000},
  {0, 0, 0, -76, -28, -19, -39, 2000},
  {0, 0, 0, -76, -28, -19, -39, 2000},
  {0, 0, 0, -76, -28, -19, -39, 2000},
  {0, 0, 0, -76, -28, -19, -39, 2000},
  {0, 0, 0, -76, -28, -19, -39, 2000},
  {0, 0, 0, -76, -28, -19, -39, 2000},
  {0, 0, 0, -76, -28, -19, -39, 2000},
  {0, 0, 0, -76, -28, -19, -39, 2000},
  {0, 0, 0, -76, -28, -19, -39, 2000},
  {0, 0, 0, -76, -28, -19, -39, 2000},
  {0, 0, 0, -76, -28, -19, -39, 2000},
  {0, 0, 0, -76, -28, -19, -39, 2000},
  {0, 0, 0, -76, -28, -19, -39, 2000},
  {0, 0, 0, -76, -28, -19, -39, 2000},
  {0, 0, 0, -76, -28, -19, -39, 2000},
  {0, 0, 0, -76, -28, -19, -39, 2000},
  {0, 0, 0, -76, -28, -19, -39, 2000},
  {0, 0, 0, -76, -28, -19, -39, 2000},
  {0, 0, 0, -76, -28, -19, -39, 2000},
  {0, 0, 0, -76, -28, -19, -39, 2000},
  {0, 0, 0, -76, -28, -19, -39, 2000},
  {0, 0, 0, -76, -28, -19, -39, 2000},
  {0, 0, 0, -76, -28, -19, -39, 2000},
  {0, 0, 0, -76, -28, -19, -39, 2000},
  {0, 0, 0, -76, -28, -19, -39, 2000},
  {0, 0, 0, -76, -28, -19, -39, 2000},
  {0, 0, 0, -76, -28, -19, -39, 2000},
  {0, 0, 0, -76, -28, -19, -39, 2000},
  {0, 0, 0, -76, -28, -19, -39, 2000},
  {0, 0, 0, -76, -28, -19, -39, 2000},
  {0, 0, 0, -76, -28, -19, -39, 2000},
  {0, 0, 0, -76, -28, -19, -39, 2000},
  {0, 0, 0, -76, -28, -19, -39, 2000},
  {0, 0, 0, -76, -28, -19, -39, 2000},
  {0, 0, 0, -76, -28, -19, -39, 2000},
  {0, 0, 0, -76, -28, -19, -39, 2000},
  {0, 0, 0, -76, -28, -19, -39, 2000},
  {0, 0, 0, -76, -28, -19, -39, 2000},
  {0, 0, 0, -76, -28, -19, -39, 2000},
  {0, 0, 0, -76, -28, -19, -39, 2000},
  {0, 0, 0, -76, -28, -19, -39, 2000},
  {0, 0, 0, -76, -28, -19, -39, 2000},
  {0, 0, 0, -76, -28, -19, -39, 2000},
  {0, 0, 0, -76, -28, -19, -39, 2000},
  {0, 0, 0, -76, -28, -19, -39, 2000},
  {0, 0, 0, -76, -28, -19, -39, 2000},
  {0, 0, 0, -76, -28, -19, -39, 2000},
  {0, 0, 0, -76, -28, -19, -39, 2000},
  {0, 0, 0, -76, -28, -19, -39, 2000},
  {0, 0, 0, -76, -28, -19, -39, 2000},
  {0, 0, 0, -76, -28, -19, -39, 2000},
  {0, 0, 0, -76, -28, -19, -39, 2000},
  {0, 0, 0, -76, -28, -19, -39, 2000},
  {0, 0, 0, -76, -28, -19, -39, 2000},
  {0, 0, 0, -76, -28, -19, -39, 2000},
  {0, 0, 0, -76, -28, -19, -39, 2000},
  {0, 0, 0, -76, -28, -19, -39, 2000},
  {0, 0, 0, -76, -28, -19, -39, 2000},
  {0, 0, 0, -76, -28, -19, -39, 2000},
  {0, 0, 0, -76, -28, -19, -39, 2000},
  {0, 0, 0, -76, -28, -19, -39, 2000},
  {0, 0, 0, -76, -28, -19, -39, 2000},
  {0, 0, 0, -76, -28, -19, -39, 2000},
  {0, 0, 0, -76, -28, -19, -39, 2000},
  {0, 0, 0, -76, -28, -19, -39, 2000},
  {0, 0, 0, -76, -28, -19, -39, 2000},
  {0, 0, 0, -76, -28, -19, -39, 2000},
  {0, 0, 0, -76, -28, -19, -39, 2000},
  {0, 0, 0, -76, -28, -19, -39, 2000},
  {0, 0, 0, -76, -28, -19, -39, 2000},
  {0, 0, 0, -76, -28, -19, -39, 2000},
  {0, 0, 0, -76, -28, -19, -39, 2000},
  {0, 0, 0, -76, -28, -19, -39, 2000},
  {0, 0, 0, -76, -28, -19, -39, 2000},
  {0, 0, 0, -76, -28, -19, -39, 2000},
  {0, 0, 0, -76, -28, -19, -39, 2000},
  {0, 0, 0, -76, -28, -19, -39, 2000},
  {0, 0, 0, -76, -28, -19, -39, 2000},
  {0, 0, 0, -76, -28, -19, -39, 2000},
  {0, 0, 0, -76, -28, -19, -39, 2000},
  {0, 0, 0, -76, -28, -19, -39, 2000},
  {0, 0, 0, -76, -28, -19, -39, 2000},
  {0, 0, 0, -76, -28, -19, -39, 2000},
  {0, 0, 0, -76, -28, -19, -39, 2000},
  {0, 0, 0, -76, -28, -19, -39, 2000},
  {0, 0, 0, -76, -28, -19, -39, 2000},
  {0, 0, 0, -76, -28, -19, -39, 2000},
  {0, 0, 0, -76, -28, -19, -39, 2000},
  {0, 0, 0, -76, -28, -19, -39, 2000},
  {0, 0, 0, -76, -28, -19, -39, 2000},
  {0, 0, 0, -76, -28, -19, -39, 2000},
  {0, 0, 0, -76, -28, -19, -39, 2000},
  {0, 0, 0, -76, -28, -19, -39, 2000},
  {0, 0, 0, -76, -28, -19, -39, 2000},
  {0, 0, 0, -76, -28, -19, -39, 2000},
  {0, 0, 0, -76, -28, -19, -39, 2000},
  {0, 0, 0, -76, -28, -19, -39, 2000},
  {0, 0, 0, -76, -28, -19, -39, 2000},
  {0, 0, 0, -76, -28, -19, -39, 2000},
  {0, 0, 0, -76, -28, -19, -39, 2000},
  {0, 0, 0, -76, -28, -19, -39, 2000},
  {0, 0, 0, -76, -28, -19, -39, 2000},
  {0, 0, 0, -76, -28, -19, -39, 2000},
  {0, 0, 0, -76, -28, -19, -39, 2000},
  {0, 0, 0, -76, -28, -19, -39, 2000},
  {0, 0, 0, -76, -28, -19, -39, 2000},
  {0, 0, 0, -76, -28, -19, -39, 2000},
  {0, 0, 0, -76, -28, -19, -39, 2000},
  {0, 0, 0, -76, -28, -19, -39, 2000},
  {0, 0, 0, -76, -28, -19, -39, 2000},
  {0, 0, 0, -76, -28, -19, -39, 2000},
  {0, 0, 0, -76, -28, -19, -39, 2000},
  {0, 0, 0, -76, -28, -19, -39, 2000},
  {0, 0, 0, -76, -28, -19, -39, 2000},
  {0, 0, 0, -76, -28, -19, -39, 2000},
  {0, 0, 0, -76, -28, -19, -39, 2000},
  {0, 0, 0, -76, -28, -19, -39, 2000},
  {0, 0, 0, -76, -28, -19, -39, 2000},
  {0, 0, 0, -76, -28, -19, -39, 2000},
  {0, 0, 0, -76, -28, -19, -39, 2000},
  {0, 0, 0, -76, -28, -19, -39, 2000},
  {0, 0, 0, -76, -28, -19, -39, 2000},
  {0, 0, 0, -76, -28, -19, -39, 2000},
  {0, 0, 0, -76, -28, -19, -39, 2000},
  {0, 0, 0, -76, -28, -19, -39, 2000},
  {0, 0, 0, -76, -28, -19, -39, 2000},
  {0, 0, 0, -76, -28, -19, -39, 2000},
  {0, 0, 0, -76, -28, -19, -39, 2000},
  {0, 0, 0, -76, -28, -19, -39, 2000},
  {0, 0, 0, -76, -28, -19, -39, 2000},
  {0, 0, 0, -76, -28, -19, -39, 2000},
  {0, 0, 0, -76, -28, -19, -39, 2000},
  {0, 0, 0, -76, -28, -19, -39, 2000},
  {0, 0, 0, -76, -28, -19, -39, 2000},
  {0, 0, 0, -76, -28, -19, -39, 2000},
  {0, 0, 0, -76, -28, -19, -39, 2000},
  {0, 0, 0, -76, -28, -19, -39, 2000},
  {0, 0, 0, -76, -28, -19, -39, 2000},
  {0, 0, 0, -76, -28, -19, -39, 2000},
  {0, 0, 0, -76, -28, -19, -39, 2000},
  {0, 0, 0, -76, -28, -19, -39, 2000},
  {0, 0, 0, -76, -28, -19, -39, 2000},
  {0, 0, 0, -76, -28, -19, -39, 2000},
  {0, 0, 0, -76, -28, -19, -39, 2000},
  {0, 0, 0, -76, -28, -19, -39, 2000},
  {0, 0, 0, -76, -28, -19, -39, 2000},
  {0, 0, 0, -76, -28, -19, -39, 2000},
  {0, 0, 0, -76, -28, -19, -39, 2000},
  {0, 0, 0, -76, -28, -19, -39, 2000},
  {0, 0, 0, -76, -28, -19, -39, 2000},
  {0, 0, 0, -76, -28, -19, -39, 2000},
  {0, 0, 0, -76, -28, -19, -39, 2000},
  {0, 0, 0, -76, -28, -19, -39, 2000},
  {0, 0, 0, -76, -28, -19, -39, 2000},
  {0, 0, 0, -76, -28, -19, -39, 2000},
  {0, 0, 0, -76, -28, -19, -39, 2000},
  {0, 0, 0, -76, -28, -19, -39, 2000},
  {0, 0, 0, -76, -28, -19, -39, 2000},
  {0, 0, 0, -76, -28, -19, -39, 2000},
  {0, 0, 0, -76, -28, -19, -39, 2000},
  {0, 0, 0, -76, -28, -19, -39, 2000},
  {0, 0, 0, -76, -28, -19, -39, 2000},
  {0, 0, 0, -76, -28, -19, -39, 2000},
  {0, 0, 0, -76, -28, -19, -39, 2000},
  {0, 0, 0, -76, -28, -19, -39, 2000},
  {0, 0, 0, -76, -28, -19, -39, 2000},
  {0, 0, 0, -76, -28, -19, -39, 2000},
  {0, 0, 0, -76, -28, -19, -39, 2000},
  {0, 0, 0, -76, -28, -19, -39, 2000},
  {0, 0, 0, -76, -28, -19, -39, 2000},
  {0, 0, 0, -76, -28, -19, -39, 2000},
  {0, 0, 0, -76, -28, -19, -39, 2000},
  {0, 0, 0, -76, -28, -19, -39, 2000},
  {0, 0, 0, -76, -28, -19, -39, 2000},
  {0, 0, 0, -76, -28, -19, -39, 2000},
  {0, 0, 0, -76, -28, -19, -39, 2000},
  {0, 0, 0, -76, -28, -19, -39, 2000},
  {0, 0, 0, -76, -28, -19, -39, 2000},
  {0, 0, 0, -76, -28, -19, -39, 2000},
  {0, 0, 0, -76, -28, -19, -39, 2000},
  {0, 0, 0, -76, -28, -19, -39, 2000},
  {0, 0, 0, -76, -28, -19, -39, 2000},
  {0, 0, 0, -76, -28, -19, -39, 2000},
  {0, 0, 0, -76, -28, -19, -39, 2000},
  {0, 0, 0, -76, -28, -19, -39, 2000},
  {0, 0, 0, -76, -28, -19, -39, 2000},
  {0, 0, 0, -76, -28, -19, -39, 2000},
  {0, 0, 0, -76, -28, -19, -39, 2000},
  {0, 0, 0, -76, -28, -19, -39, 2000},
  {0, 0, 0, -76, -28, -19, -39, 2000},
  {0, 0, 0, -76, -28, -19, -39, 2000},
  {0, 0, 0, -76, -28, -19, -39, 2000},
  {0, 0, 0, -76, -28, -19, -39, 2000},
  {0, 0, 0, -76, -28, -19, -39, 2000},
  {0, 0, 0, -76, -28, -19, -39, 2000},
  {0, 0, 0, -76, -28, -19, -39, 2000},
  {0, 0, 0, -76, -28, -19, -39, 2000},
  {0, 0, 0, -76, -28, -19, -39, 2000},
  {0, 0, 0, -76, -28, -19, -39, 2000},
  {0, 0, 0, -76, -28, -19, -39, 2000},
  {0, 0, 0, -76, -28, -19, -39, 2000},
  {0, 0, 0, -76, -28, -19, -39, 2000},
  {0, 0, 0, -76, -28, -19, -39, 2000},
  {0, 0, 0, -76, -28, -19, -39, 2000},
  {0, 0, 0, -76, -28, -19, -39, 2000},
  {0, 0, 0, -76, -28, -19, -39, 2000},
  {0, 0, 0, -76, -28, -19, -39, 2000},
  {0, 0, 0, -76, -28, -19, -39, 2000},
  {0, 0, 0, -76, -28, -19, -39, 2000},
  {0, 0, 0, -76, -28, -19, -39, 2000},
  {0, 0, 0, -76, -28, -19, -39, 2000},
  {0, 0, 0, -76, -28, -19, -39, 2000},
  {0, 0, 0, -76, -28, -19, -39, 2000},
  {0, 0, 0, -76, -28, -19, -39, 2000},
  {0, 0, 0, -76, -28, -19, -39, 2000},
  {0, 0, 0, -76, -28, -19, -39, 2000},
  {0, 0, 0, -76, -28, -19, -39, 2000},
  {0, 0, 0, -76, -28, -19, -39, 2000},
  {0, 0, 0, -76, -28, -19, -39, 2000},
  {0, 0, 0, -76, -28, -19, -39, 2000},
  {0, 0, 0, -76, -28, -19, -39, 2000},
  {0, 0, 0, -76, -28, -19, -39, 2000},
  {0, 0, 0, -76, -28, -19, -39, 2000},
  {0, 0, 0, -76, -28, -19, -39, 2000},
  {0, 0, 0, -76, -28, -19, -39, 2000},
  {0, 0, 0, -76, -28, -19, -39, 2000},
  {0, 0, 0, -76, -28, -19, -39, 2000},
  {0, 0, 0, -76, -28, -19, -39, 2000},
  {0, 0, 0, -76, -28, -19, -39, 2000},
  {0, 0, 0, -76, -28, -19, -39, 2000},
  {0, 0, 0, -76, -28, -19, -39, 2000},
  {0, 0, 0, -76, -28, -19, -39, 2000},
  {0, 0, 0, -76, -28, -19, -39, 2000},
  {0, 0, 0, -76, -28, -19, -39, 2000},
  {0, 0, 0, -76, -28, -19, -39, 2000},
  {0, 0, 0, -76, -28, -19, -39, 2000},
  {0, 0, 0, -76, -28, -19, -39, 2000},
  {0, 0, 0, -76, -28, -19, -39, 2000},
  {0, 0, 0, -76, -28, -19, -39, 2000},
  {0, 0, 0, -76, -28, -19, -39, 2000},
  {0, 0, 0, -76, -28, -19, -39, 2000},
  {0, 0, 0, -76, -28, -19, -39, 2000},
  {0, 0, 0, -76, -28, -19, -39, 2000},
  {0, 0, 0, -76, -28, -19, -39, 2000},
  {0, 0, 0, -76, -28, -19, -39, 2000},
  {0, 0, 0, -76, -28, -19, -39, 2000},
  {0, 0, 0, -76, -28, -19, -39, 2000},
  {0, 0, 0, -76, -28, -19, -39, 2000},
  {0, 0, 0, -76, -28, -19, -39, 2000},
  {0, 0, 0, -76, -28, -19, -39, 2000},
  {0, 0, 0, -76, -28, -19, -39, 2000},
  {0, 0, 0, -76, -28, -19, -39, 2000},
  {0, 0, 0, -76, -28, -19, -39, 2000},
  {0, 0, 0, -76, -28, -19, -39, 2000},
  {0, 0, 0, -76, -28, -19, -39, 2000},
  {0, 0, 0, -76, -28, -19, -39, 2000},
  {0, 0, 0, -76, -28, -19, -39, 2000},
  {0, 0, 0, -76, -28, -19, -39, 2000},
  {0, 0, 0, -76, -28, -19, -39, 2000},
  {0, 0, 0, -76, -28, -19, -39, 2000},
  {0, 0, 0, -76, -28, -19, -39, 2000},
  {0, 0, 0, -76, -28, -19, -39, 2000},
  {0, 0, 0, -76, -28, -19, -39, 2000},
  {0, 0, 0, -76, -28, -19, -39, 2000},
  {0, 0, 0, -76, -28, -19, -39, 2000},
  {0, 0, 0, -76, -28, -19, -39, 2000},
  {0, 0, 0, -76, -28, -19, -39, 2000},
  {0, 0, 0, -76, -28, -19, -39, 2000},
  {0, 0, 0, -76, -28, -19, -39, 2000},
  {0, 0, 0, -76, -28, -19, -39, 2000},
  {0, 0, 0, -76, -28, -19, -39, 2000},
  {0, 0, 0, -76, -28, -19, -39, 2000},
  {0, 0, 0, -76, -28, -19, -39, 2000},
  {0, 0, 0, -76, -28, -19, -39, 2000},
  {0, 0, 0, -76, -28, -19, -39, 2000},
  {0, 0, 0, -76, -28, -19, -39, 2000},
  {0, 0, 0, -76, -28, -19, -39, 2000},
  {0, 0, 0, -76, -28, -19, -39, 2000},
  {0, 0, 0, -76, -28, -19, -39, 2000},
  {0, 0, 0, -76, -28, -19, -39, 2000},
  {0, 0, 0, -76, -28, -19, -39, 2000},
  {0, 0, 0, -76, -28, -19, -39, 2000},
  {0, 0, 0, -76, -28, -19, -39, 2000},
  {0, 0, 0, -76, -28, -19, -39, 2000},
  {0, 0, 0, -76, -28, -19, -39, 2000},
  {0, 0, 0, -76, -28, -19, -39, 2000},
  {0, 0, 0, -76, -28, -19, -39, 2000},
  {0, 0, 0, -76, -28, -19, -39, 2000},
  {0, 0, 0, -76, -28, -19, -39, 2000},
  {0, 0, 0, -76, -28, -19, -39, 2000},
  {0, 0, 0, -76, -28, -19, -39, 2000},
  {0, 0, 0, -76, -28, -19, -39, 2000},
  {0, 0, 0, -76, -28, -19, -39, 2000},
  {0, 0, 0, -76, -28, -19, -39, 2000},
  {0, 0, 0, -76, -28, -19, -39, 2000},
  {0, 0, 0, -76, -28, -19, -39, 2000},
  {0, 0, 0, -76, -28, -19, -39, 2000},
  {0, 0, 0, -76, -28, -19, -39, 2000},
  {0, 0, 0, -76, -28, -19, -39, 2000},
  {0, 0, 0, -76, -28, -19, -39, 2000},
  {0, 0, 0, -76, -28, -19, -39, 2000},
  {0, 0, 0, -76, -28, -19, -39, 2000},
  {0, 0, 0, -76, -28, -19, -39, 2000},
  {0, 0, 0, -76, -28, -19, -39, 2000},
  {0, 0, 0, -76, -28, -19, -39, 2000},
  {0, 0, 0, -76, -28, -19, -39, 2000},
  {0, 0, 0, -76, -28, -19, -39, 2000},
  {0, 0, 0, -76, -28, -19, -39, 2000},
  {0, 0, 0, -76, -28, -19, -39, 2000},
  {0, 0, 0, -76, -28, -19, -39, 2000},
  {0, 0, 0, -76, -28, -19, -39, 2000},
  {0, 0, 0, -76, -28, -19, -39, 2000},
  {0, 0, 0, -76, -28, -19, -39, 2000},
  {0, 0, 0, -76, -28, -19, -39, 2000},
  {0, 0, 0, -76, -28, -19, -39, 2000},
  {0, 0, 0, -76, -28, -19, -39, 2000},
  {0, 0, 0, -76, -28, -19, -39, 2000},
  {0, 0, 0, -76, -28, -19, -39, 2000},
  {0, 0, 0, -76, -28, -19, -39, 2000},
  {0, 0, 0, -76, -28, -19, -39, 2000},
  {0, 0, 0, -76, -28, -19, -39, 2000},
  {0, 0, 0, -76, -28, -19, -39, 2000},
  {0, 0, 0, -76, -28, -19, -39, 2000},
  {0, 0, 0, -76, -28, -19, -39, 2000},
  {0, 0, 0, -76, -28, -19, -39, 2000},
  {0, 0, 0, -76, -28, -19, -39, 2000},
  {0, 0, 0, -76, -28, -19, -39, 2000},
  {0, 0, 0, -76, -28, -19, -39, 2000},
  {0, 0, 0, -76, -28, -19, -39, 2000},
  {0, 0, 0, -76, -28, -19, -39, 2000},
  {0, 0, 0, -76, -28, -19, -39, 2000},
  {0, 0, 0, -76, -28, -19, -39, 2000},
  {0, 0, 0, -76, -28, -19, -39, 2000},
  {0, 0, 0, -76, -28, -19, -39, 2000},
  {0, 0, 0, -76, -28, -19, -39, 2000},
  {0, 0, 0, -76, -28, -19, -39, 2000},
  {0, 0, 0, -76, -28, -19, -39, 2000},
  {0, 0, 0, -76, -28, -19, -39, 2000},
  {0, 0, 0, -76, -28, -19, -39, 2000},
  {0, 0, 0, -76, -28, -19, -39, 2000},
  {0, 0, 0, -76, -28, -19, -39, 2000},
  {0, 0, 0, -76, -28, -19, -39, 2000},
  {0, 0, 0, -76, -28, -19, -39, 2000},
  {0, 0, 0, -76, -28, -19, -39, 2000},
  {0, 0, 0, -76, -28, -19, -39, 2000},
  {0, 0, 0, -76, -28, -19, -39, 2000},
  {0, 0, 0, -76, -28, -19, -39, 2000},
  {0, 0, 0, -76, -28, -19, -39, 2000},
  {0, 0, 0, -76, -28, -19, -39, 2000},
  {0, 0, 0, -76, -28, -19, -39, 2000},
  {0, 0, 0, -76, -28, -19, -39, 2000},
  {0, 0, 0, -76, -28, -19, -39, 2000},
  {0, 0, 0, -76, -28, -19, -39, 2000},
  {0, 0, 0, -76, -28, -19, -39, 2000},
  {0, 0, 0, -76, -28, -19, -39, 2000},
  {0, 0, 0, -76, -28, -19, -39, 2000},
  {0, 0, 0, -76, -28, -19, -39, 2000},
  {0, 0, 0, -76, -28, -19, -39, 2000},
  {0, 0, 0, -76, -28, -19, -39, 2000},
  {0, 0, 0, -76, -28, -19, -39, 2000},
  {0, 0, 0, -76, -28, -19, -39, 2000},
  {0, 0, 0, -76, -28, -19, -39, 2000},
  {0, 0, 0, -76, -28, -19, -39, 2000},
  {0, 0, 0, -76, -28, -19, -39, 2000},
  {0, 0, 0, -76, -28, -19, -39, 2000},
  {0, 0, 0, -76, -28, -19, -39, 2000},
  {0, 0, 0, -76, -28, -19, -39, 2000},
  {0, 0, 0, -76, -28, -19, -39, 2000},
  {0, 0, 0, -76, -28, -19, -39, 2000},
  {0, 0, 0, -76, -28, -19, -39, 2000},
  {0, 0, 0, -76, -28, -19, -39, 2000},
  {0, 0, 0, -76, -28, -19, -39, 2000},
  {0, 0, 0, -76, -28, -19, -39, 2000},
  {0, 0, 0, -76, -28, -19, -39, 2000},
  {0, 0, 0, -76, -28, -19, -39, 2000},
  {0, 0, 0, -76, -28, -19, -39, 2000},
  {0, 0, 0, -76, -28, -19, -39, 2000},
  {0, 0, 0, -76, -28, -19, -39, 2000},
  {0, 0, 0, -76, -28, -19, -39, 2000},
  {0, 0, 0, -76, -28, -19, -39, 2000},
  {0, 0, 0, -76, -28, -19, -39, 2000},
  {0, 0, 0, -76, -28, -19, -39, 2000},
  {0, 0, 0, -76, -28, -19, -39, 2000},
  {0, 0, 0, -76, -28, -19, -39, 2000},
  {0, 0, 0, -76, -28, -19, -39, 2000},
  {0, 0, 0, -76, -28, -19, -39, 2000},
  {0, 0, 0, -76, -28, -19, -39, 2000},
  {0, 0, 0, -76, -28, -19, -39, 2000},
  {0, 0, 0, -76, -28, -19, -39, 2000},
  {0, 0, 0, -76, -28, -19, -39, 2000},
  {0, 0, 0, -76, -28, -19, -39, 2000},
  {0, 0, 0, -76, -28, -19, -39, 2000},
  {0, 0, 0, -76, -28, -19, -39, 2000},
  {0, 0, 0, -76, -28, -19, -39, 2000},
  {0, 0, 0, -76, -28, -19, -39, 2000},
  {0, 0, 0, -76, -28, -19, -39, 2000},
  {0, 0, 0, -76, -28, -19, -39, 2000},
  {0, 0, 0, -76, -28, -19, -39, 2000},
  {0, 0, 0, -76, -28, -19, -39, 2000},
  {0, 0, 0, -76, -28, -19, -39, 2000},
  {0, 0, 0, -76, -28, -19, -39, 2000},
  {0, 0, 0, -76, -28, -19, -39, 2000},
  {0, 0, 0, -76, -28, -19, -39, 2000},
  {0, 0, 0, -76, -28, -19, -39, 2000},
  {0, 0, 0, -76, -28, -19, -39, 2000},
  {0, 0, 0, -76, -28, -19, -39, 2000},
  {0, 0, 0, -76, -28, -19, -39, 2000},
  {0, 0, 0, -76, -28, -19, -39, 2000},
  {0, 0, 0, -76, -28, -19, -39, 2000},
  {0, 0, 0, -76, -28, -19, -39, 2000},
  {0, 0, 0, -76, -28, -19, -39, 2000},
  {0, 0, 0, -76, -28, -19, -39, 2000},
  {0, 0, 0, -76, -28, -19, -39, 2000},
  {0, 0, 0, -76, -28, -19, -39, 2000},
  {0, 0, 0, -76, -28, -19, -39, 2000},
  {0, 0, 0, -76, -28, -19, -39, 2000},
  {0, 0, 0, -76, -28, -19, -39, 2000},
  {0, 0, 0, -76, -28, -19, -39, 2000},
  {0, 0, 0, -76, -28, -19, -39, 2000},
  {0, 0, 0, -76, -28, -19, -39, 2000},
  {0, 0, 0, -76, -28, -19, -39, 2000},
  {0, 0, 0, -76, -28, -19, -39, 2000},
  {0, 0, 0, -76, -28, -19, -39, 2000},
  {0, 0, 0, -76, -28, -19, -39, 2000},
  {0, 0, 0, -76, -28, -19, -39, 2000},
  {0, 0, 0, -76, -28, -19, -39, 2000},
  {0, 0, 0, -76, -28, -19, -39, 2000},
  {0, 0, 0, -76, -28, -19, -39, 2000},
  {0, 0, 0, -76, -28, -19, -39, 2000},
  {0, 0, 0, -76, -28, -19, -39, 2000},
  {0, 0, 0, -76, -28, -19, -39, 2000},
  {0, 0, 0, -76, -28, -19, -39, 2000},
  {0, 0, 0, -76, -28, -19, -39, 2000},
  {0, 0, 0, -76, -28, -19, -39, 2000},
  {0, 0, 0, -76, -28, -19, -39, 2000},
  {0, 0, 0, -76, -28, -19, -39, 2000},
  {0, 0, 0, -76, -28, -19, -39, 2000},
  {0, 0, 0, -76, -28, -19, -39, 2000},
  {0, 0, 0, -76, -28, -19, -39, 2000},
  {0, 0, 0, -76, -28, -19, -39, 2000},
  {0, 0, 0, -76, -28, -19, -39, 2000},
  {0, 0, 0, -76, -28, -19, -39, 2000},
  {0, 0, 0, -76, -28, -19, -39, 2000},
  {0, 0, 0, -76, -28, -19, -39, 2000},
  {0, 0, 0, -76, -28, -19, -39, 2000},
  {0, 0, 0, -76, -28, -19, -39, 2000},
  {0, 0, 0, -76, -28, -19, -39, 2000},
  {0, 0, 0, -76, -28, -19, -39, 2000},
  {0, 0, 0, -76, -28, -19, -39, 2000},
  {0, 0, 0, -76, -28, -19, -39, 2000},
  {0, 0, 0, -76, -28, -19, -39, 2000},
  {0, 0, 0, -76, -28, -19, -39, 2000},
  {0, 0, 0, -76, -28, -19, -39, 2000},
  {0, 0, 0, -76, -28, -19, -39, 2000},
  {0, 0, 0, -76, -28, -19, -39, 2000},
  {0, 0, 0, -76, -28, -19, -39, 2000},
  {0, 0, 0, -76, -28, -19, -39, 2000},
  {0, 0, 0, -76, -28, -19, -39, 2000},
  {0, 0, 0, -76, -28, -19, -39, 2000},
  {0, 0, 0, -76, -28, -19, -39, 2000},
  {0, 0, 0, -76, -28, -19, -39, 2000},
  {0, 0, 0, -76, -28, -19, -39, 2000},
  {0, 0, 0, -76, -28, -19, -39, 2000},
  {0, 0, 0, -76, -28, -19, -39, 2000},
  {0, 0, 0, -76, -28, -19, -39, 2000},
  {0, 0, 0, -76, -28, -19, -39, 2000},
  {0, 0, 0, -76, -28, -19, -39, 2000},
  {0, 0, 0, -76, -28, -19, -39, 2000},
  {0, 0, 0, -76, -28, -19, -39, 2000},
  {0, 0, 0, -76, -28, -19, -39, 2000},
  {0, 0, 0, -76, -28, -19, -39, 2000},
  {0, 0, 0, -76, -28, -19, -39, 2000},
  {0, 0, 0, -76, -28, -19, -39, 2000},
  {0, 0, 0, -76, -28, -19, -39, 2000},
  {0, 0, 0, -76, -28, -19, -39, 2000},
  {0, 0, 0, -76, -28, -19, -39, 2000},
  {0, 0, 0, -76, -28, -19, -39, 2000},
  {0, 0, 0, -76, -28, -19, -39, 2000},
  {0, 0, 0, -76, -28, -19, -39, 2000},
  {0, 0, 0, -76, -28, -19, -39, 2000},
  {0, 0, 0, -76, -28, -19, -39, 2000},
  {0, 0, 0, -76, -28, -19, -39, 2000},
  {0, 0, 0, -76, -28, -19, -39, 2000},
  {0, 0, 0, -76, -28, -19, -39, 2000},
  {0, 0, 0, -76, -28, -19, -39, 2000},
  {0, 0, 0, -76, -28, -19, -39, 2000},
  {0, 0, 0, -76, -28, -19, -39, 2000},
  {0, 0, 0, -76, -28, -19, -39, 2000},
  {0, 0, 0, -76, -28, -19, -39, 2000},
  {0, 0, 0, -76, -28, -19, -39, 2000},
  {0, 0, 0, -76, -28, -19, -39, 2000},
  {0, 0, 0, -76, -28, -19, -39, 2000},
  {0, 0, 0, -76, -28, -19, -39, 2000},
  {0, 0, 0, -76, -28, -19, -39, 2000},
  {0, 0, 0, -76, -28, -19, -39, 2000},
  {0, 0, 0, -76, -28, -19, -39, 2000},
  {0, 0, 0, -76, -28, -19, -39, 2000},
  {0, 0, 0, -76, -28, -19, -39, 2000},
  {0, 0, 0, -76, -28, -19, -39, 2000},
  {0, 0, 0, -76, -28, -19, -39, 2000},
  {0, 0, 0, -76, -28, -19, -39, 2000},
  {0, 0, 0, -76, -28, -19, -39, 2000},
  {0, 0, 0, -76, -28, -19, -39, 2000},
  {0, 0, 0, -76, -28, -19, -39, 2000},
  {0, 0, 0, -76, -28, -19, -39, 2000},
  {0, 0, 0, -76, -28, -19, -39, 2000},
  {0, 0, 0, -76, -28, -19, -39, 2000},
  {0, 0, 0, -76, -28, -19, -39, 2000},
  {0, 0, 0, -76, -28, -19, -39, 2000},
  {0, 0, 0, -76, -28, -19, -39, 2000},
  {0, 0, 0, -76, -28, -19, -39, 2000},
  {0, 0, 0, -76, -28, -19, -39, 2000},
  {0, 0, 0, -76, -28, -19, -39, 2000},
  {0, 0, 0, -76, -28, -19, -39, 2000},
  {0, 0, 0, -76, -28, -19, -39, 2000},
  {0, 0, 0, -76, -28, -19, -39, 2000},
  {0, 0, 0, -76, -28, -19, -39, 2000},
  {0, 0, 0, -76, -28, -19, -39, 2000},
  {0, 0, 0, -76, -28, -19, -39, 2000},
  {0, 0, 0, -76, -28, -19, -39, 2000},
  {0, 0, 0, -76, -28, -19, -39, 2000},
  {0, 0, 0, -76, -28, -19, -39, 2000},
  {0, 0, 0, -76, -28, -19, -39, 2000},
  {0, 0, 0, -76, -28, -19, -39, 2000},
  {0, 0, 0, -76, -28, -19, -39, 2000},
  {0, 0, 0, -76, -28, -19, -39, 2000},
  {0, 0, 0, -76, -28, -19, -39, 2000},
  {0, 0, 0, -76, -28, -19, -39, 2000},
  {0, 0, 0, -76, -28, -19, -39, 2000},
  {0, 0, 0, -76, -28, -19, -39, 2000},
  {0, 0, 0, -76, -28, -19, -39, 2000},
  {0, 0, 0, -76, -28, -19, -39, 2000},
  {0, 0, 0, -76, -28, -19, -39, 2000},
  {0, 0, 0, -76, -28, -19, -39, 2000},
  {0, 0, 0, -76, -28, -19, -39, 2000},
  {0, 0, 0, -76, -28, -19, -39, 2000},
  {0, 0, 0, -76, -28, -19, -39, 2000},
  {0, 0, 0, -76, -28, -19, -39, 2000},
  {0, 0, 0, -76, -28, -19, -39, 2000},
  {0, 0, 0, -76, -28, -19, -39, 2000},
  {0, 0, 0, -76, -28, -19, -39, 2000},
  {0, 0, 0, -76, -28, -19, -39, 2000},
  {0, 0, 0, -76, -28, -19, -39, 2000},
  {0, 0, 0, -76, -28, -19, -39, 2000},
  {0, 0, 0, -76, -28, -19, -39, 2000},
  {0, 0, 0, -76, -28, -19, -39, 2000},
  {0, 0, 0, -76, -28, -19, -39, 2000},
  {0, 0, 0, -76, -28, -19, -39, 2000},
  {0, 0, 0, -76, -28, -19, -39, 2000},
  {0, 0, 0, -76, -28, -19, -39, 2000},
  {0, 0, 0, -76, -28, -19, -39, 2000},
  {0, 0, 0, -76, -28, -19, -39, 2000},
  {0, 0, 0, -76, -28, -19, -39, 2000},
  {0, 0, 0, -76, -28, -19, -39, 2000},
  {0, 0, 0, -76, -28, -19, -39, 2000},
  {0, 0, 0, -76, -28, -19, -39, 2000},
  {0, 0, 0, -76, -28, -19, -39, 2000},
  {0, 0, 0, -76, -28, -19, -39, 2000},
  {0, 0, 0, -76, -28, -19, -39, 2000},
  {0, 0, 0, -76, -28, -19, -39, 2000},
  {0, 0, 0, -76, -28, -19, -39, 2000},
  {0, 0, 0, -76, -28, -19, -39, 2000},
  {0, 0, 0, -76, -28, -19, -39, 2000},
  {0, 0, 0, -76, -28, -19, -39, 2000},
  {0, 0, 0, -76, -28, -19, -39, 2000},
  {0, 0, 0, -76, -28, -19, -39, 2000},
  {0, 0, 0, -76, -28, -19, -39, 2000},
  {0, 0, 0, -76, -28, -19, -39, 2000},
  {0, 0, 0, -76, -28, -19, -39, 2000},
  {0, 0, 0, -76, -28, -19, -39, 2000},
  {0, 0, 0, -76, -28, -19, -39, 2000},
  {0, 0, 0, -76, -28, -19, -39, 2000},
  {0, 0, 0, -76, -28, -19, -39, 2000},
  {0, 0, 0, -76, -28, -19, -39, 2000},
  {0, 0, 0, -76, -28, -19, -39, 2000},
  {0, 0, 0, -76, -28, -19, -39, 2000},
  {0, 0, 0, -76, -28, -19, -39, 2000},
  {0, 0, 0, -76, -28, -19, -39, 2000},
  {0, 0, 0, -76, -28, -19, -39, 2000},
  {0, 0, 0, -76, -28, -19, -39, 2000},
  {0, 0, 0, -76, -28, -19, -39, 2000},
  {0, 0, 0, -76, -28, -19, -39, 2000},
  {0, 0, 0, -76, -28, -19, -39, 2000},
  {0, 0, 0, -76, -28, -19, -39, 2000},
  {0, 0, 0, -76, -28, -19, -39, 2000},
  {0, 0, 0, -76, -28, -19, -39, 2000},
  {0, 0, 0, -76, -28, -19, -39, 2000},
  {0, 0, 0, -76, -28, -19, -39, 2000},
  {0, 0, 0, -76, -28, -19, -39, 2000},
  {0, 0, 0, -76, -28, -19, -39, 2000},
  {0, 0, 0, -76, -28, -19, -39, 2000},
  {0, 0, 0, -76, -28, -19, -39, 2000},
  {0, 0, 0, -76, -28, -19, -39, 2000},
  {0, 0, 0, -76, -28, -19, -39, 2000},
  {0, 0, 0, -76, -28, -19, -39, 2000},
  {0, 0, 0, -76, -28, -19, -39, 2000},
  {0, 0, 0, -76, -28, -19, -39, 2000},
  {0, 0, 0, -76, -28, -19, -39, 2000},
  {0, 0, 0, -76, -28, -19, -39, 2000},
  {0, 0, 0, -76, -28, -19, -39, 2000},
  {0, 0, 0, -76, -28, -19, -39, 2000},
  {0, 0, 0, -76, -28, -19, -39, 2000},
  {0, 0, 0, -76, -28, -19, -39, 2000},
  {0, 0, 0, -76, -28, -19, -39, 2000},
  {0, 0, 0, -76, -28, -19, -39, 2000},
  {0, 0, 0, -76, -28, -19, -39, 2000},
  {0, 0, 0, -76, -28, -19, -39, 2000},
  {0, 0, 0, -76, -28, -19, -39, 2000},
  {0, 0, 0, -76, -28, -19, -39, 2000},
  {0, 0, 0, -76, -28, -19, -39, 2000},
  {0, 0, 0, -76, -28, -19, -39, 2000},
  {0, 0, 0, -76, -28, -19, -39, 2000},
  {0, 0, 0, -76, -28, -19, -39, 2000},
  {0, 0, 0, -76, -28, -19, -39, 2000},
  {0, 0, 0, -76, -28, -19, -39, 2000},
  {0, 0, 0, -76, -28, -19, -39, 2000},
  {0, 0, 0, -76, -28, -19, -39, 2000},
  {0, 0, 0, -76, -28, -19, -39, 2000},
  {0, 0, 0, -76, -28, -19, -39, 2000},
  {0, 0, 0, -76, -28, -19, -39, 2000},
  {0, 0, 0, -76, -28, -19, -39, 2000},
  {0, 0, 0, -76, -28, -19, -39, 2000},
  {0, 0, 0, -76, -28, -19, -39, 2000},
  {0, 0, 0, -76, -28, -19, -39, 2000},
  {0, 0, 0, -76, -28, -19, -39, 2000},
  {0, 0, 0, -76, -28, -19, -39, 2000},
  {0, 0, 0, -76, -28, -19, -39, 2000},
  {0, 0, 0, -76, -28, -19, -39, 2000},
  {0, 0, 0, -76, -28, -19, -39, 2000},
  {0, 0, 0, -76, -28, -19, -39, 2000},
  {0, 0, 0, -76, -28, -19, -39, 2000},
  {0, 0, 0, -76, -28, -19, -39, 2000},
  {0, 0, 0, -76, -28, -19, -39, 2000},
  {0, 0, 0, -76, -28, -19, -39, 2000},
  {0, 0, 0, -76, -28, -19, -39, 2000},
  {0, 0, 0, -76, -28, -19, -39, 2000},
  {0, 0, 0, -76, -28, -19, -39, 2000},
  {0, 0, 0, -76, -28, -19, -39, 2000},
  {0, 0, 0, -76, -28, -19, -39, 2000},
  {0, 0, 0, -76, -28, -19, -39, 2000},
  {0, 0, 0, -76, -28, -19, -39, 2000},
  {0, 0, 0, -76, -28, -19, -39, 2000},
  {0, 0, 0, -76, -28, -19, -39, 2000},
  {0, 0, 0, -76, -28, -19, -39, 2000},
  {0, 0, 0, -76, -28, -19, -39, 2000},
  {0, 0, 0, -76, -28, -19, -39, 2000},
  {0, 0, 0, -76, -28, -19, -39, 2000},
  {0, 0, 0, -76, -28, -19, -39, 2000},
  {0, 0, 0, -76, -28, -19, -39, 2000},
  {0, 0, 0, -76, -28, -19, -39, 2000},
  {0, 0, 0, -76, -28, -19, -39, 2000},
  {0, 0, 0, -76, -28, -19, -39, 2000},
  {0, 0, 0, -76, -28, -19, -39, 2000},
  {0, 0, 0, -76, -28, -19, -39, 2000},
  {0, 0, 0, -76, -28, -19, -39, 2000},
  {0, 0, 0, -76, -28, -19, -39, 2000},
  {0, 0, 0, -76, -28, -19, -39, 2000},
  {0, 0, 0, -76, -28, -19, -39, 2000},
  {0, 0, 0, -76, -28, -19, -39, 2000},
  {0, 0, 0, -76, -28, -19, -39, 2000},
  {0, 0, 0, -76, -28, -19, -39, 2000},
  {0, 0, 0, -76, -28, -19, -39, 2000},
  {0, 0, 0, -76, -28, -19, -39, 2000},
  {0, 0, 0, -76, -28, -19, -39, 2000},
  {0, 0, 0, -76, -28, -19, -39, 2000},
  {0, 0, 0, -76, -28, -19, -39, 2000},
  {0, 0, 0, -76, -28, -19, -39, 2000},
  {0, 0, 0, -76, -28, -19, -39, 2000},
  {0, 0, 0, -76, -28, -19, -39, 2000},
  {0, 0, 0, -76, -28, -19, -39, 2000},
  {0, 0, 0, -76, -28, -19, -39, 2000},
  {0, 0, 0, -76, -28, -19, -39, 2000},
  {0, 0, 0, -76, -28, -19, -39, 2000},
  {0, 0, 0, -76, -28, -19, -39, 2000},
  {0, 0, 0, -76, -28, -19, -39, 2000},
  {0, 0, 0, -76, -28, -19, -39, 2000},
  {0, 0, 0, -76, -28, -19, -39, 2000},
  {0, 0, 0, -76, -28, -19, -39, 2000},
  {0, 0, 0, -76, -28, -19, -39, 2000},
  {0, 0, 0, -76, -28, -19, -39, 2000},
  {0, 0, 0, -76, -28, -19, -39, 2000},
  {0, 0, 0, -76, -28, -19, -39, 2000},
  {0, 0, 0, -76, -28, -19, -39, 2000},
  {0, 0, 0, -76, -28, -19, -39, 2000},
  {0, 0, 0, -76, -28, -19, -39, 2000},
  {0, 0, 0, -76, -28, -19, -39, 2000},
  {0, 0, 0, -76, -28, -19, -39, 2000},
  {0, 0, 0, -76, -28, -19, -39, 2000},
  {0, 0, 0, -76, -28, -19, -39, 2000},
  {0, 0, 0, -76, -28, -19, -39, 2000},
  {0, 0, 0, -76, -28, -19, -39, 2000},
  {0, 0, 0, -76, -28, -19, -39, 2000},
  {0, 0, 0, -76, -28, -19, -39, 2000},
  {0, 0, 0, -76, -28, -19, -39, 2000},
  {0, 0, 0, -76, -28, -19, -39, 2000},
  {0, 0, 0, -76, -28, -19, -39, 2000},
  {0, 0, 0, -76, -28, -19, -39, 2000},
  {0, 0, 0, -76, -28, -19, -39, 2000},
  {0, 0, 0, -76, -28, -19, -39, 2000},
  {0, 0, 0, -76, -28, -19, -39, 2000},
  {0, 0, 0, -76, -28, -19, -39, 2000},
  {0, 0, 0, -76, -28, -19, -39, 2000},
  {0, 0, 0, -76, -28, -19, -39, 2000},
  {0, 0, 0, -76, -28, -19, -39, 2000},
  {0, 0, 0, -76, -28, -19, -39, 2000},
  {0, 0, 0, -76, -28, -19, -39, 2000},
  {0, 0, 0, -76, -28, -19, -39, 2000},
  {0, 0, 0, -76, -28, -19, -39, 2000},
  {0, 0, 0, -76, -28, -19, -39, 2000},
  {0, 0, 0, -76, -28, -19, -39, 2000},
  {0, 0, 0, -76, -28, -19, -39, 2000},
  {0, 0, 0, -76, -28, -19, -39, 2000},
  {0, 0, 0, -76, -28, -19, -39, 2000},
  {0, 0, 0, -76, -28, -19, -39, 2000},
  {0, 0, 0, -76, -28, -19, -39, 2000},
  {0, 0, 0, -76, -28, -19, -39, 2000},
  {0, 0, 0, -76, -28, -19, -39, 2000},
  {0, 0, 0, -76, -28, -19, -39, 2000},
  {0, 0, 0, -76, -28, -19, -39, 2000},
  {0, 0, 0, -76, -28, -19, -39, 2000},
  {0, 0, 0, -76, -28, -19, -39, 2000},
  {0, 0, 0, -76, -28, -19, -39, 2000},
  {0, 0, 0, -76, -28, -19, -39, 2000},
  {0, 0, 0, -76, -28, -19, -39, 2000},
  {0, 0, 0, -76, -28, -19, -39, 2000},
  {0, 0, 0, -76, -28, -19, -39, 2000},
  {0, 0, 0, -76, -28, -19, -39, 2000},
  {0, 0, 0, -76, -28, -19, -39, 2000},
  {0, 0, 0, -76, -28, -19, -39, 2000},
  {0, 0, 0, -76, -28, -19, -39, 2000},
  {0, 0, 0, -76, -28, -19, -39, 2000},
  {0, 0, 0, -76, -28, -19, -39, 2000},
  {0, 0, 0, -76, -28, -19, -39, 2000},
  {0, 0, 0, -76, -28, -19, -39, 2000},
  {0, 0, 0, -76, -28, -19, -39, 2000},
  {0, 0, 0, -76, -28, -19, -39, 2000},
  {0, 0, 0, -76, -28, -19, -39, 2000},
  {0, 0, 0, -76, -28, -19, -39, 2000},
  {0, 0, 0, -76, -28, -19, -39, 2000},
  {0, 0, 0, -76, -28, -19, -39, 2000},
  {0, 0, 0, -76, -28, -19, -39, 2000},
  {0, 0, 0, -76, -28, -19, -39, 2000},
  {0, 0, 0, -76, -28, -19, -39, 2000},
  {0, 0, 0, -76, -28, -19, -39, 2000},
  {0, 0, 0, -76, -28, -19, -39, 2000},
  {0, 0, 0, -76, -28, -19, -39, 2000},
  {0, 0, 0, -76, -28, -19, -39, 2000},
  {0, 0, 0, -76, -28, -19, -39, 2000},
  {0, 0, 0, -76, -28, -19, -39, 2000},
  {0, 0, 0, -76, -28, -19, -39, 2000},
  {0, 0, 0, -76, -28, -19, -39, 2000},
  {0, 0, 0, -76, -28, -19, -39, 2000},
  {0, 0, 0, -76, -28, -19, -39, 2000},
  {0, 0, 0, -76, -28, -19, -39, 2000},
  {0, 0, 0, -76, -28, -19, -39, 2000},
  {0, 0, 0, -76, -28, -19, -39, 2000},
  {0, 0, 0, -76, -28, -19, -39, 2000},
  {0, 0, 0, -76, -28, -19, -39, 2000},
  {0, 0, 0, -76, -28, -19, -39, 2000},
  {0, 0, 0, -76, -28, -19, -39, 2000},
  {0, 0, 0, -76, -28, -19, -39, 2000},
  {0, 0, 0, -76, -28, -19, -39, 2000},
  {0, 0, 0, -76, -28, -19, -39, 2000},
  {0, 0, 0, -76, -28, -19, -39, 2000},
  {0, 0, 0, -76, -28, -19, -39, 2000},
  {0, 0, 0, -76, -28, -19, -39, 2000},
  {0, 0, 0, -76, -28, -19, -39, 2000},
  {0, 0, 0, -76, -28, -19, -39, 2000},
  {0, 0, 0, -76, -28, -19, -39, 2000},
  {0, 0, 0, -76, -28, -19, -39, 2000},
  {0, 0, 0, -76, -28, -19, -39, 2000},
  {0, 0, 0, -76, -28, -19, -39, 2000},
  {0, 0, 0, -76, -28, -19, -39, 2000},
  {0, 0, 0, -76, -28, -19, -39, 2000},
  {0, 0, 0, -76, -28, -19, -39, 2000},
  {0, 0, 0, -76, -28, -19, -39, 2000},
  {0, 0, 0, -76, -28, -19, -39, 2000},
  {0, 0, 0, -76, -28, -19, -39, 2000},
  {0, 0, 0, -76, -28, -19, -39, 2000},
  {0, 0, 0, -76, -28, -19, -39, 2000},
  {0, 0, 0, -76, -28, -19, -39, 2000},
  {0, 0, 0, -76, -28, -19, -39, 2000},
  {0, 0, 0, -76, -28, -19, -39, 2000},
  {0, 0, 0, -76, -28, -19, -39, 2000},
  {0, 0, 0, -76, -28, -19, -39, 2000},
  {0, 0, 0, -76, -28, -19, -39, 2000},
  {0, 0, 0, -76, -28, -19, -39, 2000},
  {0, 0, 0, -76, -28, -19, -39, 2000},
  {0, 0, 0, -76, -28, -19, -39, 2000},
  {0, 0, 0, -76, -28, -19, -39, 2000},
  {0, 0, 0, -76, -28, -19, -39, 2000},
  {0, 0, 0, -76, -28, -19, -39, 2000},
  {0, 0, 0, -76, -28, -19, -39, 2000},
  {0, 0, 0, -76, -28, -19, -39, 2000},
  {0, 0, 0, -76, -28, -19, -39, 2000},
  {0, 0, 0, -76, -28, -19, -39, 2000},
  {0, 0, 0, -76, -28, -19, -39, 2000},
  {0, 0, 0, -76, -28, -19, -39, 2000},
  {0, 0, 0, -76, -28, -19, -39, 2000},
  {0, 0, 0, -76, -28, -19, -39, 2000},
  {0, 0, 0, -76, -28, -19, -39, 2000},
  {0, 0, 0, -76, -28, -19, -39, 2000},
  {0, 0, 0, -76, -28, -19, -39, 2000},
  {0, 0, 0, -76, -28, -19, -39, 2000},
  {0, 0, 0, -76, -28, -19, -39, 2000},
  {0, 0, 0, -76, -28, -19, -39, 2000},
  {0, 0, 0, -76, -28, -19, -39, 2000},
  {0, 0, 0, -76, -28, -19, -39, 2000},
  {0, 0, 0, -76, -28, -19, -39, 2000},
  {0, 0, 0, -76, -28, -19, -39, 2000},
  {0, 0, 0, -76, -28, -19, -39, 2000},
  {0, 0, 0, -76, -28, -19, -39, 2000},
  {0, 0, 0, -76, -28, -19, -39, 2000},
  {0, 0, 0, -76, -28, -19, -39, 2000},
  {0, 0, 0, -76, -28, -19, -39, 2000},
  {0, 0, 0, -76, -28, -19, -39, 2000},
  {0, 0, 0, -76, -28, -19, -39, 2000},
  {0, 0, 0, -76, -28, -19, -39, 2000},
  {0, 0, 0, -76, -28, -19, -39, 2000},
  {0, 0, 0, -76, -28, -19, -39, 2000},
  {0, 0, 0, -76, -28, -19, -39, 2000},
  {0, 0, 0, -76, -28, -19, -39, 2000},
  {0, 0, 0, -76, -28, -19, -39, 2000},
  {0, 0, 0, -76, -28, -19, -39, 2000},
  {0, 0, 0, -76, -28, -19, -39, 2000},
  {0, 0, 0, -76, -28, -19, -39, 2000},
  {0, 0, 0, -76, -28, -19, -39, 2000},
  {0, 0, 0, -76, -28, -19, -39, 2000},
  {0, 0, 0, -76, -28, -19, -39, 2000},
  {0, 0, 0, -76, -28, -19, -39, 2000},
  {0, 0, 0, -76, -28, -19, -39, 2000},
  {0, 0, 0, -76, -28, -19, -39, 2000},
  {0, 0, 0, -76, -28, -19, -39, 2000},
  {0, 0, 0, -76, -28, -19, -39, 2000},
  {0, 0, 0, -76, -28, -19, -39, 2000},
  {0, 0, 0, -76, -28, -19, -39, 2000},
  {0, 0, 0, -76, -28, -19, -39, 2000},
  {0, 0, 0, -76, -28, -19, -39, 2000},
  {0, 0, 0, -76, -28, -19, -39, 2000},
  {0, 0, 0, -76, -28, -19, -39, 2000},
  {0, 0, 0, -76, -28, -19, -39, 2000},
  {0, 0, 0, -76, -28, -19, -39, 2000},
  {0, 0, 0, -76, -28, -19, -39, 2000},
  {0, 0, 0, -76, -28, -19, -39, 2000},
  {0, 0, 0, -76, -28, -19, -39, 2000},
  {0, 0, 0, -76, -28, -19, -39, 2000},
  {0, 0, 0, -76, -28, -19, -39, 2000},
  {0, 0, 0, -76, -28, -19, -39, 2000},
  {0, 0, 0, -76, -28, -19, -39, 2000},
  {0, 0, 0, -76, -28, -19, -39, 2000},
  {0, 0, 0, -76, -28, -19, -39, 2000},
  {0, 0, 0, -76, -28, -19, -39, 2000},
  {0, 0, 0, -76, -28, -19, -39, 2000},
  {0, 0, 0, -76, -28, -19, -39, 2000},
  {0, 0, 0, -76, -28, -19, -39, 2000},
  {0, 0, 0, -76, -28, -19, -39, 2000},
  {0, 0, 0, -76, -28, -19, -39, 2000},
  {0, 0, 0, -76, -28, -19, -39, 2000},
  {0, 0, 0, -76, -28, -19, -39, 2000},
  {0, 0, 0, -76, -28, -19, -39, 2000},
  {0, 0, 0, -76, -28, -19, -39, 2000},
  {0, 0, 0, -76, -28, -19, -39, 2000},
  {0, 0, 0, -76, -28, -19, -39, 2000},
  {0, 0, 0, -76, -28, -19, -39, 2000},
  {0, 0, 0, -76, -28, -19, -39, 2000},
  {0, 0, 0, -76, -28, -19, -39, 2000},
  {0, 0, 0, -76, -28, -19, -39, 2000},
  {0, 0, 0, -76, -28, -19, -39, 2000},
  {0, 0, 0, -76, -28, -19, -39, 2000},
  {0, 0, 0, -76, -28, -19, -39, 2000},
  {0, 0, 0, -76, -28, -19, -39, 2000},
  {0, 0, 0, -76, -28, -19, -39, 2000},
  {0, 0, 0, -76, -28, -19, -39, 2000},
  {0, 0, 0, -76, -28, -19, -39, 2000},
  {0, 0, 0, -76, -28, -19, -39, 2000},
  {0, 0, 0, -76, -28, -19, -39, 2000},
  {0, 0, 0, -76, -28, -19, -39, 2000},
  {0, 0, 0, -76, -28, -19, -39, 2000},
  {0, 0, 0, -76, -28, -19, -39, 2000},
  {0, 0, 0, -76, -28, -19, -39, 2000},
  {0, 0, 0, -76, -28, -19, -39, 2000},
  {0, 0, 0, -76, -28, -19, -39, 2000},
  {0, 0, 0, -76, -28, -19, -39, 2000},
  {0, 0, 0, -76, -28, -19, -39, 2000},
  {0, 0, 0, -76, -28, -19, -39, 2000},
  {0, 0, 0, -76, -28, -19, -39, 2000},
  {0, 0, 0, -76, -28, -19, -39, 2000},
  {0, 0, 0, -76, -28, -19, -39, 2000},
  {0, 0, 0, -76, -28, -19, -39, 2000},
  {0, 0, 0, -76, -28, -19, -39, 2000},
  {0, 0, 0, -76, -28, -19, -39, 2000},
  {0, 0, 0, -76, -28, -19, -39, 2000},
  {0, 0, 0, -76, -28, -19, -39, 2000},
  {0, 0, 0, -76, -28, -19, -39, 2000},
  {0, 0, 0, -76, -28, -19, -39, 2000},
  {0, 0, 0, -76, -28, -19, -39, 2000},
  {0, 0, 0, -76, -28, -19, -39, 2000},
  {0, 0, 0, -76, -28, -19, -39, 2000},
  {0, 0, 0, -76, -28, -19, -39, 2000},
  {0, 0, 0, -76, -28, -19, -39, 2000},
  {0, 0, 0, -76, -28, -19, -39, 2000},
  {0, 0, 0, -76, -28, -19, -39, 2000},
  {0, 0, 0, -76, -28, -19, -39, 2000},
  {0, 0, 0, -76, -28, -19, -39, 2000},
  {0, 0, 0, -76, -28, -19, -39, 2000},
  {0, 0, 0, -76, -28, -19, -39, 2000},
  {0, 0, 0, -76, -28, -19, -39, 2000},
  {0, 0, 0, -76, -28, -19, -39, 2000},
  {0, 0, 0, -76, -28, -19, -39, 2000},
  {0, 0, 0, -76, -28, -19, -39, 2000},
  {0, 0, 0, -76, -28, -19, -39, 2000},
  {0, 0, 0, -76, -28, -19, -39, 2000},
  {0, 0, 0, -76, -28, -19, -39, 2000},
  {0, 0, 0, -76, -28, -19, -39, 2000},
  {0, 0, 0, -76, -28, -19, -39, 2000},
  {0, 0, 0, -76, -28, -19, -39, 2000},
  {0, 0, 0, -76, -28, -19, -39, 2000},
  {0, 0, 0, -76, -28, -19, -39, 2000},
  {0, 0, 0, -76, -28, -19, -39, 2000},
  {0, 0, 0, -76, -28, -19, -39, 2000},
  {0, 0, 0, -76, -28, -19, -39, 2000},
  {0, 0, 0, -76, -28, -19, -39, 2000},
  {0, 0, 0, -76, -28, -19, -39, 2000},
  {0, 0, 0, -76, -28, -19, -39, 2000},
  {0, 0, 0, -76, -28, -19, -39, 2000},
  {0, 0, 0, -76, -28, -19, -39, 2000},
  {0, 0, 0, -76, -28, -19, -39, 2000},
  {0, 0, 0, -76, -28, -19, -39, 2000},
  {0, 0, 0, -76, -28, -19, -39, 2000},
  {0, 0, 0, -76, -28, -19, -39, 2000},
  {0, 0, 0, -76, -28, -19, -39, 2000},
  {0, 0, 0, -76, -28, -19, -39, 2000},
  {0, 0, 0, -76, -28, -19, -39, 2000},
  {0, 0, 0, -76, -28, -19, -39, 2000},
  {0, 0, 0, -76, -28, -19, -39, 2000},
  {0, 0, 0, -76, -28, -19, -39, 2000},
  {0, 0, 0, -76, -28, -19, -39, 2000},
  {0, 0, 0, -76, -28, -19, -39, 2000},
  {0, 0, 0, -76, -28, -19, -39, 2000},
  {0, 0, 0, -76, -28, -19, -39, 2000},
  {0, 0, 0, -76, -28, -19, -39, 2000},
  {0, 0, 0, -76, -28, -19, -39, 2000},
  {0, 0, 0, -76, -28, -19, -39, 2000},
  {0, 0, 0, -76, -28, -19, -39, 2000},
  {0, 0, 0, -76, -28, -19, -39, 2000},
  {0, 0, 0, -76, -28, -19, -39, 2000},
  {0, 0, 0, -76, -28, -19, -39, 2000},
  {0, 0, 0, -76, -28, -19, -39, 2000},
  {0, 0, 0, -76, -28, -19, -39, 2000},
  {0, 0, 0, -76, -28, -19, -39, 2000},
  {0, 0, 0, -76, -28, -19, -39, 2000},
  {0, 0, 0, -76, -28, -19, -39, 2000},
  {0, 0, 0, -76, -28, -19, -39, 2000},
  {0, 0, 0, -76, -28, -19, -39, 2000},
  {0, 0, 0, -76, -28, -19, -39, 2000},
  {0, 0, 0, -76, -28, -19, -39, 2000},
  {0, 0, 0, -76, -28, -19, -39, 2000},
  {0, 0, 0, -76, -28, -19, -39, 2000},
  {0, 0, 0, -76, -28, -19, -39, 2000},
  {0, 0, 0, -76, -28, -19, -39, 2000},
  {0, 0, 0, -76, -28, -19, -39, 2000},
  {0, 0, 0, -76, -28, -19, -39, 2000},
  {0, 0, 0, -76, -28, -19, -39, 2000},
  {0, 0, 0, -76, -28, -19, -39, 2000},
  {0, 0, 0, -76, -28, -19, -39, 2000},
  {0, 0, 0, -76, -28, -19, -39, 2000},
  {0, 0, 0, -76, -28, -19, -39, 2000},
  {0, 0, 0, -76, -28, -19, -39, 2000},
  {0, 0, 0, -76, -28, -19, -39, 2000},
  {0, 0, 0, -76, -28, -19, -39, 2000},
  {0, 0, 0, -76, -28, -19, -39, 2000},
  {0, 0, 0, -76, -28, -19, -39, 2000},
  {0, 0, 0, -76, -28, -19, -39, 2000},
  {0, 0, 0, -76, -28, -19, -39, 2000},
  {0, 0, 0, -76, -28, -19, -39, 2000},
  {0, 0, 0, -76, -28, -19, -39, 2000},
  {0, 0, 0, -76, -28, -19, -39, 2000},
  {0, 0, 0, -76, -28, -19, -39, 2000},
  {0, 0, 0, -76, -28, -19, -39, 2000},
  {0, 0, 0, -76, -28, -19, -39, 2000},
  {0, 0, 0, -76, -28, -19, -39, 2000},
  {0, 0, 0, -76, -28, -19, -39, 2000},
  {0, 0, 0, -76, -28, -19, -39, 2000},
  {0, 0, 0, -76, -28, -19, -39, 2000},
  {0, 0, 0, -76, -28, -19, -39, 2000},
  {0, 0, 0, -76, -28, -19, -39, 2000},
  {0, 0, 0, -76, -28, -19, -39, 2000},
  {0, 0, 0, -76, -28, -19, -39, 2000},
  {0, 0, 0, -76, -28, -19, -39, 2000},
  {0, 0, 0, -76, -28, -19, -39, 2000},
  {0, 0, 0, -76, -28, -19, -39, 2000},
  {0, 0, 0, -76, -28, -19, -39, 2000},
  {0, 0, 0, -76, -28, -19, -39, 2000},
  {0, 0, 0, -76, -28, -19, -39, 2000},
  {0, 0, 0, -76, -28, -19, -39, 2000},
  {0, 0, 0, -76, -28, -19, -39, 2000},
  {0, 0, 0, -76, -28, -19, -39, 2000},
  {0, 0, 0, -76, -28, -19, -39, 2000},
  {0, 0, 0, -76, -28, -19, -39, 2000},
  {0, 0, 0, -76, -28, -19, -39, 2000},
  {0, 0, 0, -76, -28, -19, -39, 2000},
  {0, 0, 0, -76, -28, -19, -39, 2000},
  {0, 0, 0, -76, -28, -19, -39, 2000},
  {0, 0, 0, -76, -28, -19, -39, 2000},
  {0, 0, 0, -76, -28, -19, -39, 2000},
  {0, 0, 0, -76, -28, -19, -39, 2000},
  {0, 0, 0, -76, -28, -19, -39, 2000},
  {0, 0, 0, -76, -28, -19, -39, 2000},
  {0, 0, 0, -76, -28, -19, -39, 2000},
  {0, 0, 0, -76, -28, -19, -39, 2000},
  {0, 0, 0, -76, -28, -19, -39, 2000},
  {0, 0, 0, -76, -28, -19, -39, 2000},
  {0, 0, 0, -76, -28, -19, -39, 2000},
  {0, 0, 0, -76, -28, -19, -39, 2000},
  {0, 0, 0, -76, -28, -19, -39, 2000},
  {0, 0, 0, -76, -28, -19, -39, 2000},
  {0, 0, 0, -76, -28, -19, -39, 2000},
  {0, 0, 0, -76, -28, -19, -39, 2000},
  {0, 0, 0, -76, -28, -19, -39, 2000},
  {0, 0, 0, -76, -28, -19, -39, 2000},
  {0, 0, 0, -76, -28, -19, -39, 2000},
  {0, 0, 0, -76, -28, -19, -39, 2000},
  {0, 0, 0, -76, -28, -19, -39, 2000},
  {0, 0, 0, -76, -28, -19, -39, 2000},
  {0, 0, 0, -76, -28, -19, -39, 2000},
  {0, 0, 0, -76, -28, -19, -39, 2000},
  {0, 0, 0, -76, -28, -19, -39, 2000},
  {0, 0, 0, -76, -28, -19, -39, 2000},
  {0, 0, 0, -76, -28, -19, -39, 2000},
  {0, 0, 0, -76, -28, -19, -39, 2000},
  {0, 0, 0, -76, -28, -19, -39, 2000},
  {0, 0, 0, -76, -28, -19, -39, 2000},
  {0, 0, 0, -76, -28, -19, -39, 2000},
  {0, 0, 0, -76, -28, -19, -39, 2000},
  {0, 0, 0, -76, -28, -19, -39, 2000},
  {0, 0, 0, -76, -28, -19, -39, 2000},
  {0, 0, 0, -76, -28, -19, -39, 2000},
  {0, 0, 0, -76, -28, -19, -39, 2000},
  {0, 0, 0, -76, -28, -19, -39, 2000},
  {0, 0, 0, -76, -28, -19, -39, 2000},
  {0, 0, 0, -76, -28, -19, -39, 2000},
  {0, 0, 0, -76, -28, -19, -39, 2000},
  {0, 0, 0, -76, -28, -19, -39, 2000},
  {0, 0, 0, -76, -28, -19, -39, 2000},
  {0, 0, 0, -76, -28, -19, -39, 2000},
  {0, 0, 0, -76, -28, -19, -39, 2000},
  {0, 0, 0, -76, -28, -19, -39, 2000},
  {0, 0, 0, -76, -28, -19, -39, 2000},
  {0, 0, 0, -76, -28, -19, -39, 2000},
  {0, 0, 0, -76, -28, -19, -39, 2000},
  {0, 0, 0, -76, -28, -19, -39, 2000},
  {0, 0, 0, -76, -28, -19, -39, 2000},
  {0, 0, 0, -76, -28, -19, -39, 2000},
  {0, 0, 0, -76, -28, -19, -39, 2000},
  {0, 0, 0, -76, -28, -19, -39, 2000},
  {0, 0, 0, -76, -28, -19, -39, 2000},
  {0, 0, 0, -76, -28, -19, -39, 2000},
  {0, 0, 0, -76, -28, -19, -39, 2000},
  {0, 0, 0, -76, -28, -19, -39, 2000},
  {0, 0, 0, -76, -28, -19, -39, 2000},
  {0, 0, 0, -76, -28, -19, -39, 2000},
  {0, 0, 0, -76, -28, -19, -39, 2000},
  {0, 0, 0, -76, -28, -19, -39, 2000},
  {0, 0, 0, -76, -28, -19, -39, 2000},
  {0, 0, 0, -76, -28, -19, -39, 2000},
  {0, 0, 0, -76, -28, -19, -39, 2000},
  {0, 0, 0, -76, -28, -19, -39, 2000},
  {0, 0, 0, -76, -28, -19, -39, 2000},
  {0, 0, 0, -76, -28, -19, -39, 2000},
  {0, 0, 0, -76, -28, -19, -39, 2000},
  {0, 0, 0, -76, -28, -19, -39, 2000},
  {0, 0, 0, -76, -28, -19, -39, 2000},
  {0, 0, 0, -76, -28, -19, -39, 2000},
  {0, 0, 0, -76, -28, -19, -39, 2000},
  {0, 0, 0, -76, -28, -19, -39, 2000},
  {0, 0, 0, -76, -28, -19, -39, 2000},
  {0, 0, 0, -76, -28, -19, -39, 2000},
  {0, 0, 0, -76, -28, -19, -39, 2000},
  {0, 0, 0, -76, -28, -19, -39, 2000},
  {0, 0, 0, -76, -28, -19, -39, 2000},
  {0, 0, 0, -76, -28, -19, -39, 2000},
  {0, 0, 0, -76, -28, -19, -39, 2000},
  {0, 0, 0, -76, -28, -19, -39, 2000},
  {0, 0, 0, -76, -28, -19, -39, 2000},
  {0, 0, 0, -76, -28, -19, -39, 2000},
  {0, 0, 0, -76, -28, -19, -39, 2000},
  {0, 0, 0, -76, -28, -19, -39, 2000},
  {0, 0, 0, -76, -28, -19, -39, 2000},
  {0, 0, 0, -76, -28, -19, -39, 2000},
  {0, 0, 0, -76, -28, -19, -39, 2000},
  {0, 0, 0, -76, -28, -19, -39, 2000},
  {0, 0, 0, -76, -28, -19, -39, 2000},
  {0, 0, 0, -76, -28, -19, -39, 2000},
  {0, 0, 0, -76, -28, -19, -39, 2000},
  {0, 0, 0, -76, -28, -19, -39, 2000},
  {0, 0, 0, -76, -28, -19, -39, 2000},
  {0, 0, 0, -76, -28, -19, -39, 2000},
  {0, 0, 0, -76, -28, -19, -39, 2000},
  {0, 0, 0, -76, -28, -19, -39, 2000},
  {0, 0, 0, -76, -28, -19, -39, 2000},
  {0, 0, 0, -76, -28, -19, -39, 2000},
  {0, 0, 0, -76, -28, -19, -39, 2000},
  {0, 0, 0, -76, -28, -19, -39, 2000},
  {0, 0, 0, -76, -28, -19, -39, 2000},
  {0, 0, 0, -76, -28, -19, -39, 2000},
  {0, 0, 0, -76, -28, -19, -39, 2000},
  {0, 0, 0, -76, -28, -19, -39, 2000},
  {0, 0, 0, -76, -28, -19, -39, 2000},
  {0, 0, 0, -76, -28, -19, -39, 2000},
  {0, 0, 0, -76, -28, -19, -39, 2000},
  {0, 0, 0, -76, -28, -19, -39, 2000},
  {0, 0, 0, -76, -28, -19, -39, 2000},
  {0, 0, 0, -76, -28, -19, -39, 2000},
  {0, 0, 0, -76, -28, -19, -39, 2000},
  {0, 0, 0, -76, -28, -19, -39, 2000},
  {0, 0, 0, -76, -28, -19, -39, 2000},
  {0, 0, 0, -76, -28, -19, -39, 2000},
  {0, 0, 0, -76, -28, -19, -39, 2000},
  {0, 0, 0, -76, -28, -19, -39, 2000},
  {0, 0, 0, -76, -28, -19, -39, 2000},
  {0, 0, 0, -76, -28, -19, -39, 2000},
  {0, 0, 0, -76, -28, -19, -39, 2000},
  {0, 0, 0, -76, -28, -19, -39, 2000},
  {0, 0, 0, -76, -28, -19, -39, 2000},
  {0, 0, 0, -76, -28, -19, -39, 2000},
  {0, 0, 0, -76, -28, -19, -39, 2000},
  {0, 0, 0, -76, -28, -19, -39, 2000},
  {0, 0, 0, -76, -28, -19, -39, 2000},
  {0, 0, 0, -76, -28, -19, -39, 2000},
  {0, 0, 0, -76, -28, -19, -39, 2000},
  {0, 0, 0, -76, -28, -19, -39, 2000},
  {0, 0, 0, -76, -28, -19, -39, 2000},
  {0, 0, 0, -76, -28, -19, -39, 2000},
  {0, 0, 0, -76, -28, -19, -39, 2000},
  {0, 0, 0, -76, -28, -19, -39, 2000},
  {0, 0, 0, -76, -28, -19, -39, 2000},
  {0, 0, 0, -76, -28, -19, -39, 2000},
  {0, 0, 0, -76, -28, -19, -39, 2000},
  {0, 0, 0, -76, -28, -19, -39, 2000},
  {0, 0, 0, -76, -28, -19, -39, 2000},
  {0, 0, 0, -76, -28, -19, -39, 2000},
  {0, 0, 0, -76, -28, -19, -39, 2000},
  {0, 0, 0, -76, -28, -19, -39, 2000},
  {0, 0, 0, -76, -28, -19, -39, 2000},
  {0, 0, 0, -76, -28, -19, -39, 2000},
  {0, 0, 0, -76, -28, -19, -39, 2000},
  {0, 0, 0, -76, -28, -19, -39, 2000},
  {0, 0, 0, -76, -28, -19, -39, 2000},
  {0, 0, 0, -76, -28, -19, -39, 2000},
  {0, 0, 0, -76, -28, -19, -39, 2000},
  {0, 0, 0, -76, -28, -19, -39, 2000},
  {0, 0, 0, -76, -28, -19, -39, 2000},
  {0, 0, 0, -76, -28, -19, -39, 2000},
  {0, 0, 0, -76, -28, -19, -39, 2000},
  {0, 0, 0, -76, -28, -19, -39, 2000},
  {0, 0, 0, -76, -28, -19, -39, 2000},
  {0, 0, 0, -76, -28, -19, -39, 2000},
  {0, 0, 0, -76, -28, -19, -39, 2000},
  {0, 0, 0, -76, -28, -19, -39, 2000},
  {0, 0, 0, -76, -28, -19, -39, 2000},
  {0, 0, 0, -76, -28, -19, -39, 2000},
  {0, 0, 0, -76, -28, -19, -39, 2000},
  {0, 0, 0, -76, -28, -19, -39, 2000},
  {0, 0, 0, -76, -28, -19, -39, 2000},
  {0, 0, 0, -76, -28, -19, -39, 2000},
  {0, 0, 0, -76, -28, -19, -39, 2000},
  {0, 0, 0, -76, -28, -19, -39, 2000},
  {0, 0, 0, -76, -28, -19, -39, 2000},
  {0, 0, 0, -76, -28, -19, -39, 2000},
  {0, 0, 0, -76, -28, -19, -39, 2000},
  {0, 0, 0, -76, -28, -19, -39, 2000},
  {0, 0, 0, -76, -28, -19, -39, 2000},
  {0, 0, 0, -76, -28, -19, -39, 2000},
  {0, 0, 0, -76, -28, -19, -39, 2000},
  {0, 0, 0, -76, -28, -19, -39, 2000},
  {0, 0, 0, -76, -28, -19, -39, 2000},
  {0, 0, 0, -76, -28, -19, -39, 2000},
  {0, 0, 0, -76, -28, -19, -39, 2000},
  {0, 0, 0, -76, -28, -19, -39, 2000},
  {0, 0, 0, -76, -28, -19, -39, 2000},
  {0, 0, 0, -76, -28, -19, -39, 2000},
  {0, 0, 0, -76, -28, -19, -39, 2000},
  {0, 0, 0, -76, -28, -19, -39, 2000},
  {0, 0, 0, -76, -28, -19, -39, 2000},
  {0, 0, 0, -76, -28, -19, -39, 2000},
  {0, 0, 0, -76, -28, -19, -39, 2000},
  {0, 0, 0, -76, -28, -19, -39, 2000},
  {0, 0, 0, -76, -28, -19, -39, 2000},
  {0, 0, 0, -76, -28, -19, -39, 2000},
  {0, 0, 0, -76, -28, -19, -39, 2000},
  {0, 0, 0, -76, -28, -19, -39, 2000},
  {0, 0, 0, -76, -28, -19, -39, 2000},
  {0, 0, 0, -76, -28, -19, -39, 2000},
  {0, 0, 0, -76, -28, -19, -39, 2000},
  {0, 0, 0, -76, -28, -19, -39, 2000},
  {0, 0, 0, -76, -28, -19, -39, 2000},
  {0, 0, 0, -76, -28, -19, -39, 2000},
  {0, 0, 0, -76, -28, -19, -39, 2000},
  {0, 0, 0, -76, -28, -19, -39, 2000},
  {0, 0, 0, -76, -28, -19, -39, 2000},
  {0, 0, 0, -76, -28, -19, -39, 2000},
  {0, 0, 0, -76, -28, -19, -39, 2000},
  {0, 0, 0, -76, -28, -19, -39, 2000},
  {0, 0, 0, -76, -28, -19, -39, 2000},
  {0, 0, 0, -76, -28, -19, -39, 2000},
  {0, 0, 0, -76, -28, -19, -39, 2000},
  {0, 0, 0, -76, -28, -19, -39, 2000},
  {0, 0, 0, -76, -28, -19, -39, 2000},
  {0, 0, 0, -76, -28, -19, -39, 2000},
  {0, 0, 0, -76, -28, -19, -39, 2000},
  {0, 0, 0, -76, -28, -19, -39, 2000},
  {0, 0, 0, -76, -28, -19, -39, 2000},
  {0, 0, 0, -76, -28, -19, -39, 2000},
  {0, 0, 0, -76, -28, -19, -39, 2000},
  {0, 0, 0, -76, -28, -19, -39, 2000},
  {0, 0, 0, -76, -28, -19, -39, 2000},
  {0, 0, 0, -76, -28, -19, -39, 2000},
  {0, 0, 0, -76, -28, -19, -39, 2000},
  {0, 0, 0, -76, -28, -19, -39, 2000},
  {0, 0, 0, -76, -28, -19, -39, 2000},
  {0, 0, 0, -76, -28, -19, -39, 2000},
  {0, 0, 0, -76, -28, -19, -39, 2000},
  {0, 0, 0, -76, -28, -19, -39, 2000},
  {0, 0, 0, -76, -28, -19, -39, 2000},
  {0, 0, 0, -76, -28, -19, -39, 2000},
  {0, 0, 0, -76, -28, -19, -39, 2000},
  {0, 0, 0, -76, -28, -19, -39, 2000},
  {0, 0, 0, -76, -28, -19, -39, 2000},
  {0, 0, 0, -76, -28, -19, -39, 2000},
  {0, 0, 0, -76, -28, -19, -39, 2000},
  {0, 0, 0, -76, -28, -19, -39, 2000},
  {0, 0, 0, -76, -28, -19, -39, 2000},
  {0, 0, 0, -76, -28, -19, -39, 2000},
  {0, 0, 0, -76, -28, -19, -39, 2000},
  {0, 0, 0, -76, -28, -19, -39, 2000},
  {0, 0, 0, -76, -28, -19, -39, 2000},
  {0, 0, 0, -76, -28, -19, -39, 2000},
  {0, 0, 0, -76, -28, -19, -39, 2000},
  {0, 0, 0, -76, -28, -19, -39, 2000},
  {0, 0, 0, -76, -28, -19, -39, 2000},
  {0, 0, 0, -76, -28, -19, -39, 2000},
  {0, 0, 0, -76, -28, -19, -39, 2000},
  {0, 0, 0, -76, -28, -19, -39, 2000},
  {0, 0, 0, -76, -28, -19, -39, 2000},
  {0, 0, 0, -76, -28, -19, -39, 2000},
  {0, 0, 0, -76, -28, -19, -39, 2000},
  {0, 0, 0, -76, -28, -19, -39, 2000},
  {0, 0, 0, -76, -28, -19, -39, 2000},
  {0, 0, 0, -76, -28, -19, -39, 2000},
  {0, 0, 0, -76, -28, -19, -39, 2000},
  {0, 0, 0, -76, -28, -19, -39, 2000},
  {0, 0, 0, -76, -28, -19, -39, 2000},
  {0, 0, 0, -76, -28, -19, -39, 2000},
  {0, 0, 0, -76, -28, -19, -39, 2000},
  {0, 0, 0, -76, -28, -19, -39, 2000},
  {0, 0, 0, -76, -28, -19, -39, 2000},
  {0, 0, 0, -76, -28, -19, -39, 2000},
  {0, 0, 0, -76, -28, -19, -39, 2000},
  {0, 0, 0, -76, -28, -19, -39, 2000},
  {0, 0, 0, -76, -28, -19, -39, 2000},
  {0, 0, 0, -76, -28, -19, -39, 2000},
  {0, 0, 0, -76, -28, -19, -39, 2000},
  {0, 0, 0, -76, -28, -19, -39, 2000},
  {0, 0, 0, -76, -28, -19, -39, 2000},
  {0, 0, 0, -76, -28, -19, -39, 2000},
  {0, 0, 0, -76, -28, -19, -39, 2000},
  {0, 0, 0, -76, -28, -19, -39, 2000},
  {0, 0, 0, -76, -28, -19, -39, 2000},
  {0, 0, 0, -76, -28, -19, -39, 2000},
  {0, 0, 0, -76, -28, -19, -39, 2000},
  {0, 0, 0, -76, -28, -19, -39, 2000},
  {0, 0, 0, -76, -28, -19, -39, 2000},
  {0, 0, 0, -76, -28, -19, -39, 2000},
  {0, 0, 0, -76, -28, -19, -39, 2000},
  {0, 0, 0, -76, -28, -19, -39, 2000},
  {0, 0, 0, -76, -28, -19, -39, 2000},
  {0, 0, 0, -76, -28, -19, -39, 2000},
  {0, 0, 0, -76, -28, -19, -39, 2000},
  {0, 0, 0, -76, -28, -19, -39, 2000},
  {0, 0, 0, -76, -28, -19, -39, 2000},
  {0, 0, 0, -76, -28, -19, -39, 2000},
  {0, 0, 0, -76, -28, -19, -39, 2000},
  {0, 0, 0, -76, -28, -19, -39, 2000},
  {0, 0, 0, -76, -28, -19, -39, 2000},
  {0, 0, 0, -76, -28, -19, -39, 2000},
  {0, 0, 0, -76, -28, -19, -39, 2000},
  {0, 0, 0, -76, -28, -19, -39, 2000},
  {0, 0, 0, -76, -28, -19, -39, 2000},
  {0, 0, 0, -76, -28, -19, -39, 2000},
  {0, 0, 0, -76, -28, -19, -39, 2000},
  {0, 0, 0, -76, -28, -19, -39, 2000},
  {0, 0, 0, -76, -28, -19, -39, 2000},
  {0, 0, 0, -76, -28, -19, -39, 2000},
  {0, 0, 0, -76, -28, -19, -39, 2000},
  {0, 0, 0, -76, -28, -19, -39, 2000},
  {0, 0, 0, -76, -28, -19, -39, 2000},
  {0, 0, 0, -76, -28, -19, -39, 2000},
  {0, 0, 0, -76, -28, -19, -39, 2000},
  {0, 0, 0, -76, -28, -19, -39, 2000},
  {0, 0, 0, -76, -28, -19, -39, 2000},
  {0, 0, 0, -76, -28, -19, -39, 2000},
  {0, 0, 0, -76, -28, -19, -39, 2000},
  {0, 0, 0, -76, -28, -19, -39, 2000},
  {0, 0, 0, -76, -28, -19, -39, 2000},
  {0, 0, 0, -76, -28, -19, -39, 2000},
  {0, 0, 0, -76, -28, -19, -39, 2000},
  {0, 0, 0, -76, -28, -19, -39, 2000},
  {0, 0, 0, -76, -28, -19, -39, 2000},
  {0, 0, 0, -76, -28, -19, -39, 2000},
  {0, 0, 0, -76, -28, -19, -39, 2000},
  {0, 0, 0, -76, -28, -19, -39, 2000},
  {0, 0, 0, -76, -28, -19, -39, 2000},
  {0, 0, 0, -76, -28, -19, -39, 2000},
  {0, 0, 0, -76, -28, -19, -39, 2000},
  {0, 0, 0, -76, -28, -19, -39, 2000},
  {0, 0, 0, -76, -28, -19, -39, 2000},
  {0, 0, 0, -76, -28, -19, -39, 2000},
  {0, 0, 0, -76, -28, -19, -39, 2000},
  {0, 0, 0, -76, -28, -19, -39, 2000},
  {0, 0, 0, -76, -28, -19, -39, 2000},
  {0, 0, 0, -76, -28, -19, -39, 2000},
  {0, 0, 0, -76, -28, -19, -39, 2000},
  {0, 0, 0, -76, -28, -19, -39, 2000},
  {0, 0, 0, -76, -28, -19, -39, 2000},
  {0, 0, 0, -76, -28, -19, -39, 2000},
  {0, 0, 0, -76, -28, -19, -39, 2000},
  {0, 0, 0, -76, -28, -19, -39, 2000},
  {0, 0, 0, -76, -28, -19, -39, 2000},
  {0, 0, 0, -76, -28, -19, -39, 2000},
  {0, 0, 0, -76, -28, -19, -39, 2000},
  {0, 0, 0, -76, -28, -19, -39, 2000},
  {0, 0, 0, -76, -28, -19, -39, 2000},
  {0, 0, 0, -76, -28, -19, -39, 2000},
  {0, 0, 0, -76, -28, -19, -39, 2000},
  {0, 0, 0, -76, -28, -19, -39, 2000},
  {0, 0, 0, -76, -28, -19, -39, 2000},
  {0, 0, 0, -76, -28, -19, -39, 2000},
  {0, 0, 0, -76, -28, -19, -39, 2000},
  {0, 0, 0, -76, -28, -19, -39, 2000},
  {0, 0, 0, -76, -28, -19, -39, 2000},
  {0, 0, 0, -76, -28, -19, -39, 2000},
  {0, 0, 0, -76, -28, -19, -39, 2000},
  {0, 0, 0, -76, -28, -19, -39, 2000},
  {0, 0, 0, -76, -28, -19, -39, 2000},
  {0, 0, 0, -76, -28, -19, -39, 2000},
  {0, 0, 0, -76, -28, -19, -39, 2000},
  {0, 0, 0, -76, -28, -19, -39, 2000},
  {0, 0, 0, -76, -28, -19, -39, 2000},
  {0, 0, 0, -76, -28, -19, -39, 2000},
  {0, 0, 0, -76, -28, -19, -39, 2000},
  {0, 0, 0, -76, -28, -19, -39, 2000},
  {0, 0, 0, -76, -28, -19, -39, 2000},
  {0, 0, 0, -76, -28, -19, -39, 2000},
  {0, 0, 0, -76, -28, -19, -39, 2000},
  {0, 0, 0, -76, -28, -19, -39, 2000},
  {0, 0, 0, -76, -28, -19, -39, 2000},
  {0, 0, 0, -76, -28, -19, -39, 2000},
  {0, 0, 0, -76, -28, -19, -39, 2000},
  {0, 0, 0, -76, -28, -19, -39, 2000},
  {0, 0, 0, -76, -28, -19, -39, 2000},
  {0, 0, 0, -76, -28, -19, -39, 2000},
  {0, 0, 0, -76, -28, -19, -39, 2000},
  {0, 0, 0, -76, -28, -19, -39, 2000},
  {0, 0, 0, -76, -28, -19, -39, 2000},
  {0, 0, 0, -76, -28, -19, -39, 2000},
  {0, 0, 0, -76, -28, -19, -39, 2000},
  {0, 0, 0, -76, -28, -19, -39, 2000},
  {0, 0, 0, -76, -28, -19, -39, 2000},
  {0, 0, 0, -76, -28, -19, -39, 2000},
  {0, 0, 0, -76, -28, -19, -39, 2000},
  {0, 0, 0, -76, -28, -19, -39, 2000},
  {0, 0, 0, -76, -28, -19, -39, 2000},
  {0, 0, 0, -76, -28, -19, -39, 2000},
  {0, 0, 0, -76, -28, -19, -39, 2000},
  {0, 0, 0, -76, -28, -19, -39, 2000},
  {0, 0, 0, -76, -28, -19, -39, 2000},
  {0, 0, 0, -76, -28, -19, -39, 2000},
  {0, 0, 0, -76, -28, -19, -39, 2000},
  {0, 0, 0, -76, -28, -19, -39, 2000},
  {0, 0, 0, -76, -28, -19, -39, 2000},
  {0, 0, 0, -76, -28, -19, -39, 2000},
  {0, 0, 0, -76, -28, -19, -39, 2000},
  {0, 0, 0, -76, -28, -19, -39, 2000},
  {0, 0, 0, -76, -28, -19, -39, 2000},
  {0, 0, 0, -76, -28, -19, -39, 2000},
  {0, 0, 0, -76, -28, -19, -39, 2000},
  {0, 0, 0, -76, -28, -19, -39, 2000},
  {0, 0, 0, -76, -28, -19, -39, 2000},
  {0, 0, 0, -76, -28, -19, -39, 2000},
  {0, 0, 0, -76, -28, -19, -39, 2000},
  {0, 0, 0, -76, -28, -19, -39, 2000},
  {0, 0, 0, -76, -28, -19, -39, 2000},
  {0, 0, 0, -76, -28, -19, -39, 2000},
  {0, 0, 0, -76, -28, -19, -39, 2000},
  {0, 0, 0, -76, -28, -19, -39, 2000},
  {0, 0, 0, -76, -28, -19, -39, 2000},
  {0, 0, 0, -76, -28, -19, -39, 2000},
  {0, 0, 0, -76, -28, -19, -39, 2000},
  {0, 0, 0, -76, -28, -19, -39, 2000},
  {0, 0, 0, -76, -28, -19, -39, 2000},
  {0, 0, 0, -76, -28, -19, -39, 2000},
  {0, 0, 0, -76, -28, -19, -39, 2000},
  {0, 0, 0, -76, -28, -19, -39, 2000},
  {0, 0, 0, -76, -28, -19, -39, 2000},
  {0, 0, 0, -76, -28, -19, -39, 2000},
  {0, 0, 0, -76, -28, -19, -39, 2000},
  {0, 0, 0, -76, -28, -19, -39, 2000},
  {0, 0, 0, -76, -28, -19, -39, 2000},
  {0, 0, 0, -76, -28, -19, -39, 2000},
  {0, 0, 0, -76, -28, -19, -39, 2000},
  {0, 0, 0, -76, -28, -19, -39, 2000},
  {0, 0, 0, -76, -28, -19, -39, 2000},
  {0, 0, 0, -76, -28, -19, -39, 2000},
  {0, 0, 0, -76, -28, -19, -39, 2000},
  {0, 0, 0, -76, -28, -19, -39, 2000},
  {0, 0, 0, -76, -28, -19, -39, 2000},
  {0, 0, 0, -76, -28, -19, -39, 2000},
  {0, 0, 0, -76, -28, -19, -39, 2000},
  {0, 0, 0, -76, -28, -19, -39, 2000},
  {0, 0, 0, -76, -28, -19, -39, 2000},
  {0, 0, 0, -76, -28, -19, -39, 2000},
  {0, 0, 0, -76, -28, -19, -39, 2000},
  {0, 0, 0, -76, -28, -19, -39, 2000},
  {0, 0, 0, -76, -28, -19, -39, 2000},
  {0, 0, 0, -76, -28, -19, -39, 2000},
  {0, 0, 0, -76, -28, -19, -39, 2000},
  {0, 0, 0, -76, -28, -19, -39, 2000},
  {0, 0, 0, -76, -28, -19, -39, 2000},
  {0, 0, 0, -76, -28, -19, -39, 2000},
  {0, 0, 0, -76, -28, -19, -39, 2000},
  {0, 0, 0, -76, -28, -19, -39, 2000},
  {0, 0, 0, -76, -28, -19, -39, 2000},
  {0, 0, 0, -76, -28, -19, -39, 2000},
  {0, 0, 0, -76, -28, -19, -39, 2000},
  {0, 0, 0, -76, -28, -19, -39, 2000},
  {0, 0, 0, -76, -28, -19, -39, 2000},
  {0, 0, 0, -76, -28, -19, -39, 2000},
  {0, 0, 0, -76, -28, -19, -39, 2000},
  {0, 0, 0, -76, -28, -19, -39, 2000},
  {0, 0, 0, -76, -28, -19, -39, 2000},
  {0, 0, 0, -76, -28, -19, -39, 2000},
  {0, 0, 0, -76, -28, -19, -39, 2000},
  {0, 0, 0, -76, -28, -19, -39, 2000},
  {0, 0, 0, -76, -28, -19, -39, 2000},
  {0, 0, 0, -76, -28, -19, -39, 2000},
  {0, 0, 0, -76, -28, -19, -38, 2000},
  {0, 0, 0, -76, -28, -19, -38, 2000},
  {0, 0, -1, -76, -28, -19, -38, 2000},
  {-1, 0, -1, -76, -28, -19, -38, 2000},
  {-1, 0, -2, -76, -28, -19, -38, 2000},
  {-2, 0, -3, -76, -28, -19, -37, 2000},
  {-3, 0, -4, -76, -28, -19, -37, 2000},
  {-3, 0, -5, -76, -28, -19, -37, 2000},
  {-4, 0, -6, -76, -28, -19, -36, 2000},
  {-5, 0, -8, -76, -28, -19, -35, 2000},
  {-7, 0, -9, -76, -28, -19, -35, 2000},
  {-8, 0, -11, -76, -28, -19, -34, 2000},
  {-9, 0, -13, -76, -28, -19, -34, 2000},
  {-10, 0, -15, -76, -28, -19, -33, 2000},
  {-12, 0, -17, -76, -28, -19, -32, 2000},
  {-13, 0, -18, -76, -28, -19, -32, 2000},
  {-14, 1, -20, -76, -28, -19, -31, 2000},
  {-16, 1, -22, -76, -28, -19, -30, 2000},
  {-17, 1, -24, -76, -28, -19, -30, 2000},
  {-18, 1, -26, -76, -28, -19, -29, 2000},
  {-19, 1, -27, -76, -28, -19, -28, 2000},
  {-21, 1, -29, -76, -28, -19, -28, 2000},
  {-22, 1, -31, -76, -28, -19, -27, 2000},
  {-23, 1, -33, -76, -28, -19, -26, 2000},
  {-25, 1, -35, -76, -28, -19, -26, 2000},
  {-26, 1, -36, -76, -28, -19, -25, 2000},
  {-27, 1, -38, -76, -28, -19, -24, 2000},
  {-28, 2, -40, -76, -28, -19, -24, 2000},
  {-30, 2, -42, -76, -28, -19, -23, 2000},
  {-31, 2, -44, -76, -28, -19, -22, 2000},
  {-32, 2, -46, -76, -28, -19, -22, 2000},
  {-34, 2, -47, -76, -28, -19, -21, 2000},
  {-35, 2, -49, -76, -28, -19, -20, 2000},
  {-36, 2, -51, -76, -28, -19, -20, 2000},
  {-37, 2, -53, -76, -28, -19, -19, 2000},
  {-39, 2, -55, -76, -28, -19, -18, 2000},
  {-40, 2, -56, -76, -28, -19, -18, 2000},
  {-41, 2, -58, -76, -28, -19, -17, 2000},
  {-43, 3, -60, -76, -28, -19, -16, 2000},
  {-44, 3, -62, -76, -28, -19, -16, 2000},
  {-45, 3, -64, -76, -28, -19, -15, 2000},
  {-46, 3, -65, -76, -28, -19, -14, 2000},
  {-48, 3, -67, -76, -28, -19, -14, 2000},
  {-49, 3, -69, -76, -28, -19, -13, 2000},
  {-50, 3, -71, -76, -28, -19, -12, 2000},
  {-52, 3, -73, -76, -28, -19, -12, 2000},
  {-53, 3, -74, -76, -28, -19, -11, 2000},
  {-54, 3, -76, -76, -28, -19, -10, 2000},
  {-55, 3, -78, -76, -28, -19, -10, 2000},
  {-57, 4, -80, -76, -28, -19, -9, 2000},
  {-58, 4, -82, -76, -28, -19, -8, 2000},
  {-59, 4, -83, -76, -28, -19, -8, 2000},
  {-60, 4, -85, -76, -28, -19, -7, 2000},
  {-62, 4, -87, -76, -28, -19, -7, 2000},
  {-63, 4, -88, -76, -28, -19, -6, 2000},
  {-63, 4, -89, -76, -28, -19, -6, 2000},
  {-64, 4, -90, -76, -28, -19, -5, 2000},
  {-65, 4, -91, -76, -28, -19, -5, 2000},
  {-65, 4, -92, -76, -28, -19, -4, 2000},
  {-66, 4, -93, -76, -28, -19, -4, 2000},
  {-66, 4, -93, -76, -28, -19, -4, 2000},
  {-67, 4, -94, -76, -28, -19, -4, 2000},
  {-67, 4, -94, -76, -28, -19, -4, 2000},
  {-67, 4, -94, -76, -28, -19, -4, 2000},
  {-67, 4, -94, -76, -28, -19, -4, 2000},
  {-67, 4, -94, -76, -28, -19, -4, 2000},
  {-67, 4, -94, -76, -28, -19, -4, 2000},
  {-67, 4, -94, -76, -28, -19, -4, 2000},
  {-67, 4, -94, -76, -28, -19, -4, 2000},
  {-67, 4, -94, -76, -28, -19, -4, 2000},
  {-67, 4, -94, -76, -28, -19, -4, 2000},
  {-67, 4, -94, -76, -28, -19, -4, 2000},
  {-67, 4, -94, -76, -28, -19, -4, 2000},
  {-67, 4, -94, -76, -28, -19, -4, 2000},
  {-67, 4, -94, -76, -28, -19, -4, 2000},
  {-67, 4, -94, -76, -28, -19, -4, 2000},
  {-67, 4, -94, -76, -28, -19, -4, 2000},
  {-67, 4, -94, -76, -28, -19, -4, 2000},
  {-67, 4, -94, -76, -28, -19, -4, 2000},
  {-67, 4, -94, -76, -28, -19, -4, 2000},
  {-67, 4, -94, -76, -28, -19, -4, 2000},
  {-67, 4, -94, -76, -28, -19, -4, 2000},
  {-67, 4, -94, -76, -28, -19, -4, 2000},
  {-67, 4, -94, -76, -28, -19, -4, 2000},
  {-67, 4, -94, -76, -28, -19, -4, 2000},
  {-67, 4, -94, -76, -28, -19, -4, 2000},
  {-67, 4, -94, -76, -28, -19, -4, 2000},
  {-67, 4, -94, -76, -28, -19, -4, 2000},
  {-67, 4, -94, -76, -28, -19, -4, 2000},
  {-67, 4, -94, -76, -28, -19, -4, 2000},
  {-67, 4, -94, -76, -28, -19, -4, 2000},
  {-67, 4, -94, -76, -28, -19, -4, 2000},
  {-67, 4, -94, -76, -28, -19, -4, 2000},
  {-67, 4, -94, -76, -28, -19, -4, 2000},
  {-67, 4, -94, -76, -28, -19, -4, 2000},
  {-67, 4, -94, -76, -28, -19, -4, 2000},
  {-67, 4, -94, -76, -28, -19, -4, 2000},
  {-67, 4, -94, -76, -28, -19, -4, 2000},
  {-67, 4, -94, -76, -28, -19, -4, 2000},
  {-67, 4, -94, -76, -28, -19, -4, 2000},
  {-67, 4, -94, -76, -28, -19, -4, 2000},
  {-67, 4, -94, -76, -28, -19, -4, 2000},
  {-67, 4, -94, -76, -28, -19, -4, 2000},
  {-67, 4, -94, -76, -28, -19, -4, 2000},
  {-67, 4, -94, -76, -28, -19, -4, 2000},
  {-67, 4, -94, -76, -28, -19, -4, 2000},
  {-67, 4, -94, -76, -28, -19, -4, 2000},
  {-67, 4, -94, -76, -28, -19, -4, 2000},
  {-67, 4, -94, -76, -28, -19, -4, 2000},
  {-67, 4, -94, -76, -28, -19, -4, 2000},
  {-67, 4, -94, -76, -28, -19, -4, 2000},
  {-67, 4, -94, -76, -28, -19, -4, 2000},
  {-67, 4, -94, -76, -28, -19, -4, 2000},
  {-67, 4, -94, -76, -28, -19, -4, 2000},
  {-67, 4, -94, -76, -28, -19, -4, 2000},
  {-67, 4, -94, -76, -28, -19, -4, 2000},
  {-67, 4, -94, -76, -28, -19, -4, 2000},
  {-67, 4, -94, -76, -28, -19, -4, 2000},
  {-67, 4, -94, -76, -28, -19, -4, 2000},
  {-67, 4, -94, -76, -28, -19, -4, 2000},
  {-67, 4, -94, -76, -28, -19, -4, 2000},
  {-67, 4, -94, -76, -28, -19, -4, 2000},
  {-67, 4, -94, -76, -28, -19, -4, 2000},
  {-67, 4, -94, -76, -28, -19, -4, 2000},
  {-67, 4, -94, -76, -28, -19, -4, 2000},
  {-67, 4, -94, -76, -28, -19, -4, 2000},
  {-67, 4, -94, -76, -28, -19, -4, 2000},
  {-67, 4, -94, -76, -28, -19, -4, 2000},
  {-67, 4, -94, -76, -28, -19, -4, 2000},
  {-67, 4, -94, -76, -28, -19, -4, 2000},
  {-67, 4, -94, -76, -28, -19, -4, 2000},
  {-67, 4, -94, -76, -28, -19, -4, 2000},
  {-67, 4, -94, -76, -28, -19, -4, 2000},
  {-67, 4, -94, -76, -28, -19, -4, 2000},
  {-67, 4, -94, -76, -28, -19, -4, 2000},
  {-67, 4, -94, -76, -28, -19, -4, 2000},
  {-67, 4, -94, -76, -28, -19, -4, 2000},
  {-67, 4, -94, -76, -28, -19, -4, 2000},
  {-67, 4, -94, -76, -28, -19, -4, 2000},
  {-67, 4, -94, -76, -28, -19, -4, 2000},
  {-67, 4, -94, -76, -28, -19, -4, 2000},
  {-67, 4, -94, -76, -28, -19, -4, 2000},
  {-67, 4, -94, -76, -28, -19, -4, 2000},
  {-67, 4, -94, -76, -28, -19, -4, 2000},
  {-67, 4, -94, -76, -28, -19, -4, 2000},
  {-67, 4, -94, -76, -28, -19, -4, 2000},
  {-67, 4, -94, -76, -28, -19, -4, 2000},
  {-67, 4, -94, -76, -28, -19, -4, 2000},
  {-67, 4, -94, -76, -28, -19, -4, 2000},
  {-67, 4, -94, -76, -28, -19, -4, 2000},
  {-67, 4, -94, -76, -28, -19, -4, 2000},
  {-67, 4, -94, -76, -28, -19, -4, 2000},
  {-67, 4, -94, -76, -28, -19, -4, 2000},
  {-67, 4, -94, -76, -28, -19, -4, 2000},
  {-67, 4, -94, -76, -28, -19, -4, 2000},
  {-67, 4, -94, -76, -28, -19, -4, 2000},
  {-67, 4, -94, -76, -28, -19, -4, 2000},
  {-67, 4, -94, -76, -28, -19, -4, 2000},
  {-67, 4, -94, -76, -28, -19, -4, 2000},
  {-67, 4, -94, -76, -28, -19, -4, 2000},
  {-67, 4, -94, -76, -28, -19, -4, 2000},
  {-67, 4, -94, -76, -28, -19, -4, 2000},
  {-67, 4, -94, -76, -28, -19, -4, 2000},
  {-67, 4, -94, -76, -28, -19, -4, 2000},
  {-67, 4, -94, -76, -28, -19, -4, 2000},
  {-67, 4, -94, -76, -28, -19, -4, 2000},
  {-67, 4, -94, -76, -28, -19, -4, 2000},
  {-67, 4, -94, -76, -28, -19, -4, 2000},
  {-67, 4, -94, -76, -28, -19, -4, 2000},
  {-67, 4, -94, -76, -28, -19, -4, 2000},
  {-67, 4, -94, -76, -28, -19, -4, 2000},
  {-67, 4, -94, -76, -28, -19, -4, 2000},
  {-67, 4, -94, -76, -28, -19, -4, 2000},
  {-67, 4, -94, -76, -28, -19, -4, 2000},
  {-67, 4, -94, -76, -28, -19, -4, 2000},
  {-67, 4, -94, -76, -28, -19, -4, 2000},
  {-67, 4, -94, -76, -28, -19, -4, 2000},
  {-67, 4, -94, -76, -28, -19, -4, 2000},
  {-67, 4, -94, -76, -28, -19, -4, 2000},
  {-67, 4, -94, -76, -28, -19, -4, 2000},
  {-67, 4, -94, -76, -28, -19, -4, 2000},
  {-67, 4, -94, -76, -28, -19, -4, 2000},
  {-67, 4, -94, -76, -28, -19, -4, 2000},
  {-67, 4, -94, -76, -28, -19, -4, 2000},
  {-67, 4, -94, -76, -28, -19, -4, 2000},
  {-67, 4, -94, -76, -28, -19, -4, 2000},
  {-67, 4, -94, -76, -28, -19, -4, 2000},
  {-67, 4, -94, -76, -28, -19, -4, 2000},
  {-67, 4, -94, -76, -28, -19, -4, 2000},
  {-67, 4, -94, -76, -28, -19, -4, 2000},
  {-67, 4, -94, -76, -28, -19, -4, 2000},
  {-67, 4, -94, -76, -28, -19, -4, 2000},
  {-67, 4, -94, -76, -28, -19, -4, 2000},
  {-67, 4, -94, -76, -28, -19, -4, 2000},
  {-67, 4, -94, -76, -28, -19, -4, 2000},
  {-67, 4, -94, -76, -28, -19, -4, 2000},
  {-67, 4, -94, -76, -28, -19, -4, 2000},
  {-67, 4, -94, -76, -28, -19, -4, 2000},
  {-67, 4, -94, -76, -28, -19, -4, 2000},
  {-67, 4, -94, -76, -28, -19, -4, 2000},
  {-67, 4, -94, -76, -28, -19, -4, 2000},
  {-67, 4, -94, -76, -28, -19, -4, 2000},
  {-67, 4, -94, -76, -28, -19, -4, 2000},
  {-67, 4, -94, -76, -28, -19, -4, 2000},
  {-67, 4, -94, -76, -28, -19, -4, 2000},
  {-67, 4, -94, -76, -28, -19, -4, 2000},
  {-67, 4, -94, -76, -28, -19, -4, 2000},
  {-67, 4, -94, -76, -28, -19, -4, 2000},
  {-67, 4, -94, -76, -28, -19, -4, 2000},
  {-67, 4, -94, -76, -28, -19, -4, 2000},
  {-67, 4, -94, -76, -28, -19, -4, 2000},
  {-67, 4, -94, -76, -28, -19, -4, 2000},
  {-67, 4, -94, -76, -28, -19, -4, 2000},
  {-67, 4, -94, -76, -28, -19, -4, 2000},
  {-67, 4, -94, -76, -28, -19, -4, 2000},
  {-67, 4, -94, -76, -28, -19, -4, 2000},
  {-67, 4, -94, -76, -28, -19, -4, 2000},
  {-67, 4, -94, -76, -28, -19, -4, 2000},
  {-67, 4, -94, -76, -28, -19, -4, 2000},
  {-67, 4, -94, -76, -28, -19, -4, 2000},
  {-67, 4, -94, -76, -28, -19, -4, 2000},
  {-67, 4, -94, -76, -28, -19, -4, 2000},
  {-67, 4, -94, -76, -28, -19, -4, 2000},
  {-67, 4, -94, -76, -28, -19, -4, 2000},
  {-67, 4, -94, -76, -28, -19, -4, 2000},
  {-67, 4, -94, -76, -28, -19, -4, 2000},
  {-67, 4, -94, -76, -28, -19, -4, 2000},
  {-67, 4, -94, -76, -28, -19, -4, 2000},
  {-67, 4, -94, -76, -28, -19, -4, 2000},
  {-67, 4, -94, -76, -28, -19, -4, 2000},
  {-67, 4, -94, -76, -28, -19, -4, 2000},
  {-67, 4, -94, -76, -28, -19, -4, 2000},
  {-67, 4, -94, -76, -28, -19, -4, 2000},
  {-67, 4, -94, -76, -28, -19, -4, 2000},
  {-67, 4, -94, -76, -28, -19, -4, 2000},
  {-67, 4, -94, -76, -28, -19, -4, 2000},
  {-67, 4, -94, -76, -28, -19, -4, 2000},
  {-67, 4, -94, -76, -28, -19, -4, 2000},
  {-67, 4, -94, -76, -28, -19, -4, 2000},
  {-67, 4, -94, -76, -28, -19, -4, 2000},
  {-67, 4, -94, -76, -28, -19, -4, 2000},
  {-67, 4, -94, -76, -28, -19, -4, 2000},
  {-67, 4, -94, -76, -28, -19, -4, 2000},
  {-67, 4, -94, -76, -28, -19, -4, 2000},
  {-67, 4, -94, -76, -28, -19, -4, 2000},
  {-67, 4, -94, -76, -28, -19, -4, 2000},
  {-67, 4, -94, -76, -28, -19, -4, 2000},
  {-67, 4, -94, -76, -28, -19, -4, 2000},
  {-67, 4, -94, -76, -28, -19, -4, 2000},
  {-67, 4, -94, -76, -28, -19, -4, 2000},
  {-67, 4, -94, -76, -28, -19, -4, 2000},
  {-67, 4, -94, -76, -28, -19, -4, 2000},
  {-67, 4, -94, -76, -28, -19, -4, 2000},
  {-67, 4, -94, -76, -28, -19, -4, 2000},
  {-67, 4, -94, -76, -28, -19, -4, 2000},
  {-67, 4, -94, -76, -28, -19, -4, 2000},
  {-67, 4, -94, -76, -28, -19, -4, 2000},
  {-67, 4, -94, -76, -28, -19, -4, 2000},
  {-67, 4, -94, -76, -28, -19, -4, 2000},
  {-67, 4, -94, -76, -28, -19, -4, 2000},
  {-67, 4, -94, -76, -28, -19, -4, 2000},
  {-67, 4, -94, -76, -28, -19, -4, 2000},
  {-67, 4, -94, -76, -28, -19, -4, 2000},
  {-67, 4, -94, -76, -28, -19, -4, 2000},
  {-67, 4, -94, -76, -28, -19, -4, 2000},
  {-67, 4, -94, -76, -28, -19, -4, 2000},
  {-67, 4, -94, -76, -28, -19, -4, 2000},
  {-67, 4, -94, -76, -28, -19, -4, 2000},
  {-67, 4, -94, -76, -28, -19, -4, 2000},
  {-67, 4, -94, -76, -28, -19, -4, 2000},
  {-67, 4, -94, -76, -28, -19, -4, 2000},
  {-67, 4, -94, -76, -28, -19, -4, 2000},
  {-67, 4, -94, -76, -28, -19, -4, 2000},
  {-67, 4, -94, -76, -28, -19, -4, 2000},
  {-67, 4, -94, -76, -28, -19, -4, 2000},
  {-67, 4, -94, -76, -28, -19, -4, 2000},
  {-67, 4, -94, -76, -28, -19, -4, 2000},
  {-67, 4, -94, -76, -28, -19, -4, 2000},
  {-67, 4, -94, -76, -28, -19, -4, 2000},
  {-67, 4, -94, -76, -28, -19, -4, 2000},
  {-67, 4, -94, -76, -28, -19, -4, 2000},
  {-67, 4, -94, -76, -28, -19, -4, 2000},
  {-67, 4, -94, -76, -28, -19, -4, 2000},
  {-67, 4, -94, -76, -28, -19, -4, 2000},
  {-67, 4, -94, -76, -28, -19, -4, 2000},
  {-67, 4, -94, -76, -28, -19, -4, 2000},
  {-67, 4, -94, -76, -28, -19, -4, 2000},
  {-67, 4, -94, -76, -28, -19, -4, 2000},
  {-67, 4, -94, -76, -28, -19, -4, 2000},
  {-67, 4, -94, -76, -28, -19, -4, 2000},
  {-67, 4, -94, -76, -28, -19, -4, 2000},
  {-67, 4, -94, -76, -28, -19, -4, 2000},
  {-67, 4, -94, -76, -28, -19, -4, 2000},
  {-67, 4, -94, -76, -28, -19, -4, 2000},
  {-67, 4, -94, -76, -28, -19, -4, 2000},
  {-67, 4, -94, -76, -28, -19, -4, 2000},
  {-67, 4, -94, -76, -28, -19, -4, 2000},
  {-67, 4, -94, -76, -28, -19, -4, 2000},
  {-67, 4, -94, -76, -28, -19, -4, 2000},
  {-67, 4, -94, -76, -28, -19, -4, 2000},
  {-67, 4, -94, -76, -28, -19, -4, 2000},
  {-67, 4, -94, -76, -28, -19, -4, 2000},
  {-67, 4, -94, -76, -28, -19, -4, 2000},
  {-67, 4, -94, -76, -28, -19, -4, 2000},
  {-67, 4, -94, -76, -28, -19, -4, 2000},
  {-67, 4, -94, -76, -28, -19, -4, 2000},
  {-67, 4, -94, -76, -28, -19, -4, 2000},
  {-67, 4, -94, -76, -28, -19, -4, 2000},
  {-67, 4, -94, -76, -28, -19, -4, 2000},
  {-67, 4, -94, -76, -28, -19, -4, 2000},
  {-67, 4, -94, -76, -28, -19, -4, 2000},
  {-67, 4, -94, -76, -28, -19, -4, 2000},
  {-67, 4, -94, -76, -28, -19, -4, 2000},
  {-67, 4, -94, -76, -28, -19, -4, 2000},
  {-67, 4, -94, -76, -28, -19, -4, 2000},
  {-67, 4, -94, -76, -28, -19, -4, 2000},
  {-67, 4, -94, -76, -28, -19, -4, 2000},
  {-67, 4, -94, -76, -28, -19, -4, 2000},
  {-67, 4, -94, -76, -28, -19, -4, 2000},
  {-67, 4, -94, -76, -28, -19, -4, 2000},
  {-67, 4, -94, -76, -28, -19, -4, 2000},
  {-67, 4, -94, -76, -28, -19, -4, 2000},
  {-67, 4, -94, -76, -28, -19, -4, 2000},
  {-67, 4, -94, -76, -28, -19, -4, 2000},
  {-67, 4, -94, -76, -28, -19, -4, 2000},
  {-67, 4, -94, -76, -28, -19, -4, 2000},
  {-67, 4, -94, -76, -28, -19, -4, 2000},
  {-67, 4, -94, -76, -28, -19, -4, 2000},
  {-67, 4, -94, -76, -28, -19, -4, 2000},
  {-67, 4, -94, -76, -28, -19, -4, 2000},
  {-67, 4, -94, -76, -28, -19, -4, 2000},
  {-67, 4, -94, -76, -28, -19, -4, 2000},
  {-67, 4, -94, -76, -28, -19, -4, 2000},
  {-67, 4, -94, -76, -28, -19, -4, 2000},
  {-67, 4, -94, -76, -28, -19, -4, 2000},
  {-67, 4, -94, -76, -28, -19, -4, 2000},
  {-67, 4, -94, -76, -28, -19, -4, 2000},
  {-67, 4, -94, -76, -28, -19, -4, 2000},
  {-67, 4, -94, -76, -28, -19, -4, 2000},
  {-67, 4, -94, -76, -28, -19, -4, 2000},
  {-67, 4, -94, -76, -28, -19, -4, 2000},
  {-67, 4, -94, -76, -28, -19, -4, 2000},
  {-67, 4, -94, -76, -28, -19, -4, 2000},
  {-67, 4, -94, -76, -28, -19, -4, 2000},
  {-67, 4, -94, -76, -28, -19, -4, 2000},
  {-67, 4, -94, -76, -28, -19, -4, 2000},
  {-67, 4, -94, -76, -28, -19, -4, 2000},
  {-67, 4, -94, -76, -28, -19, -4, 2000},
  {-67, 4, -94, -76, -28, -19, -4, 2000},
  {-67, 4, -94, -76, -28, -19, -4, 2000},
  {-67, 4, -94, -76, -28, -19, -4, 2000},
  {-67, 4, -94, -76, -28, -19, -4, 2000},
  {-67, 4, -94, -76, -28, -19, -4, 2000},
  {-67, 4, -94, -76, -28, -19, -4, 2000},
  {-67, 4, -94, -76, -28, -19, -4, 2000},
  {-67, 4, -94, -76, -28, -19, -4, 2000},
  {-67, 4, -94, -76, -28, -19, -4, 2000},
  {-67, 4, -94, -76, -28, -19, -4, 2000},
  {-67, 4, -94, -76, -28, -19, -4, 2000},
  {-67, 4, -94, -76, -28, -19, -4, 2000},
  {-67, 4, -94, -76, -28, -19, -4, 2000},
  {-67, 4, -94, -76, -28, -19, -4, 2000},
  {-67, 4, -94, -76, -28, -19, -4, 2000},
  {-67, 4, -94, -76, -28, -19, -4, 2000},
  {-67, 4, -94, -76, -28, -19, -4, 2000},
  {-67, 4, -94, -76, -28, -19, -4, 2000},
  {-67, 4, -94, -76, -28, -19, -4, 2000},
  {-67, 4, -94, -76, -28, -19, -4, 2000},
  {-67, 4, -94, -76, -28, -19, -4, 2000},
  {-67, 4, -94, -76, -28, -19, -4, 2000},
  {-67, 4, -94, -76, -28, -19, -4, 2000},
  {-67, 4, -94, -76, -28, -19, -4, 2000},
  {-67, 4, -94, -76, -28, -19, -4, 2000},
  {-67, 4, -94, -76, -28, -19, -4, 2000},
  {-67, 4, -94, -76, -28, -19, -4, 2000},
  {-67, 4, -94, -76, -28, -19, -4, 2000},
  {-67, 4, -94, -76, -28, -19, -4, 2000},
  {-67, 4, -94, -76, -28, -19, -4, 2000},
  {-67, 4, -94, -76, -28, -19, -4, 2000},
  {-67, 4, -94, -76, -28, -19, -4, 2000},
  {-67, 4, -94, -76, -28, -19, -4, 2000},
  {-67, 4, -94, -76, -28, -19, -4, 2000},
  {-67, 4, -94, -76, -28, -19, -4, 2000},
  {-67, 4, -94, -76, -28, -19, -4, 2000},
  {-67, 4, -94, -76, -28, -19, -4, 2000},
  {-67, 4, -94, -76, -28, -19, -4, 2000},
  {-67, 4, -94, -76, -28, -19, -4, 2000},
  {-67, 4, -94, -76, -28, -19, -4, 2000},
  {-67, 4, -94, -76, -28, -19, -4, 2000},
  {-67, 4, -94, -76, -28, -19, -4, 2000},
  {-67, 4, -94, -76, -28, -19, -4, 2000},
  {-67, 4, -94, -76, -28, -19, -4, 2000},
  {-67, 4, -94, -76, -28, -19, -4, 2000},
  {-67, 4, -94, -76, -28, -19, -4, 2000},
  {-67, 4, -94, -76, -28, -19, -4, 2000},
  {-67, 4, -94, -76, -28, -19, -4, 2000},
  {-67, 4, -94, -76, -28, -19, -4, 2000},
  {-67, 4, -94, -76, -28, -19, -4, 2000},
  {-67, 4, -94, -76, -28, -19, -4, 2000},
  {-67, 4, -94, -76, -28, -19, -4, 2000},
  {-67, 4, -94, -76, -28, -19, -4, 2000},
  {-67, 4, -94, -76, -28, -19, -4, 2000},
  {-67, 4, -94, -76, -28, -19, -4, 2000},
  {-67, 4, -94, -76, -28, -19, -4, 2000},
  {-67, 4, -94, -76, -28, -19, -4, 2000},
  {-67, 4, -94, -76, -28, -19, -4, 2000},
  {-67, 4, -94, -76, -28, -19, -4, 2000},
  {-67, 4, -94, -76, -28, -19, -4, 2000},
  {-67, 4, -94, -76, -28, -19, -4, 2000},
  {-67, 4, -94, -76, -28, -19, -4, 2000},
  {-67, 4, -94, -76, -28, -19, -4, 2000},
  {-67, 4, -94, -76, -28, -19, -4, 2000},
  {-67, 4, -94, -76, -28, -19, -4, 2000},
  {-67, 4, -94, -76, -28, -19, -4, 2000},
  {-67, 4, -94, -76, -28, -19, -4, 2000},
  {-67, 4, -94, -76, -28, -19, -4, 2000},
  {-67, 4, -94, -76, -28, -19, -4, 2000},
  {-67, 4, -94, -76, -28, -19, -4, 2000},
  {-67, 4, -94, -76, -28, -19, -4, 2000},
  {-67, 4, -94, -76, -28, -19, -4, 2000},
  {-67, 4, -94, -76, -28, -19, -4, 2000},
  {-67, 4, -94, -76, -28, -19, -4, 2000},
  {-67, 4, -94, -76, -28, -19, -4, 2000},
  {-67, 4, -94, -76, -28, -19, -4, 2000},
  {-67, 4, -94, -76, -28, -19, -4, 2000},
  {-67, 4, -94, -76, -28, -19, -4, 2000},
  {-67, 4, -94, -76, -28, -19, -4, 2000},
  {-67, 4, -94, -76, -28, -19, -4, 2000},
  {-67, 4, -94, -76, -28, -19, -4, 2000},
  {-67, 4, -94, -76, -28, -19, -4, 2000},
  {-67, 4, -94, -76, -28, -19, -4, 2000},
  {-67, 4, -94, -76, -28, -19, -4, 2000},
  {-67, 4, -94, -76, -28, -19, -4, 2000},
  {-67, 4, -94, -76, -28, -19, -4, 2000},
  {-67, 4, -94, -76, -28, -19, -4, 2000},
  {-67, 4, -94, -76, -28, -19, -4, 2000},
  {-67, 4, -94, -76, -28, -19, -4, 2000},
  {-67, 4, -94, -76, -28, -19, -4, 2000},
  {-67, 4, -94, -76, -28, -19, -4, 2000},
  {-67, 4, -94, -76, -28, -19, -4, 2000},
  {-67, 4, -94, -76, -28, -19, -4, 2000},
  {-67, 4, -94, -76, -28, -19, -4, 2000},
  {-67, 4, -94, -76, -28, -19, -4, 2000},
  {-67, 4, -94, -76, -28, -19, -4, 2000},
  {-67, 4, -94, -76, -28, -19, -4, 2000},
  {-67, 4, -94, -76, -28, -19, -4, 2000},
  {-67, 4, -94, -76, -28, -19, -4, 2000},
  {-67, 4, -94, -76, -28, -19, -4, 2000},
  {-67, 4, -94, -76, -28, -19, -4, 2000},
  {-67, 4, -94, -76, -28, -19, -4, 2000},
  {-67, 4, -94, -76, -28, -19, -4, 2000},
  {-67, 4, -94, -76, -28, -19, -4, 2000},
  {-67, 4, -94, -76, -28, -19, -4, 2000},
  {-67, 4, -94, -76, -28, -19, -4, 2000},
  {-67, 4, -94, -76, -28, -19, -4, 2000},
  {-67, 4, -94, -76, -28, -19, -4, 2000},
  {-67, 4, -94, -76, -28, -19, -4, 2000},
  {-67, 4, -94, -76, -28, -19, -4, 2000},
  {-67, 4, -94, -76, -28, -19, -4, 2000},
  {-67, 4, -94, -76, -28, -19, -4, 2000},
  {-67, 4, -94, -76, -28, -19, -4, 2000},
  {-67, 4, -94, -76, -28, -19, -4, 2000},
  {-67, 4, -94, -76, -28, -19, -4, 2000},
  {-67, 4, -94, -76, -28, -19, -4, 2000},
  {-67, 4, -94, -76, -28, -19, -4, 2000},
  {-67, 4, -94, -76, -28, -19, -4, 2000},
  {-67, 4, -94, -76, -28, -19, -4, 2000},
  {-67, 4, -94, -76, -28, -19, -4, 2000},
  {-67, 4, -94, -76, -28, -19, -4, 2000},
  {-67, 4, -94, -76, -28, -19, -4, 2000},
  {-67, 4, -94, -76, -28, -19, -4, 2000},
  {-67, 4, -94, -76, -28, -19, -4, 2000},
  {-67, 4, -94, -76, -28, -19, -4, 2000},
  {-67, 4, -94, -76, -28, -19, -4, 2000},
  {-67, 4, -94, -76, -28, -19, -4, 2000},
  {-67, 4, -94, -76, -28, -19, -4, 2000},
  {-67, 4, -94, -76, -28, -19, -4, 2000},
  {-67, 4, -94, -76, -28, -19, -4, 2000},
  {-67, 4, -94, -76, -28, -19, -4, 2000},
  {-67, 4, -94, -76, -28, -19, -4, 2000},
  {-67, 4, -94, -76, -28, -19, -4, 2000},
  {-67, 4, -94, -76, -28, -19, -4, 2000},
  {-67, 4, -94, -76, -28, -19, -4, 2000},
  {-67, 4, -94, -76, -28, -19, -4, 2000},
  {-67, 4, -94, -76, -28, -19, -4, 2000},
  {-67, 4, -94, -76, -28, -19, -4, 2000},
  {-67, 4, -94, -76, -28, -19, -4, 2000},
  {-67, 4, -94, -76, -28, -19, -4, 2000},
  {-67, 4, -94, -76, -28, -19, -4, 2000},
  {-67, 4, -94, -76, -28, -19, -4, 2000},
  {-67, 4, -94, -76, -28, -19, -4, 2000},
  {-67, 4, -94, -76, -28, -19, -4, 2000},
  {-67, 4, -94, -76, -28, -19, -4, 2000},
  {-67, 4, -94, -76, -28, -19, -4, 2000},
  {-67, 4, -94, -76, -28, -19, -4, 2000},
  {-67, 4, -94, -76, -28, -19, -4, 2000},
  {-67, 4, -94, -76, -28, -19, -4, 2000},
  {-67, 4, -94, -76, -28, -19, -4, 2000},
  {-67, 4, -94, -76, -28, -19, -4, 2000},
  {-67, 4, -94, -76, -28, -19, -4, 2000},
  {-67, 4, -94, -76, -28, -19, -4, 2000},
  {-67, 4, -94, -76, -28, -19, -4, 2000},
  {-67, 4, -94, -76, -28, -19, -4, 2000},
  {-67, 4, -94, -76, -28, -19, -4, 2000},
  {-67, 4, -94, -76, -28, -19, -4, 2000},
  {-67, 4, -94, -76, -28, -19, -4, 2000},
  {-67, 4, -94, -76, -28, -19, -4, 2000},
  {-67, 4, -94, -76, -28, -19, -4, 2000},
  {-67, 4, -94, -76, -28, -19, -4, 2000},
  {-67, 4, -94, -76, -28, -19, -4, 2000},
  {-67, 4, -94, -76, -28, -19, -4, 2000},
  {-67, 4, -94, -76, -28, -19, -4, 2000},
  {-67, 4, -94, -76, -28, -19, -4, 2000},
  {-67, 4, -94, -76, -28, -19, -4, 2000},
  {-67, 4, -94, -76, -28, -19, -4, 2000},
  {-67, 4, -94, -76, -28, -19, -4, 2000},
  {-67, 4, -94, -76, -28, -19, -4, 2000},
  {-67, 4, -94, -76, -28, -19, -4, 2000},
  {-67, 4, -94, -76, -28, -19, -4, 2000},
  {-67, 4, -94, -76, -28, -19, -4, 2000},
  {-67, 4, -94, -76, -28, -19, -4, 2000},
  {-67, 4, -94, -76, -28, -19, -4, 2000},
  {-67, 4, -94, -76, -28, -19, -4, 2000},
  {-67, 4, -94, -76, -28, -19, -4, 2000},
  {-67, 4, -94, -76, -28, -19, -4, 2000},
  {-67, 4, -94, -76, -28, -19, -4, 2000},
  {-67, 4, -94, -76, -28, -19, -4, 2000},
  {-67, 4, -94, -76, -28, -19, -4, 2000},
  {-67, 4, -94, -76, -28, -19, -4, 2000},
  {-67, 4, -94, -76, -28, -19, -4, 2000},
  {-67, 4, -94, -76, -28, -19, -4, 2000},
  {-67, 4, -94, -76, -28, -19, -4, 2000},
  {-67, 4, -94, -76, -28, -19, -4, 2000},
  {-67, 4, -94, -76, -28, -19, -4, 2000},
  {-67, 4, -94, -76, -28, -19, -4, 2000},
  {-67, 4, -94, -76, -28, -19, -4, 2000},
  {-67, 4, -94, -76, -28, -19, -4, 2000},
  {-67, 4, -94, -76, -28, -19, -4, 2000},
  {-67, 4, -94, -76, -28, -19, -4, 2000},
  {-67, 4, -94, -76, -28, -19, -4, 2000},
  {-67, 4, -94, -76, -28, -19, -4, 2000},
  {-67, 4, -94, -76, -28, -19, -4, 2000},
  {-67, 4, -94, -76, -28, -19, -4, 2000},
  {-67, 4, -94, -76, -28, -19, -4, 2000},
  {-67, 4, -94, -76, -28, -19, -4, 2000},
  {-67, 4, -94, -76, -28, -19, -4, 2000},
  {-67, 4, -94, -76, -28, -19, -4, 2000},
  {-67, 4, -94, -76, -28, -19, -4, 2000},
  {-67, 4, -94, -76, -28, -19, -4, 2000},
  {-67, 4, -94, -76, -28, -19, -4, 2000},
  {-67, 4, -94, -76, -28, -19, -4, 2000},
  {-67, 4, -94, -76, -28, -19, -4, 2000},
  {-67, 4, -94, -76, -28, -19, -4, 2000},
  {-67, 4, -94, -76, -28, -19, -4, 2000},
  {-67, 4, -94, -76, -28, -19, -4, 2000},
  {-67, 4, -94, -76, -28, -19, -4, 2000},
  {-67, 4, -94, -76, -28, -19, -4, 2000},
  {-67, 4, -94, -76, -28, -19, -4, 2000},
  {-67, 4, -94, -76, -28, -19, -4, 2000},
  {-67, 4, -94, -76, -28, -19, -4, 2000},
  {-67, 4, -94, -76, -28, -19, -4, 2000},
  {-67, 4, -94, -76, -28, -19, -4, 2000},
  {-67, 4, -94, -76, -28, -19, -4, 2000},
  {-67, 4, -94, -76, -28, -19, -4, 2000},
  {-67, 4, -94, -76, -28, -19, -4, 2000},
  {-67, 4, -94, -76, -28, -19, -4, 2000},
  {-67, 4, -94, -76, -28, -19, -4, 2000},
  {-67, 4, -94, -76, -28, -19, -4, 2000},
  {-67, 4, -94, -76, -28, -19, -4, 2000},
  {-67, 4, -94, -76, -28, -19, -4, 2000},
  {-67, 4, -94, -76, -28, -19, -4, 2000},
  {-67, 4, -94, -76, -28, -19, -4, 2000},
  {-67, 4, -94, -76, -28, -19, -4, 2000},
  {-67, 4, -94, -76, -28, -19, -4, 2000},
  {-67, 4, -94, -76, -28, -19, -4, 2000},
  {-67, 4, -94, -76, -28, -19, -4, 2000},
  {-67, 4, -94, -76, -28, -19, -4, 2000},
  {-67, 4, -94, -76, -28, -19, -4, 2000},
  {-67, 4, -94, -76, -28, -19, -4, 2000},
  {-67, 4, -94, -76, -28, -19, -4, 2000},
  {-67, 4, -94, -76, -28, -19, -4, 2000},
  {-67, 4, -94, -76, -28, -19, -4, 2000},
  {-67, 4, -94, -76, -28, -19, -4, 2000},
  {-67, 4, -94, -76, -28, -19, -4, 2000},
  {-67, 4, -94, -76, -28, -19, -4, 2000},
  {-67, 4, -94, -76, -28, -19, -4, 2000},
  {-67, 4, -94, -76, -28, -19, -4, 2000},
  {-67, 4, -94, -76, -28, -19, -4, 2000},
  {-67, 4, -94, -76, -28, -19, -4, 2000},
  {-67, 4, -94, -76, -28, -19, -4, 2000},
  {-67, 4, -94, -76, -28, -19, -4, 2000},
  {-67, 4, -94, -76, -28, -19, -4, 2000},
  {-67, 4, -94, -76, -28, -19, -4, 2000},
  {-67, 4, -94, -76, -28, -19, -4, 2000},
  {-67, 4, -94, -76, -28, -19, -4, 2000},
  {-67, 4, -94, -76, -28, -19, -4, 2000},
  {-67, 4, -94, -76, -28, -19, -4, 2000},
  {-67, 4, -94, -76, -28, -19, -4, 2000},
  {-67, 4, -94, -76, -28, -19, -4, 2000},
  {-67, 4, -94, -76, -28, -19, -4, 2000},
  {-67, 4, -94, -76, -28, -19, -4, 2000},
  {-67, 4, -94, -76, -28, -19, -4, 2000},
  {-67, 4, -94, -76, -28, -19, -4, 2000},
  {-67, 4, -94, -76, -28, -19, -4, 2000},
  {-67, 4, -94, -76, -28, -19, -4, 2000},
  {-67, 4, -94, -76, -28, -19, -4, 2000},
  {-67, 4, -94, -76, -28, -19, -4, 2000},
  {-67, 4, -94, -76, -28, -19, -4, 2000},
  {-67, 4, -94, -76, -28, -19, -4, 2000},
  {-67, 4, -94, -76, -28, -19, -4, 2000},
  {-67, 4, -94, -76, -28, -19, -4, 2000},
  {-67, 4, -94, -76, -28, -19, -4, 2000},
  {-67, 4, -94, -76, -28, -19, -4, 2000},
  {-67, 4, -94, -76, -28, -19, -4, 2000},
  {-67, 4, -94, -76, -28, -19, -4, 2000},
  {-67, 4, -94, -76, -28, -19, -4, 2000},
  {-67, 4, -94, -76, -28, -19, -4, 2000},
  {-67, 4, -94, -76, -28, -19, -4, 2000},
  {-67, 4, -94, -76, -28, -19, -4, 2000},
  {-67, 4, -94, -76, -28, -19, -4, 2000},
  {-67, 4, -94, -76, -28, -19, -4, 2000},
  {-67, 4, -94, -76, -28, -19, -4, 2000},
  {-67, 4, -94, -76, -28, -19, -4, 2000},
  {-67, 4, -94, -76, -28, -19, -4, 2000},
  {-67, 4, -94, -76, -28, -19, -4, 2000},
  {-67, 4, -94, -76, -28, -19, -4, 2000},
  {-67, 4, -94, -76, -28, -19, -4, 2000},
  {-67, 4, -94, -76, -28, -19, -4, 2000},
  {-67, 4, -94, -76, -28, -19, -4, 2000},
  {-67, 4, -94, -76, -28, -19, -4, 2000},
  {-67, 4, -94, -76, -28, -19, -4, 2000},
  {-67, 4, -94, -76, -28, -19, -4, 2000},
  {-67, 4, -94, -76, -28, -19, -4, 2000},
  {-67, 4, -94, -76, -28, -19, -4, 2000},
  {-67, 4, -94, -76, -28, -19, -4, 2000},
  {-67, 4, -94, -76, -28, -19, -4, 2000},
  {-67, 4, -94, -76, -28, -19, -4, 2000},
  {-67, 4, -94, -76, -28, -19, -4, 2000},
  {-67, 4, -94, -76, -28, -19, -4, 2000},
  {-67, 4, -94, -76, -28, -19, -4, 2000},
  {-67, 4, -94, -76, -28, -19, -4, 2000},
  {-67, 4, -94, -76, -28, -19, -4, 2000},
  {-67, 4, -94, -76, -28, -19, -4, 2000},
  {-67, 4, -94, -76, -28, -19, -4, 2000},
  {-67, 4, -94, -76, -28, -19, -4, 2000},
  {-67, 4, -94, -76, -28, -19, -4, 2000},
  {-67, 4, -94, -76, -28, -19, -4, 2000},
  {-67, 4, -94, -76, -28, -19, -4, 2000},
  {-67, 4, -94, -76, -28, -19, -4, 2000},
  {-67, 4, -94, -76, -28, -19, -4, 2000},
  {-67, 4, -94, -76, -28, -19, -4, 2000},
  {-67, 4, -94, -76, -28, -19, -4, 2000},
  {-67, 4, -94, -76, -28, -19, -4, 2000},
  {-67, 4, -94, -76, -28, -19, -4, 2000},
  {-67, 4, -94, -76, -28, -19, -4, 2000},
  {-67, 4, -94, -76, -28, -19, -4, 2000},
  {-67, 4, -94, -76, -28, -19, -4, 2000},
  {-67, 4, -94, -76, -28, -19, -4, 2000},
  {-67, 4, -94, -76, -28, -19, -4, 2000},
  {-67, 4, -94, -76, -28, -19, -4, 2000},
  {-67, 4, -94, -76, -28, -19, -4, 2000},
  {-67, 4, -94, -76, -28, -19, -4, 2000},
  {-67, 4, -94, -76, -28, -19, -4, 2000},
  {-67, 4, -94, -76, -28, -19, -4, 2000},
  {-67, 4, -94, -76, -28, -19, -4, 2000},
  {-67, 4, -94, -76, -28, -19, -4, 2000},
  {-67, 4, -94, -76, -28, -19, -4, 2000},
  {-67, 4, -94, -76, -28, -19, -4, 2000},
  {-67, 4, -94, -76, -28, -19, -4, 2000},
  {-67, 4, -94, -76, -28, -19, -4, 2000},
  {-67, 4, -94, -76, -28, -19, -4, 2000},
  {-67, 4, -94, -76, -28, -19, -4, 2000},
  {-67, 4, -94, -76, -28, -19, -4, 2000},
  {-67, 4, -94, -76, -28, -19, -4, 2000},
  {-67, 4, -94, -76, -28, -19, -4, 2000},
  {-67, 4, -94, -76, -28, -19, -4, 2000},
  {-67, 4, -94, -76, -28, -19, -4, 2000},
  {-67, 4, -94, -76, -28, -19, -4, 2000},
  {-67, 4, -94, -76, -28, -19, -4, 2000},
  {-67, 4, -94, -76, -28, -19, -4, 2000},
  {-67, 4, -94, -76, -28, -19, -4, 2000},
  {-67, 4, -94, -76, -28, -19, -4, 2000},
  {-67, 4, -94, -76, -28, -19, -4, 2000},
  {-67, 4, -94, -76, -28, -19, -4, 2000},
  {-67, 4, -94, -76, -28, -19, -4, 2000},
  {-67, 4, -94, -76, -28, -19, -4, 2000},
  {-67, 4, -94, -76, -28, -19, -4, 2000},
  {-67, 4, -94, -76, -28, -19, -4, 2000},
  {-67, 4, -94, -76, -28, -19, -4, 2000},
  {-67, 4, -94, -76, -28, -19, -4, 2000},
  {-67, 4, -94, -76, -28, -19, -4, 2000},
  {-67, 4, -94, -76, -28, -19, -4, 2000},
  {-67, 4, -94, -76, -28, -19, -4, 2000},
  {-67, 4, -94, -76, -28, -19, -4, 2000},
  {-67, 4, -94, -76, -28, -19, -4, 2000},
  {-67, 4, -94, -76, -28, -19, -4, 2000},
  {-66, 4, -93, -76, -28, -19, -4, 2000},
  {-66, 4, -93, -76, -28, -19, -4, 2000},
  {-65, 4, -92, -76, -28, -19, -4, 2000},
  {-65, 4, -91, -76, -28, -19, -4, 2000},
  {-64, 4, -90, -76, -28, -19, -4, 2000},
  {-63, 4, -89, -76, -28, -19, -4, 2000},
  {-63, 4, -88, -76, -28, -19, -4, 2000},
  {-62, 4, -87, -76, -28, -19, -3, 2000},
  {-60, 4, -85, -76, -28, -19, -3, 2000},
  {-59, 4, -83, -76, -28, -19, -3, 2000},
  {-58, 4, -82, -76, -28, -19, -3, 2000},
  {-57, 4, -80, -76, -28, -19, -3, 2000},
  {-55, 3, -78, -76, -28, -19, -3, 2000},
  {-54, 3, -76, -76, -28, -19, -3, 2000},
  {-53, 3, -74, -76, -28, -19, -3, 2000},
  {-52, 3, -73, -76, -28, -19, -3, 2000},
  {-50, 3, -71, -76, -28, -19, -3, 2000},
  {-49, 3, -69, -76, -28, -19, -3, 2000},
  {-48, 3, -67, -76, -28, -19, -3, 2000},
  {-46, 3, -65, -76, -28, -19, -2, 2000},
  {-45, 3, -64, -76, -28, -19, -2, 2000},
  {-44, 3, -62, -76, -28, -19, -2, 2000},
  {-43, 3, -60, -76, -28, -19, -2, 2000},
  {-41, 2, -58, -76, -28, -19, -2, 2000},
  {-40, 2, -56, -76, -28, -19, -2, 2000},
  {-39, 2, -54, -76, -28, -19, -2, 2000},
  {-37, 2, -53, -76, -28, -19, -2, 2000},
  {-36, 2, -51, -76, -28, -19, -2, 2000},
  {-35, 2, -49, -76, -28, -19, -2, 2000},
  {-34, 2, -47, -76, -28, -19, -2, 2000},
  {-32, 2, -45, -76, -28, -19, -2, 2000},
  {-31, 2, -44, -76, -28, -19, -2, 2000},
  {-30, 2, -42, -76, -28, -19, -1, 2000},
  {-28, 2, -40, -76, -28, -19, -1, 2000},
  {-27, 1, -38, -76, -28, -19, -1, 2000},
  {-26, 1, -36, -76, -28, -19, -1, 2000},
  {-25, 1, -35, -76, -28, -19, -1, 2000},
  {-23, 1, -33, -76, -28, -19, -1, 2000},
  {-22, 1, -31, -76, -28, -19, -1, 2000},
  {-21, 1, -29, -76, -28, -19, -1, 2000},
  {-19, 1, -27, -76, -28, -19, -1, 2000},
  {-18, 1, -26, -76, -28, -19, -1, 2000},
  {-17, 1, -24, -76, -28, -19, -1, 2000},
  {-16, 1, -22, -76, -28, -19, -1, 2000},
  {-14, 1, -20, -76, -28, -19, 0, 2000},
  {-13, 0, -18, -76, -28, -19, 0, 2000},
  {-12, 0, -17, -76, -28, -19, 0, 2000},
  {-10, 0, -15, -76, -28, -19, 0, 2000},
  {-9, 0, -13, -76, -28, -19, 0, 2000},
  {-8, 0, -11, -76, -28, -19, 0, 2000},
  {-7, 0, -9, -76, -28, -19, 0, 2000},
  {-5, 0, -8, -76, -28, -19, 0, 2000},
  {-4, 0, -6, -76, -28, -19, 0, 2000},
  {-3, 0, -5, -76, -28, -19, 0, 2000},
  {-3, 0, -4, -76, -28, -19, 0, 2000},
  {-2, 0, -3, -76, -28, -19, 0, 2000},
  {-1, 0, -2, -76, -28, -19, 0, 2000},
  {-1, 0, -1, -76, -28, -19, 0, 2000},
  {0, 0, -1, -76, -28, -19, 0, 2000},
  {0, 0, 0, -76, -28, -19, 0, 2000},
  {0, 0, 0, -76, -28, -19, 0, 2000},
  {0, 0, 0, -76, -28, -19, 0, 2000},
  {0, 0, 0, -76, -28, -19, 0, 2000},
  {0, 0, 0, -76, -28, -19, 0, 2000},
  {0, 0, 0, -76, -28, -19, 0, 2000},
  {0, 0, 0, -76, -28, -19, 0, 2000},
  {0, 0, 0, -76, -28, -19, 0, 2000},
  {0, 0, 0, -76, -28, -19, 0, 2000},
  {0, 0, 0, -76, -28, -19, 0, 2000},
  {0, 0, 0, -76, -28, -19, 0, 2000},
  {0, 0, 0, -76, -28, -19, 0, 2000},
  {0, 0, 0, -76, -28, -19, 0, 2000},
  {0, 0, 0, -76, -28, -19, 0, 2000},
  {0, 0, 0, -76, -28, -19, 0, 2000},
  {0, 0, 0, -76, -28, -19, 0, 2000},
  {0, 0, 0, -76, -28, -19, 0, 2000},
  {0, 0, 0, -76, -28, -19, 0, 2000},
  {0, 0, 0, -76, -28, -19, 0, 2000},
  {0, 0, 0, -76, -28, -19, 0, 2000},
  {0, 0, 0, -76, -28, -19, 0, 2000},
  {0, 0, 0, -76, -28, -19, 0, 2000},
  {0, 0, 0, -76, -28, -19, 0, 2000},
  {0, 0, 0, -76, -28, -19, 0, 2000},
  {0, 0, 0, -76, -28, -19, 0, 2000},
  {0, 0, 0, -76, -28, -19, 0, 2000},
  {0, 0, 0, -76, -28, -19, 0, 2000},
  {0, 0, 0, -76, -28, -19, 0, 2000},
  {0, 0, 0, -76, -28, -19, 0, 2000},
  {0, 0, 0, -76, -28, -19, 0, 2000},
  {0, 0, 0, -76, -28, -19, 0, 2000},
  {0, 0, 0, -76, -28, -19, 0, 2000},
  {0, 0, 0, -76, -28, -19, 0, 2000},
  {0, 0, 0, -76, -28, -19, 0, 2000},
  {0, 0, 0, -76, -28, -19, 0, 2000},
  {0, 0, 0, -76, -28, -19, 0, 2000},
  {0, 0, 0, -76, -28, -19, 0, 2000},
  {0, 0, 0, -76, -28, -19, 0, 2000},
  {0, 0, 0, -76, -28, -19, 0, 2000},
  {0, 0, 0, -76, -28, -19, 0, 2000},
  {0, 0, 0, -76, -28, -19, 0, 2000},
  {0, 0, 0, -76, -28, -19, 0, 2000},
  {0, 0, 0, -76, -28, -19, 0, 2000},
  {0, 0, 0, -76, -28, -19, 0, 2000},
  {0, 0, 0, -76, -28, -19, 0, 2000},
  {0, 0, 0, -76, -28, -19, 0, 2000},
  {0, 0, 0, -76, -28, -19, 0, 2000},
  {0, 0, 0, -76, -28, -19, 0, 2000},
  {0, 0, 0, -76, -28, -19, 0, 2000},
  {0, 0, 0, -76, -28, -19, 0, 2000},
  {0, 0, 0, -76, -28, -19, 0, 2000},
  {0, 0, 0, -76, -28, -19, 0, 2000},
  {0, 0, 0, -76, -28, -19, 0, 2000},
  {0, 0, 0, -76, -28, -19, 0, 2000},
  {0, 0, 0, -76, -28, -19, 0, 2000},
  {0, 0, 0, -76, -28, -19, 0, 2000},
  {0, 0, 0, -76, -28, -19, 0, 2000},
  {0, 0, 0, -76, -28, -19, 0, 2000},
  {0, 0, 0, -76, -28, -19, 0, 2000},
  {0, 0, 0, -76, -28, -19, 0, 2000},
  {0, 0, 0, -76, -28, -19, 0, 2000},
  {0, 0, 0, -76, -28, -19, 0, 2000},
  {0, 0, 0, -76, -28, -19, 0, 2000},
  {0, 0, 0, -76, -28, -19, 0, 2000},
  {0, 0, 0, -76, -28, -19, 0, 2000},
  {0, 0, 0, -76, -28, -19, 0, 2000},
  {0, 0, 0, -76, -28, -19, 0, 2000},
  {0, 0, 0, -76, -28, -19, 0, 2000},
  {0, 0, 0, -76, -28, -19, 0, 2000},
  {0, 0, 0, -76, -28, -19, 0, 2000},
  {0, 0, 0, -76, -28, -19, 0, 2000},
  {0, 0, 0, -76, -28, -19, 0, 2000},
  {0, 0, 0, -76, -28, -19, 0, 2000},
  {0, 0, 0, -76, -28, -19, 0, 2000},
  {0, 0, 0, -76, -28, -19, 0, 2000},
  {0, 0, 0, -76, -28, -19, 0, 2000},
  {0, 0, 0, -76, -27, -19, 0, 2000},
  {0, 0, 0, -75, -27, -19, 0, 2000},
  {0, 0, 0, -75, -27, -19, 0, 2000},
  {0, 0, 0, -74, -27, -19, 0, 2000},
  {0, 0, 0, -73, -26, -19, 0, 2000},
  {0, 0, 0, -72, -26, -18, 0, 2000},
  {0, 0, 0, -71, -26, -18, 0, 2000},
  {0, 0, 0, -69, -25, -18, 0, 2000},
  {0, 0, 0, -68, -25, -17, 0, 2000},
  {0, 0, 0, -66, -24, -17, 0, 2000},
  {0, 0, 0, -65, -23, -16, 0, 2000},
  {0, 0, 0, -63, -23, -16, 0, 2000},
  {0, 0, 0, -61, -22, -15, 0, 2000},
  {0, 0, 0, -59, -21, -15, 0, 2000},
  {0, 0, 0, -57, -21, -15, 0, 2000},
  {0, 0, 0, -56, -20, -14, 0, 2000},
  {0, 0, 0, -54, -19, -14, 0, 2000},
  {0, 0, 0, -52, -19, -13, 0, 2000},
  {0, 0, 0, -50, -18, -13, 0, 2000},
  {0, 0, 0, -48, -17, -12, 0, 2000},
  {0, 0, 0, -47, -17, -12, 0, 2000},
  {0, 0, 0, -45, -16, -11, 0, 2000},
  {0, 0, 0, -43, -15, -11, 0, 2000},
  {0, 0, 0, -41, -15, -10, 0, 2000},
  {0, 0, 0, -39, -14, -10, 0, 2000},
  {0, 0, 0, -38, -13, -9, 0, 2000},
  {0, 0, 0, -36, -13, -9, 0, 2000},
  {0, 0, 0, -34, -12, -8, 0, 2000},
  {0, 0, 0, -32, -12, -8, 0, 2000},
  {0, 0, 0, -30, -11, -8, 0, 2000},
  {0, 0, 0, -29, -10, -7, 0, 2000},
  {0, 0, 0, -27, -10, -7, 0, 2000},
  {0, 0, 0, -25, -9, -6, 0, 2000},
  {0, 0, 0, -23, -8, -6, 0, 2000},
  {0, 0, 0, -21, -8, -5, 0, 2000},
  {0, 0, 0, -20, -7, -5, 0, 2000},
  {0, 0, 0, -18, -6, -4, 0, 2000},
  {0, 0, 0, -16, -6, -4, 0, 2000},
  {0, 0, 0, -14, -5, -3, 0, 2000},
  {0, 0, 0, -12, -4, -3, 0, 2000},
  {0, 0, 0, -11, -4, -2, 0, 2000},
  {0, 0, 0, -9, -3, -2, 0, 2000},
  {0, 0, 0, -7, -2, -2, 0, 2000},
  {0, 0, 0, -6, -2, -1, 0, 2000},
  {0, 0, 0, -5, -1, -1, 0, 2000},
  {0, 0, 0, -3, -1, -1, 0, 2000},
  {0, 0, 0, -2, -1, 0, 0, 2000},
  {0, 0, 0, -2, 0, 0, 0, 2000},
  {0, 0, 0, -1, 0, 0, 0, 2000},
  {0, 0, 0, 0, 0, 0, 0, 2000},
  {0, 0, 0, 0, 0, 0, 0, 2000},
  {0, 0, 0, 0, 0, 0, 0, 2000},
  {0, 0, 0, 0, 0, 0, 0, 2000},
  {0, 0, 0, 0, 0, 0, 0, 2000},
  {0, 0, 0, 0, 0, 0, 0, 2000},
  {0, 0, 0, 0, 0, 0, 0, 2000},
  {0, 0, 0, 0, 0, 0, 0, 2000},
  {0, 0, 0, 0, 0, 0, 0, 2000},
  {0, 0, 0, 0, 0, 0, 0, 2000},
  {0, 0, 0, 0, 0, 0, 0, 2000},
  {0, 0, 0, 0, 0, 0, 0, 2000},
  {0, 0, 0, 0, 0, 0, 0, 2000},
  {0, 0, 0, 0, 0, 0, 0, 2000},
  {0, 0, 0, 0, 0, 0, 0, 2000},
  {0, 0, 0, 0, 0, 0, 0, 2000},
  {0, 0, 0, 0, 0, 0, 0, 2000},
  {0, 0, 0, 0, 0, 0, 0, 2000},
  {0, 0, 0, 0, 0, 0, 0, 2000},
  {0, 0, 0, 0, 0, 0, 0, 2000},
  {0, 0, 0, 0, 0, 0, 0, 2000},
  {0, 0, 0, 0, 0, 0, 0, 2000},
  {0, 0, 0, 0, 0, 0, 0, 2000},
  {0, 0, 0, 0, 0, 0, 0, 2000},
  {0, 0, 0, 0, 0, 0, 0, 2000},
  {0, 0, 0, 0, 0, 0, 0, 2000},
  {0, 0, 0, 0, 0, 0, 0, 2000},
  {0, 0, 0, 0, 0, 0, 0, 2000},
  {0, 0, 0, 0, 0, 0, 0, 2000},
  {0, 0, 0, 0, 0, 0, 0, 2000},
  {0, 0, 0, 0, 0, 0, 0, 2000},
  {0, 0, 0, 0, 0, 0, 0, 2000},
  {0, 0, 0, 0, 0, 0, 0, 2000},
  {0, 0, 0, 0, 0, 0, 0, 2000},
  {0, 0, 0, 0, 0, 0, 0, 2000},
  {0, 0, 0, 0, 0, 0, 0, 2000},
  {0, 0, 0, 0, 0, 0, 0, 2000},
  {0, 0, 0, 0, 0, 0, 0, 2000},
  {0, 0, 0, 0, 0, 0, 0, 2000},
  {0, 0, 0, 0, 0, 0, 0, 2000},
  {0, 0, 0, 0, 0, 0, 0, 2000},
  {0, 0, 0, 0, 0, 0, 0, 2000},
  {0, 0, 0, 0, 0, 0, 0, 2000},
  {0, 0, 0, 0, 0, 0, 0, 2000},
  {0, 0, 0, 0, 0, 0, 0, 2000},
  {0, 0, 0, 0, 0, 0, 0, 2000},
  {0, 0, 0, 0, 0, 0, 0, 2000},
  {0, 0, 0, 0, 0, 0, 0, 2000},
  {0, 0, 0, 0, 0, 0, 0, 2000},
  {0, 0, 0, 0, 0, 0, 0, 2000},
  {0, 0, 0, 0, 0, 0, 0, 2000},
  {0, 0, 0, 0, 0, 0, 0, 2000},
  {0, 0, 0, 0, 0, 0, 0, 2000},
  {0, 0, 0, 0, 0, 0, 0, 2000},
  {0, 0, 0, 0, 0, 0, 0, 2000},
  {0, 0, 0, 0, 0, 0, 0, 2000},
  {0, 0, 0, 0, 0, 0, 0, 2000},
  {0, 0, 0, 0, 0, 0, 0, 2000},
  {0, 0, 0, 0, 0, 0, 0, 2000},
  {0, 0, 0, 0, 0, 0, 0, 2000},
  {0, 0, 0, 0, 0, 0, 0, 2000},
  {0, 0, 0, 0, 0, 0, 0, 2000},
  {0, 0, 0, 0, 0, 0, 0, 2000},
  {0, 0, 0, 0, 0, 0, 0, 2000},
  {0, 0, 0, 0, 0, 0, 0, 2000},
  {0, 0, 0, 0, 0, 0, 0, 2000},
  {0, 0, 0, 0, 0, 0, 0, 2000},
  {0, 0, 0, 0, 0, 0, 0, 2000},
  {0, 0, 0, 0, 0, 0, 0, 2000},
  {0, 0, 0, 0, 0, 0, 0, 2000},
  {0, 0, 0, 0, 0, 0, 0, 2000},
  {0, 0, 0, 0, 0, 0, 0, 2000},
  {0, 0, 0, 0, 0, 0, 0, 2000},
  {0, 0, 0, 0, 0, 0, 0, 2000},
  {0, 0, 0, 0, 0, 0, 0, 2000},
  {0, 0, 0, 0, 0, 0, 0, 2000},
  {0, 0, 0, 0, 0, 0, 0, 2000},
  {0, 0, 0, 0, 0, 0, 0, 2000},
  {0, 0, 0, 0, 0, 0, 0, 2000},
  {0, 0, 0, 0, 0, 0, 0, 2000},
  {0, 0, 0, 0, 0, 0, 0, 2000},
  {0, 0, 0, 0, 0, 0, 0, 2000},
  {0, 0, 0, 0, 0, 0, 0, 2000},
  {0, 0, 0, 0, 0, 0, 0, 2000},
  {0, 0, 0, 0, 0, 0, 0, 2000},
  {0, 0, 0, 0, 0, 0, 0, 2000},
  {0, 0, 0, 0, 0, 0, 0, 2000},
  {0, 0, 0, 0, 0, 0, 0, 2000},
  {0, 0, 0, 0, 0, 0, 0, 2000},
  {0, 0, 0, 0, 0, 0, 0, 2000},
  {0, 0, 0, 0, 0, 0, 0, 2000},
  {0, 0, 0, 0, 0, 0, 0, 2000},
  {0, 0, 0, 0, 0, 0, 0, 2000},
  {0, 0, 0, 0, 0, 0, 0, 2000},
  {0, 0, 0, 0, 0, 0, 0, 2000},
  {0, 0, 0, 0, 0, 0, 0, 2000},
  {0, 0, 0, 0, 0, 0, 0, 2000},
  {0, 0, 0, 0, 0, 0, 0, 2000},
  {0, 0, 0, 0, 0, 0, 0, 2000},
  {0, 0, 0, 0, 0, 0, 0, 2000},
  {0, 0, 0, 0, 0, 0, 0, 2000},
  {0, 0, 0, 0, 0, 0, 0, 2000},
  {0, 0, 0, 0, 0, 0, 0, 2000},
  {0, 0, 0, 0, 0, 0, 0, 2000},
  {0, 0, 0, 0, 0, 0, 0, 2000},
  {0, 0, 0, 0, 0, 0, 0, 2000},
  {0, 0, 0, 0, 0, 0, 0, 2000},
  {0, 0, 0, 0, 0, 0, 0, 2000},
  {0, 0, 0, 0, 0, 0, 0, 2000},
  {0, 0, 0, 0, 0, 0, 0, 2000},
  {0, 0, 0, 0, 0, 0, 0, 2000},
  {0, 0, 0, 0, 0, 0, 0, 2000},
  {0, 0, 0, 0, 0, 0, 0, 2000},
  {0, 0, 0, 0, 0, 0, 0, 2000},
  {0, 0, 0, 0, 0, 0, 0, 2000},
  {0, 0, 0, 0, 0, 0, 0, 2000},
  {0, 0, 0, 0, 0, 0, 0, 2000},
  {0, 0, 0, 0, 0, 0, 0, 2000},
  {0, 0, 0, 0, 0, 0, 0, 2000},
  {0, 0, 0, 0, 0, 0, 0, 2000},
  {0, 0, 0, 0, 0, 0, 0, 2000},
  {0, 0, 0, 0, 0, 0, 0, 2000},
  {0, 0, 0, 0, 0, 0, 0, 2000},
  {0, 0, 0, 0, 0, 0, 0, 2000},
  {0, 0, 0, 0, 0, 0, 0, 2000},
  {0, 0, 0, 0, 0, 0, 0, 2000},
  {0, 0, 0, 0, 0, 0, 0, 2000},
  {0, 0, 0, 0, 0, 0, 0, 2000},
  {0, 0, 0, 0, 0, 0, 0, 2000},
  {0, 0, 0, 0, 0, 0, 0, 2000},
  {0, 0, 0, 0, 0, 0, 0, 2000},
  {0, 0, 0, 0, 0, 0, 0, 2000},
  {0, 0, 0, 0, 0, 0, 0, 2000},
  {0, 0, 0, 0, 0, 0, 0, 2000},
  {0, 0, 0, 0, 0, 0, 0, 2000},
  {0, 0, 0, 0, 0, 0, 0, 2000},
  {0, 0, 0, 0, 0, 0, 0, 2000},
  {0, 0, 0, 0, 0, 0, 0, 2000},
  {0, 0, 0, 0, 0, 0, 0, 2000},
  {0, 0, 0, 0, 0, 0, 0, 2000},
  {0, 0, 0, 0, 0, 0, 0, 2000},
  {0, 0, 0, 0, 0, 0, 0, 2000},
  {0, 0, 0, 0, 0, 0, 0, 2000},
  {0, 0, 0, 0, 0, 0, 0, 2000},
  {0, 0, 0, 0, 0, 0, 0, 2000},
  {0, 0, 0, 0, 0, 0, 0, 2000},
  {0, 0, 0, 0, 0, 0, 0, 2000},
  {0, 0, 0, 0, 0, 0, 0, 2000},
  {0, 0, 0, 0, 0, 0, 0, 2000},
  {0, 0, 0, 0, 0, 0, 0, 2000},
  {0, 0, 0, 0, 0, 0, 0, 2000},
  {0, 0, 0, 0, 0, 0, 0, 2000},
  {0, 0, 0, 0, 0, 0, 0, 2000},
  {0, 0, 0, 0, 0, 0, 0, 2000},
  {0, 0, 0, 0, 0, 0, 0, 2000},
  {0, 0, 0, 0, 0, 0, 0, 2000},
  {0, 0, 0, 0, 0, 0, 0, 2000},
  {0, 0, 0, 0, 0, 0, 0, 2000},
  {0, 0, 0, 0, 0, 0, 0, 2000},
  {0, 0, 0, 0, 0, 0, 0, 2000},
  {0, 0, 0, 0, 0, 0, 0, 2000},
  {0, 0, 0, 0, 0, 0, 0, 2000},
  {0, 0, 0, 0, 0, 0, 0, 2000},
  {0, 0, 0, 0, 0, 0, 0, 2000},
  {0, 0, 0, 0, 0, 0, 0, 2000},
  {0, 0, 0, 0, 0, 0, 0, 2000},
  {0, 0, 0, 0, 0, 0, 0, 2000},
  {0, 0, 0, 0, 0, 0, 0, 2000},
  {0, 0, 0, 0, 0, 0, 0, 2000},
  {0, 0, 0, 0, 0, 0, 0, 2000},
  {0, 0, 0, 0, 0, 0, 0, 2000},
  {0, 0, 0, 0, 0, 0, 0, 2000},
  {0, 0, 0, 0, 0, 0, 0, 2000},
  {0, 0, 0, 0, 0, 0, 0, 2000},
  {0, 0, 0, 0, 0, 0, 0, 2000},
  {0, 0, 0, 0, 0, 0, 0, 2000},
  {0, 0, 0, 0, 0, 0, 0, 2000},
  {0, 0, 0, 0, 0, 0, 0, 2000},
  {0, 0, 0, 0, 0, 0, 0, 2000},
  {0, 0, 0, 0, 0, 0, 0, 2000},
  {0, 0, 0, 0, 0, 0, 0, 2000},
  {0, 0, 0, 0, 0, 0, 0, 2000},
  {0, 0, 0, 0, 0, 0, 0, 2000},
  {0, 0, 0, 0, 0, 0, 0, 2000},
  {0, 0, 0, 0, 0, 0, 0, 2000},
  {0, 0, 0, 0, 0, 0, 0, 2000},
  {0, 0, 0, 0, 0, 0, 0, 2000},
  {0, 0, 0, 0, 0, 0, 0, 2000},
  {0, 0, 0, 0, 0, 0, 0, 2000},
  {0, 0, 0, 0, 0, 0, 0, 2000},
  {0, 0, 0, 0, 0, 0, 0, 2000},
  {0, 0, 0, 0, 0, 0, 0, 2000},
  {0, 0, 0, 0, 0, 0, 0, 2000},
  {0, 0, 0, 0, 0, 0, 0, 2000},
  {0, 0, 0, 0, 0, 0, 0, 2000},
  {0, 0, 0, 0, 0, 0, 0, 2000},
  {0, 0, 0, 0, 0, 0, 0, 2000},
  {0, 0, 0, 0, 0, 0, 0, 2000},
  {0, 0, 0, 0, 0, 0, 0, 2000},
  {0, 0, 0, 0, 0, 0, 0, 2000},
  {0, 0, 0, 0, 0, 0, 0, 2000},
  {0, 0, 0, 0, 0, 0, 0, 2000},
  {0, 0, 0, 0, 0, 0, 0, 2000},
  {0, 0, 0, 0, 0, 0, 0, 2000},
  {0, 0, 0, 0, 0, 0, 0, 2000},
  {0, 0, 0, 0, 0, 0, 0, 2000},
  {0, 0, 0, 0, 0, 0, 0, 2000},
  {0, 0, 0, 0, 0, 0, 0, 2000},
  {0, 0, 0, 0, 0, 0, 0, 2000},
  {0, 0, 0, 0, 0, 0, 0, 2000},
  {0, 0, 0, 0, 0, 0, 0, 2000},
  {0, 0, 0, 0, 0, 0, 0, 2000},
  {0, 0, 0, 0, 0, 0, 0, 2000},
  {0, 0, 0, 0, 0, 0, 0, 2000},
  {0, 0, 0, 0, 0, 0, 0, 2000},
  {0, 0, 0, 0, 0, 0, 0, 2000},
  {0, 0, 0, 0, 0, 0, 0, 2000},
  {0, 0, 0, 0, 0, 0, 0, 2000},
  {0, 0, 0, 0, 0, 0, 0, 2000},
  {0, 0, 0, 0, 0, 0, 0, 2000},
  {0, 0, 0, 0, 0, 0, 0, 2000},
  {0, 0, 0, 0, 0, 0, 0, 2000},
  {0, 0, 0, 0, 0, 0, 0, 2000},
  {0, 0, 0, 0, 0, 0, 0, 2000},
  {0, 0, 0, 0, 0, 0, 0, 2000},
  {0, 0, 0, 0, 0, 0, 0, 2000},
  {0, 0, 0, 0, 0, 0, 0, 2000},
  {0, 0, 0, 0, 0, 0, 0, 2000},
  {0, 0, 0, 0, 0, 0, 0, 2000},
  {0, 0, 0, 0, 0, 0, 0, 2000},
  {0, 0, 0, 0, 0, 0, 0, 2000},
  {0, 0, 0, 0, 0, 0, 0, 2000},
  {0, 0, 0, 0, 0, 0, 0, 2000},
  {0, 0, 0, 0, 0, 0, 0, 2000},
  {0, 0, 0, 0, 0, 0, 0, 2000},
  {0, 0, 0, 0, 0, 0, 0, 2000},
  {0, 0, 0, 0, 0, 0, 0, 2000},
  {0, 0, 0, 0, 0, 0, 0, 2000},
  {0, 0, 0, 0, 0, 0, 0, 2000},
  {0, 0, 0, 0, 0, 0, 0, 2000},
  {0, 0, 0, 0, 0, 0, 0, 2000},
  {0, 0, 0, 0, 0, 0, 0, 2000},
  {0, 0, 0, 0, 0, 0, 0, 2000},
  {0, 0, 0, 0, 0, 0, 0, 2000},
  {0, 0, 0, 0, 0, 0, 0, 2000},
  {0, 0, 0, 0, 0, 0, 0, 2000},
  {0, 0, 0, 0, 0, 0, 0, 2000},
  {0, 0, 0, 0, 0, 0, 0, 2000},
  {0, 0, 0, 0, 0, 0, 0, 2000},
  {0, 0, 0, 0, 0, 0, 0, 2000},
  {0, 0, 0, 0, 0, 0, 0, 2000},
  {0, 0, 0, 0, 0, 0, 0, 2000},
  {0, 0, 0, 0, 0, 0, 0, 2000},
  {0, 0, 0, 0, 0, 0, 0, 2000},
  {0, 0, 0, 0, 0, 0, 0, 2000},
  {0, 0, 0, 0, 0, 0, 0, 2000},
  {0, 0, 0, 0, 0, 0, 0, 2000},
  {0, 0, 0, 0, 0, 0, 0, 2000},
  {0, 0, 0, 0, 0, 0, 0, 2000},
  {0, 0, 0, 0, 0, 0, 0, 2000},
  {0, 0, 0, 0, 0, 0, 0, 2000},
  {0, 0, 0, 0, 0, 0, 0, 2000},
  {0, 0, 0, 0, 0, 0, 0, 2000},
  {0, 0, 0, 0, 0, 0, 0, 2000},
  {0, 0, 0, 0, 0, 0, 0, 2000},
  {0, 0, 0, 0, 0, 0, 0, 2000},
  {0, 0, 0, 0, 0, 0, 0, 2000},
  {0, 0, 0, 0, 0, 0, 0, 2000},
  {0, 0, 0, 0, 0, 0, 0, 2000},
  {0, 0, 0, 0, 0, 0, 0, 2000},
  {0, 0, 0, 0, 0, 0, 0, 2000},
  {0, 0, 0, 0, 0, 0, 0, 2000},
  {0, 0, 0, 0, 0, 0, 0, 2000},
  {0, 0, 0, 0, 0, 0, 0, 2000},
  {0, 0, 0, 0, 0, 0, 0, 2000},
  {0, 0, 0, 0, 0, 0, 0, 2000},
  {0, 0, 0, 0, 0, 0, 0, 2000},
  {0, 0, 0, 0, 0, 0, 0, 2000},
  {0, 0, 0, 0, 0, 0, 0, 2000},
  {0, 0, 0, 0, 0, 0, 0, 2000},
  {0, 0, 0, 0, 0, 0, 0, 2000},
  {0, 0, 0, 0, 0, 0, 0, 2000},
  {0, 0, 0, 0, 0, 0, 0, 2000},
  {0, 0, 0, 0, 0, 0, 0, 2000},
  {0, 0, 0, 0, 0, 0, 0, 2000},
  {0, 0, 0, 0, 0, 0, 0, 2000},
  {0, 0, 0, 0, 0, 0, 0, 2000},
  {0, 0, 0, 0, 0, 0, 0, 2000},
  {0, 0, 0, 0, 0, 0, 0, 2000},
  {0, 0, 0, 0, 0, 0, 0, 2000},
  {0, 0, 0, 0, 0, 0, 0, 2000},
  {0, 0, 0, 0, 0, 0, 0, 2000},
  {0, 0, 0, 0, 0, 0, 0, 2000},
  {0, 0, 0, 0, 0, 0, 0, 2000},
  {0, 0, 0, 0, 0, 0, 0, 2000},
  {0, 0, 0, 0, 0, 0, 0, 2000},
  {0, 0, 0, 0, 0, 0, 0, 2000},
  {0, 0, 0, 0, 0, 0, 0, 2000},
  {0, 0, 0, 0, 0, 0, 0, 2000},
  {0, 0, 0, 0, 0, 0, 0, 2000},
  {0, 0, 0, 0, 0, 0, 0, 2000},
  {0, 0, 0, 0, 0, 0, 0, 2000},
  {0, 0, 0, 0, 0, 0, 0, 2000},
  {0, 0, 0, 0, 0, 0, 0, 2000},
  {0, 0, 0, 0, 0, 0, 0, 2000},
  {0, 0, 0, 0, 0, 0, 0, 2000},
  {0, 0, 0, 0, 0, 0, 0, 2000},
  {0, 0, 0, 0, 0, 0, 0, 2000},
  {0, 0, 0, 0, 0, 0, 0, 2000},
  {0, 0, 0, 0, 0, 0, 0, 2000},
  {0, 0, 0, 0, 0, 0, 0, 2000},
  {0, 0, 0, 0, 0, 0, 0, 2000},
  {0, 0, 0, 0, 0, 0, 0, 2000},
  {0, 0, 0, 0, 0, 0, 0, 2000},
  {0, 0, 0, 0, 0, 0, 0, 2000},
  {0, 0, 0, 0, 0, 0, 0, 2000},
  {0, 0, 0, 0, 0, 0, 0, 2000},
  {0, 0, 0, 0, 0, 0, 0, 2000},
  {0, 0, 0, 0, 0, 0, 0, 2000},
  {0, 0, 0, 0, 0, 0, 0, 2000},
  {0, 0, 0, 0, 0, 0, 0, 2000},
  {0, 0, 0, 0, 0, 0, 0, 2000},
  {0, 0, 0, 0, 0, 0, 0, 2000},
  {0, 0, 0, 0, 0, 0, 0, 2000},
  {0, 0, 0, 0, 0, 0, 0, 2000},
  {0, 0, 0, 0, 0, 0, 0, 2000},
  {0, 0, 0, 0, 0, 0, 0, 2000},
  {0, 0, 0, 0, 0, 0, 0, 2000},
  {0, 0, 0, 0, 0, 0, 0, 2000},
  {0, 0, 0, 0, 0, 0, 0, 2000},
  {0, 0, 0, 0, 0, 0, 0, 2000},
  {0, 0, 0, 0, 0, 0, 0, 2000},
  {0, 0, 0, 0, 0, 0, 0, 2000},
  {0, 0, 0, 0, 0, 0, 0, 2000},
  {0, 0, 0, 0, 0, 0, 0, 2000},
  {0, 0, 0, 0, 0, 0, 0, 2000},
  {0, 0, 0, 0, 0, 0, 0, 2000},
  {0, 0, 0, 0, 0, 0, 0, 2000},
  {0, 0, 0, 0, 0, 0, 0, 2000},
  {0, 0, 0, 0, 0, 0, 0, 2000},
  {0, 0, 0, 0, 0, 0, 0, 2000},
  {0, 0, 0, 0, 0, 0, 0, 2000},
  {0, 0, 0, 0, 0, 0, 0, 2000},
  {0, 0, 0, 0, 0, 0, 0, 2000},
  {0, 0, 0, 0, 0, 0, 0, 2000},
  {0, 0, 0, 0, 0, 0, 0, 2000},
  {0, 0, 0, 0, 0, 0, 0, 2000},
  {0, 0, 0, 0, 0, 0, 0, 2000},
  {0, 0, 0, 0, 0, 0, 0, 2000},
  {0, 0, 0, 0, 0, 0, 0, 2000},
  {0, 0, 0, 0, 0, 0, 0, 2000},
  {0, 0, 0, 0, 0, 0, 0, 2000},
  {0, 0, 0, 0, 0, 0, 0, 2000},
  {0, 0, 0, 0, 0, 0, 0, 2000},
  {0, 0, 0, 0, 0, 0, 0, 2000},
  {0, 0, 0, 0, 0, 0, 0, 2000},
  {0, 0, 0, 0, 0, 0, 0, 2000},
  {0, 0, 0, 0, 0, 0, 0, 2000},
  {0, 0, 0, 0, 0, 0, 0, 2000},
  {0, 0, 0, 0, 0, 0, 0, 2000},
  {0, 0, 0, 0, 0, 0, 0, 2000},
  {0, 0, 0, 0, 0, 0, 0, 2000},
  {0, 0, 0, 0, 0, 0, 0, 2000},
  {0, 0, 0, 0, 0, 0, 0, 2000},
  {0, 0, 0, 0, 0, 0, 0, 2000},
  {0, 0, 0, 0, 0, 0, 0, 2000},
  {0, 0, 0, 0, 0, 0, 0, 2000},
  {0, 0, 0, 0, 0, 0, 0, 2000},
  {0, 0, 0, 0, 0, 0, 0, 2000},
  {0, 0, 0, 0, 0, 0, 0, 2000},
  {0, 0, 0, 0, 0, 0, 0, 2000},
  {0, 0, 0, 0, 0, 0, 0, 2000},
  {0, 0, 0, 0, 0, 0, 0, 2000},
  {0, 0, 0, 0, 0, 0, 0, 2000},
  {0, 0, 0, 0, 0, 0, 0, 2000},
  {0, 0, 0, 0, 0, 0, 0, 2000},
  {0, 0, 0, 0, 0, 0, 0, 2000},
  {0, 0, 0, 0, 0, 0, 0, 2000},
  {0, 0, 0, 0, 0, 0, 0, 2000},
  {0, 0, 0, 0, 0, 0, 0, 2000},
  {0, 0, 0, 0, 0, 0, 0, 2000},
  {0, 0, 0, 0, 0, 0, 0, 2000},
  {0, 0, 0, 0, 0, 0, 0, 2000},
  {0, 0, 0, 0, 0, 0, 0, 2000},
  {0, 0, 0, 0, 0, 0, 0, 2000},
  {0, 0, 0, 0, 0, 0, 0, 2000},
  {0, 0, 0, 0, 0, 0, 0, 2000},
  {0, 0, 0, 0, 0, 0, 0, 2000},
  {0, 0, 0, 0, 0, 0, 0, 2000},
  {0, 0, 0, 0, 0, 0, 0, 2000},
  {0, 0, 0, 0, 0, 0, 0, 2000},
  {0, 0, 0, 0, 0, 0, 0, 2000},
  {0, 0, 0, 0, 0, 0, 0, 2000},
  {0, 0, 0, 0, 0, 0, 0, 2000},
  {0, 0, 0, 0, 0, 0, 0, 2000},
  {0, 0, 0, 0, 0, 0, 0, 2000},
  {0, 0, 0, 0, 0, 0, 0, 2000},
  {0, 0, 0, 0, 0, 0, 0, 2000},
  {0, 0, 0, 0, 0, 0, 0, 2000},
  {0, 0, 0, 0, 0, 0, 0, 2000},
  {0, 0, 0, 0, 0, 0, 0, 2000},
  {0, 0, 0, 0, 0, 0, 0, 2000},
  {0, 0, 0, 0, 0, 0, 0, 2000},
  {0, 0, 0, 0, 0, 0, 0, 2000},
  {0, 0, 0, 0, 0, 0, 0, 2000},
  {0, 0, 0, 0, 0, 0, 0, 2000},
  {0, 0, 0, 0, 0, 0, 0, 2000},
  {0, 0, 0, 0, 0, 0, 0, 2000},
  {0, 0, 0, 0, 0, 0, 0, 2000},
  {0, 0, 0, 0, 0, 0, 0, 2000},
  {0, 0, 0, 0, 0, 0, 0, 2000},
  {0, 0, 0, 0, 0, 0, 0, 2000},
  {0, 0, 0, 0, 0, 0, 0, 2000},
  {0, 0, 0, 0, 0, 0, 0, 2000},
  {0, 0, 0, 0, 0, 0, 0, 2000},
  {0, 0, 0, 0, 0, 0, 0, 2000},
  {0, 0, 0, 0, 0, 0, 0, 2000},
  {0, 0, 0, 0, 0, 0, 0, 2000},
  {0, 0, 0, 0, 0, 0, 0, 2000},
  {0, 0, 0, 0, 0, 0, 0, 2000},
  {0, 0, 0, 0, 0, 0, 0, 2000},
  {0, 0, 0, 0, 0, 0, 0, 2000},
  {0, 0, 0, 0, 0, 0, 0, 2000},
  {0, 0, 0, 0, 0, 0, 0, 2000},
  {0, 0, 0, 0, 0, 0, 0, 2000},
  {0, 0, 0, 0, 0, 0, 0, 2000},
  {0, 0, 0, 0, 0, 0, 0, 2000},
  {0, 0, 0, 0, 0, 0, 0, 2000},
  {0, 0, 0, 0, 0, 0, 0, 2000},
  {0, 0, 0, 0, 0, 0, 0, 2000},
  {0, 0, 0, 0, 0, 0, 0, 2000},
  {0, 0, 0, 0, 0, 0, 0, 2000},
  {0, 0, 0, 0, 0, 0, 0, 2000},
  {0, 0, 0, 0, 0, 0, 0, 2000},
  {0, 0, 0, 0, 0, 0, 0, 2000},
  {0, 0, 0, 0, 0, 0, 0, 2000},
  {0, 0, 0, 0, 0, 0, 0, 2000},
  {0, 0, 0, 0, 0, 0, 0, 2000},
  {0, 0, 0, 0, 0, 0, 0, 2000},
  {0, 0, 0, 0, 0, 0, 0, 2000},
  {0, 0, 0, 0, 0, 0, 0, 2000},
  {0, 0, 0, 0, 0, 0, 0, 2000},
  {0, 0, 0, 0, 0, 0, 0, 2000},
  {0, 0, 0, 0, 0, 0, 0, 2000},
  {0, 0, 0, 0, 0, 0, 0, 2000},
  {0, 0, 0, 0, 0, 0, 0, 2000},
  {0, 0, 0, 0, 0, 0, 0, 2000},
  {0, 0, 0, 0, 0, 0, 0, 2000},
  {0, 0, 0, 0, 0, 0, 0, 2000},
  {0, 0, 0, 0, 0, 0, 0, 2000},
  {0, 0, 0, 0, 0, 0, 0, 2000},
  {0, 0, 0, 0, 0, 0, 0, 2000},
  {0, 0, 0, 0, 0, 0, 0, 2000},
  {0, 0, 0, 0, 0, 0, 0, 2000},
  {0, 0, 0, 0, 0, 0, 0, 2000},
  {0, 0, 0, 0, 0, 0, 0, 2000},
  {0, 0, 0, 0, 0, 0, 0, 2000},
  {0, 0, 0, 0, 0, 0, 0, 2000},
  {0, 0, 0, 0, 0, 0, 0, 2000},
  {0, 0, 0, 0, 0, 0, 0, 2000},
  {0, 0, 0, 0, 0, 0, 0, 2000},
  {0, 0, 0, 0, 0, 0, 0, 2000},
  {0, 0, 0, 0, 0, 0, 0, 2000},
  {0, 0, 0, 0, 0, 0, 0, 2000},
  {0, 0, 0, 0, 0, 0, 0, 2000},
  {0, 0, 0, 0, 0, 0, 0, 2000},
  {0, 0, 0, 0, 0, 0, 0, 2000},
  {0, 0, 0, 0, 0, 0, 0, 2000},
  {0, 0, 0, 0, 0, 0, 0, 2000},
  {0, 0, 0, 0, 0, 0, 0, 2000},
  {0, 0, 0, 0, 0, 0, 0, 2000},
  {0, 0, 0, 0, 0, 0, 0, 2000},
  {0, 0, 0, 0, 0, 0, 0, 2000},
  {0, 0, 0, 0, 0, 0, 0, 2000},
  {0, 0, 0, 0, 0, 0, 0, 2000},
  {0, 0, 0, 0, 0, 0, 0, 2000},
  {0, 0, 0, 0, 0, 0, 0, 2000},
  {0, 0, 0, 0, 0, 0, 0, 2000},
  {0, 0, 0, 0, 0, 0, 0, 2000},
  {0, 0, 0, 0, 0, 0, 0, 2000},
  {0, 0, 0, 0, 0, 0, 0, 2000},
  {0, 0, 0, 0, 0, 0, 0, 2000},
  {0, 0, 0, 0, 0, 0, 0, 2000},
  {0, 0, 0, 0, 0, 0, 0, 2000},
  {0, 0, 0, 0, 0, 0, 0, 2000},
  {0, 0, 0, 0, 0, 0, 0, 2000},
  {0, 0, 0, 0, 0, 0, 0, 2000},
  {0, 0, 0, 0, 0, 0, 0, 2000},
  {0, 0, 0, 0, 0, 0, 0, 2000},
  {0, 0, 0, 0, 0, 0, 0, 2000},
  {0, 0, 0, 0, 0, 0, 0, 2000},
  {0, 0, 0, 0, 0, 0, 0, 2000},
  {0, 0, 0, 0, 0, 0, 0, 2000},
  {0, 0, 0, 0, 0, 0, 0, 2000},
  {0, 0, 0, 0, 0, 0, 0, 2000},
  {0, 0, 0, 0, 0, 0, 0, 2000},
  {0, 0, 0, 0, 0, 0, 0, 2000},
  {0, 0, 0, 0, 0, 0, 0, 2000},
  {0, 0, 0, 0, 0, 0, 0, 2000},
  {0, 0, 0, 0, 0, 0, 0, 2000},
  {0, 0, 0, 0, 0, 0, 0, 2000},
  {0, 0, 0, 0, 0, 0, 0, 2000},
  {0, 0, 0, 0, 0, 0, 0, 2000},
  {0, 0, 0, 0, 0, 0, 0, 2000},
  {0, 0, 0, 0, 0, 0, 0, 2000},
  {0, 0, 0, 0, 0, 0, 0, 2000},
  {0, 0, 0, 0, 0, 0, 0, 2000},
  {0, 0, 0, 0, 0, 0, 0, 2000},
  {0, 0, 0, 0, 0, 0, 0, 2000},
  {0, 0, 0, 0, 0, 0, 0, 2000},
  {0, 0, 0, 0, 0, 0, 0, 2000},
  {0, 0, 0, 0, 0, 0, 0, 2000},
  {0, 0, 0, 0, 0, 0, 0, 2000},
  {0, 0, 0, 0, 0, 0, 0, 2000},
  {0, 0, 0, 0, 0, 0, 0, 2000},
  {0, 0, 0, 0, 0, 0, 0, 2000},
  {0, 0, 0, 0, 0, 0, 0, 2000},
  {0, 0, 0, 0, 0, 0, 0, 2000},
  {0, 0, 0, 0, 0, 0, 0, 2000},
  {0, 0, 0, 0, 0, 0, 0, 2000},
  {0, 0, 0, 0, 0, 0, 0, 2000},
  {0, 0, 0, 0, 0, 0, 0, 2000},
  {0, 0, 0, 0, 0, 0, 0, 2000},
  {0, 0, 0, 0, 0, 0, 0, 2000},
  {0, 0, 0, 0, 0, 0, 0, 2000},
  {0, 0, 0, 0, 0, 0, 0, 2000},
  {0, 0, 0, 0, 0, 0, 0, 2000},
  {0, 0, 0, 0, 0, 0, 0, 2000},
  {0, 0, 0, 0, 0, 0, 0, 2000},
  {0, 0, 0, 0, 0, 0, 0, 2000},
  {0, 0, 0, 0, 0, 0, 0, 2000},
  {0, 0, 0, 0, 0, 0, 0, 2000},
  {0, 0, 0, 0, 0, 0, 0, 2000},
  {0, 0, 0, 0, 0, 0, 0, 2000},
  {0, 0, 0, 0, 0, 0, 0, 2000},
  {0, 0, 0, 0, 0, 0, 0, 2000},
  {0, 0, 0, 0, 0, 0, 0, 2000},
  {0, 0, 0, 0, 0, 0, 0, 2000},
  {0, 0, 0, 0, 0, 0, 0, 2000},
  {0, 0, 0, 0, 0, 0, 0, 2000},
  {0, 0, 0, 0, 0, 0, 0, 2000},
  {0, 0, 0, 0, 0, 0, 0, 2000},
  {0, 0, 0, 0, 0, 0, 0, 2000},
  {0, 0, 0, 0, 0, 0, 0, 2000},
  {0, 0, 0, 0, 0, 0, 0, 2000},
  {0, 0, 0, 0, 0, 0, 0, 2000},
  {0, 0, 0, 0, 0, 0, 0, 2000},
  {0, 0, 0, 0, 0, 0, 0, 2000},
  {0, 0, 0, 0, 0, 0, 0, 2000},
  {0, 0, 0, 0, 0, 0, 0, 2000},
  {0, 0, 0, 0, 0, 0, 0, 2000},
  {0, 0, 0, 0, 0, 0, 0, 2000},
  {0, 0, 0, 0, 0, 0, 0, 2000},
  {0, 0, 0, 0, 0, 0, 0, 2000},
  {0, 0, 0, 0, 0, 0, 0, 2000},
  {0, 0, 0, 0, 0, 0, 0, 2000},
  {0, 0, 0, 0, 0, 0, 0, 2000},
  {0, 0, 0, 0, 0, 0, 0, 2000},
  {0, 0, 0, 0, 0, 0, 0, 2000},
  {0, 0, 0, 0, 0, 0, 0, 2000},
  {0, 0, 0, 0, 0, 0, 0, 2000},
  {0, 0, 0, 0, 0, 0, 0, 2000},
  {0, 0, 0, 0, 0, 0, 0, 2000},
  {0, 0, 0, 0, 0, 0, 0, 2000},
  {0, 0, 0, 0, 0, 0, 0, 2000},
  {0, 0, 0, 0, 0, 0, 0, 2000},
  {0, 0, 0, 0, 0, 0, 0, 2000},
  {0, 0, 0, 0, 0, 0, 0, 2000},
  {0, 0, 0, 0, 0, 0, 0, 2000},
  {0, 0, 0, 0, 0, 0, 0, 2000},
  {0, 0, 0, 0, 0, 0, 0, 2000},
  {0, 0, 0, 0, 0, 0, 0, 2000},
  {0, 0, 0, 0, 0, 0, 0, 2000},
  {0, 0, 0, 0, 0, 0, 0, 2000},
  {0, 0, 0, 0, 0, 0, 0, 2000},
  {0, 0, 0, 0, 0, 0, 0, 2000},
  {0, 0, 0, 0, 0, 0, 0, 2000},
  {0, 0, 0, 0, 0, 0, 0, 2000},
  {0, 0, 0, 0, 0, 0, 0, 2000},
  {0, 0, 0, 0, 0, 0, 0, 2000},
  {0, 0, 0, 0, 0, 0, 0, 2000},
  {0, 0, 0, 0, 0, 0, 0, 2000},
  {0, 0, 0, 0, 0, 0, 0, 2000},
  {0, 0, 0, 0, 0, 0, 0, 2000},
  {0, 0, 0, 0, 0, 0, 0, 2000},
  {0, 0, 0, 0, 0, 0, 0, 2000},
  {0, 0, 0, 0, 0, 0, 0, 2000},
  {0, 0, 0, 0, 0, 0, 0, 2000},
  {0, 0, 0, 0, 0, 0, 0, 2000},
  {0, 0, 0, 0, 0, 0, 0, 2000},
  {0, 0, 0, 0, 0, 0, 0, 2000},
  {0, 0, 0, 0, 0, 0, 0, 2000},
  {0, 0, 0, 0, 0, 0, 0, 2000},
  {0, 0, 0, 0, 0, 0, 0, 2000},
  {0, 0, 0, 0, 0, 0, 0, 2000},
  {0, 0, 0, 0, 0, 0, 0, 2000},
  {0, 0, 0, 0, 0, 0, 0, 2000},
  {0, 0, 0, 0, 0, 0, 0, 2000},
  {0, 0, 0, 0, 0, 0, 0, 2000},
  {0, 0, 0, 0, 0, 0, 0, 2000},
  {0, 0, 0, 0, 0, 0, 0, 2000},
  {0, 0, 0, 0, 0, 0, 0, 2000},
  {0, 0, 0, 0, 0, 0, 0, 2000},
  {0, 0, 0, 0, 0, 0, 0, 2000},
  {0, 0, 0, 0, 0, 0, 0, 2000},
  {0, 0, 0, 0, 0, 0, 0, 2000},
  {0, 0, 0, 0, 0, 0, 0, 2000},
  {0, 0, 0, 0, 0, 0, 0, 2000},
  {0, 0, 0, 0, 0, 0, 0, 2000},
  {0, 0, 0, 0, 0, 0, 0, 2000},
  {0, 0, 0, 0, 0, 0, 0, 2000},
  {0, 0, 0, 0, 0, 0, 0, 2000},
  {0, 0, 0, 0, 0, 0, 0, 2000},
  {0, 0, 0, 0, 0, 0, 0, 2000},
  {0, 0, 0, 0, 0, 0, 0, 2000},
  {0, 0, 0, 0, 0, 0, 0, 2000},
  {0, 0, 0, 0, 0, 0, 0, 2000},
  {0, 0, 0, 0, 0, 0, 0, 2000},
  {0, 0, 0, 0, 0, 0, 0, 2000},
  {0, 0, 0, 0, 0, 0, 0, 2000},
  {0, 0, 0, 0, 0, 0, 0, 2000},
  {0, 0, 0, 0, 0, 0, 0, 2000},
  {0, 0, 0, 0, 0, 0, 0, 2000},
  {0, 0, 0, 0, 0, 0, 0, 2000},
  {0, 0, 0, 0, 0, 0, 0, 2000},
  {0, 0, 0, 0, 0, 0, 0, 2000},
  {0, 0, 0, 0, 0, 0, 0, 2000},
  {0, 0, 0, 0, 0, 0, 0, 2000},
  {0, 0, 0, 0, 0, 0, 0, 2000},
  {0, 0, 0, 0, 0, 0, 0, 2000},
  {0, 0, 0, 0, 0, 0, 0, 2000},
  {0, 0, 0, 0, 0, 0, 0, 2000},
  {0, 0, 0, 0, 0, 0, 0, 2000},
  {0, 0, 0, 0, 0, 0, 0, 2000},
  {0, 0, 0, 0, 0, 0, 0, 2000},
  {0, 0, 0, 0, 0, 0, 0, 2000},
  {0, 0, 0, 0, 0, 0, 0, 2000},
  {0, 0, 0, 0, 0, 0, 0, 2000},
  {0, 0, 0, 0, 0, 0, 0, 2000},
  {0, 0, 0, 0, 0, 0, 0, 2000},
  {0, 0, 0, 0, 0, 0, 0, 2000},
  {0, 0, 0, 0, 0, 0, 0, 2000},
  {0, 0, 0, 0, 0, 0, 0, 2000},
  {0, 0, 0, 0, 0, 0, 0, 2000},
  {0, 0, 0, 0, 0, 0, 0, 2000},
  {0, 0, 0, 0, 0, 0, 0, 2000},
  {0, 0, 0, 0, 0, 0, 0, 2000},
  {0, 0, 0, 0, 0, 0, 0, 2000},
  {0, 0, 0, 0, 0, 0, 0, 2000},
  {0, 0, 0, 0, 0, 0, 0, 2000},
  {0, 0, 0, 0, 0, 0, 0, 2000},
  {0, 0, 0, 0, 0, 0, 0, 2000},
  {0, 0, 0, 0, 0, 0, 0, 2000},
  {0, 0, 0, 0, 0, 0, 0, 2000},
  {0, 0, 0, 0, 0, 0, 0, 2000},
  {0, 0, 0, 0, 0, 0, 0, 2000},
  {0, 0, 0, 0, 0, 0, 0, 2000},
  {0, 0, 0, 0, 0, 0, 0, 2000},
  {0, 0, 0, 0, 0, 0, 0, 2000},
  {0, 0, 0, 0, 0, 0, 0, 2000},
  {0, 0, 0, 0, 0, 0, 0, 2000},
  {0, 0, 0, 0, 0, 0, 0, 2000},
  {0, 0, 0, 0, 0, 0, 0, 2000},
  {0, 0, 0, 0, 0, 0, 0, 2000},
  {0, 0, 0, 0, 0, 0, 0, 2000},
  {0, 0, 0, 0, 0, 0, 0, 2000},
  {0, 0, 0, 0, 0, 0, 0, 2000},
  {0, 0, 0, 0, 0, 0, 0, 2000},
  {0, 0, 0, 0, 0, 0, 0, 2000},
  {0, 0, 0, 0, 0, 0, 0, 2000},
  {0, 0, 0, 0, 0, 0, 0, 2000},
  {0, 0, 0, 0, 0, 0, 0, 2000},
  {0, 0, 0, 0, 0, 0, 0, 2000},
  {0, 0, 0, 0, 0, 0, 0, 2000},
  {0, 0, 0, 0, 0, 0, 0, 2000},
  {0, 0, 0, 0, 0, 0, 0, 2000},
  {0, 0, 0, 0, 0, 0, 0, 2000},
  {0, 0, 0, 0, 0, 0, 0, 2000},
  {0, 0, 0, 0, 0, 0, 0, 2000},
  {0, 0, 0, 0, 0, 0, 0, 2000},
  {0, 0, 0, 0, 0, 0, 0, 2000},
  {0, 0, 0, 0, 0, 0, 0, 2000},
  {0, 0, 0, 0, 0, 0, 0, 2000},
  {0, 0, 0, 0, 0, 0, 0, 2000},
  {0, 0, 0, 0, 0, 0, 0, 2000},
  {0, 0, 0, 0, 0, 0, 0, 2000},
  {0, 0, 0, 0, 0, 0, 0, 2000},
  {0, 0, 0, 0, 0, 0, 0, 2000},
  {0, 0, 0, 0, 0, 0, 0, 2000},
  {0, 0, 0, 0, 0, 0, 0, 2000},
  {0, 0, 0, 0, 0, 0, 0, 2000},
  {0, 0, 0, 0, 0, 0, 0, 2000},
  {0, 0, 0, 0, 0, 0, 0, 2000},
  {0, 0, 0, 0, 0, 0, 0, 2000},
  {0, 0, 0, 0, 0, 0, 0, 2000},
  {0, 0, 0, 0, 0, 0, 0, 2000},
  {0, 0, 0, 0, 0, 0, 0, 2000},
  {0, 0, 0, 0, 0, 0, 0, 2000},
  {0, 0, 0, 0, 0, 0, 0, 2000},
  {0, 0, 0, 0, 0, 0, 0, 2000},
  {0, 0, 0, 0, 0, 0, 0, 2000},
  {0, 0, 0, 0, 0, 0, 0, 2000},
  {0, 0, 0, 0, 0, 0, 0, 2000},
  {0, 0, 0, 0, 0, 0, 0, 2000},
  {0, 0, 0, 0, 0, 0, 0, 2000},
  {0, 0, 0, 0, 0, 0, 0, 2000},
  {0, 0, 0, 0, 0, 0, 0, 2000},
  {0, 0, 0, 0, 0, 0, 0, 2000},
  {0, 0, 0, 0, 0, 0, 0, 2000},
  {0, 0, 0, 0, 0, 0, 0, 2000},
  {0, 0, 0, 0, 0, 0, 0, 2000},
  {0, 0, 0, 0, 0, 0, 0, 2000},
  {0, 0, 0, 0, 0, 0, 0, 2000},
  {0, 0, 0, 0, 0, 0, 0, 2000},
  {0, 0, 0, 0, 0, 0, 0, 2000},
  {0, 0, 0, 0, 0, 0, 0, 2000},
  {0, 0, 0, 0, 0, 0, 0, 2000},
  {0, 0, 0, 0, 0, 0, 0, 2000},
  {0, 0, 0, 0, 0, 0, 0, 2000},
  {0, 0, 0, 0, 0, 0, 0, 2000},
  {0, 0, 0, 0, 0, 0, 0, 2000},
  {0, 0, 0, 0, 0, 0, 0, 2000},
  {0, 0, 0, 0, 0, 0, 0, 2000},
  {0, 0, 0, 0, 0, 0, 0, 2000},
  {0, 0, 0, 0, 0, 0, 0, 2000},
  {0, 0, 0, 0, 0, 0, 0, 2000},
  {0, 0, 0, 0, 0, 0, 0, 2000},
  {0, 0, 0, 0, 0, 0, 0, 2000},
  {0, 0, 0, 0, 0, 0, 0, 2000},
  {0, 0, 0, 0, 0, 0, 0, 2000},
  {0, 0, 0, 0, 0, 0, 0, 2000},
  {0, 0, 0, 0, 0, 0, 0, 2000},
  {0, 0, 0, 0, 0, 0, 0, 2000},
  {0, 0, 0, 0, 0, 0, 0, 2000},
  {0, 0, 0, 0, 0, 0, 0, 2000},
  {0, 0, 0, 0, 0, 0, 0, 2000},
  {0, 0, 0, 0, 0, 0, 0, 2000},
  {0, 0, 0, 0, 0, 0, 0, 2000},
  {0, 0, 0, 0, 0, 0, 0, 2000},
  {0, 0, 0, 0, 0, 0, 0, 2000},
  {0, 0, 0, 0, 0, 0, 0, 2000},
  {0, 0, 0, 0, 0, 0, 0, 2000},
  {0, 0, 0, 0, 0, 0, 0, 2000},
  {0, 0, 0, 0, 0, 0, 0, 2000},
  {0, 0, 0, 0, 0, 0, 0, 2000},
  {0, 0, 0, 0, 0, 0, 0, 2000},
  {0, 0, 0, 0, 0, 0, 0, 2000},
  {0, 0, 0, 0, 0, 0, 0, 2000},
  {0, 0, 0, 0, 0, 0, 0, 2000},
  {0, 0, 0, 0, 0, 0, 0, 2000},
  {0, 0, 0, 0, 0, 0, 0, 2000},
  {0, 0, 0, 0, 0, 0, 0, 2000},
  {0, 0, 0, 0, 0, 0, 0, 2000},
  {0, 0, 0, 0, 0, 0, 0, 2000},
  {0, 0, 0, 0, 0, 0, 0, 2000},
  {0, 0, 0, 0, 0, 0, 0, 2000},
  {0, 0, 0, 0, 0, 0, 0, 2000},
  {0, 0, 0, 0, 0, 0, 0, 2000},
  {0, 0, 0, 0, 0, 0, 0, 2000},
  {0, 0, 0, 0, 0, 0, 0, 2000},
  {0, 0, 0, 0, 0, 0, 0, 2000},
  {0, 0, 0, 0, 0, 0, 0, 2000},
  {0, 0, 0, 0, 0, 0, 0, 2000},
  {0, 0, 0, 0, 0, 0, 0, 2000},
  {0, 0, 0, 0, 0, 0, 0, 2000},
  {0, 0, 0, 0, 0, 0, 0, 2000},
  {0, 0, 0, 0, 0, 0, 0, 2000},
  {0, 0, 0, 0, 0, 0, 0, 2000},
  {0, 0, 0, 0, 0, 0, 0, 2000},
  {0, 0, 0, 0, 0, 0, 0, 2000},
  {0, 0, 0, 0, 0, 0, 0, 2000},
  {0, 0, 0, 0, 0, 0, 0, 2000},
  {0, 0, 0, 0, 0, 0, 0, 2000},
  {0, 0, 0, 0, 0, 0, 0, 2000},
  {0, 0, 0, 0, 0, 0, 0, 2000},
  {0, 0, 0, 0, 0, 0, 0, 2000},
  {0, 0, 0, 0, 0, 0, 0, 2000},
  {0, 0, 0, 0, 0, 0, 0, 2000},
  {0, 0, 0, 0, 0, 0, 0, 2000},
  {0, 0, 0, 0, 0, 0, 0, 2000},
  {0, 0, 0, 0, 0, 0, 0, 2000},
  {0, 0, 0, 0, 0, 0, 0, 2000},
  {0, 0, 0, 0, 0, 0, 0, 2000},
  {0, 0, 0, 0, 0, 0, 0, 2000},
  {0, 0, 0, 0, 0, 0, 0, 2000},
  {0, 0, 0, 0, 0, 0, 0, 2000},
  {0, 0, 0, 0, 0, 0, 0, 2000},
  {0, 0, 0, 0, 0, 0, 0, 2000},
  {0, 0, 0, 0, 0, 0, 0, 2000},
  {0, 0, 0, 0, 0, 0, 0, 2000},
  {0, 0, 0, 0, 0, 0, 0, 2000},
  {0, 0, 0, 0, 0, 0, 0, 2000},
  {0, 0, 0, 0, 0, 0, 0, 2000},
  {0, 0, 0, 0, 0, 0, 0, 2000},
  {0, 0, 0, 0, 0, 0, 0, 2000},
  {0, 0, 0, 0, 0, 0, 0, 2000},
  {0, 0, 0, 0, 0, 0, 0, 2000},
  {0, 0, 0, 0, 0, 0, 0, 2000},
  {0, 0, 0, 0, 0, 0, 0, 2000},
  {0, 0, 0, 0, 0, 0, 0, 2000},
  {0, 0, 0, 0, 0, 0, 0, 2000},
  {0, 0, 0, 0, 0, 0, 0, 2000},
  {0, 0, 0, 0, 0, 0, 0, 2000},
  {0, 0, 0, 0, 0, 0, 0, 2000},
  {0, 0, 0, 0, 0, 0, 0, 2000},
  {0, 0, 0, 0, 0, 0, 0, 2000},
  {0, 0, 0, 0, 0, 0, 0, 2000},
  {0, 0, 0, 0, 0, 0, 0, 2000},
  {0, 0, 0, 0, 0, 0, 0, 2000},
  {0, 0, 0, 0, 0, 0, 0, 2000},
  {0, 0, 0, 0, 0, 0, 0, 2000},
  {0, 0, 0, 0, 0, 0, 0, 2000},
  {0, 0, 0, 0, 0, 0, 0, 2000},
  {0, 0, 0, 0, 0, 0, 0, 2000},
  {0, 0, 0, 0, 0, 0, 0, 2000},
  {0, 0, 0, 0, 0, 0, 0, 2000},
  {0, 0, 0, 0, 0, 0, 0, 2000},
  {0, 0, 0, 0, 0, 0, 0, 2000},
  {0, 0, 0, 0, 0, 0, 0, 2000},
  {0, 0, 0, 0, 0, 0, 0, 2000},
  {0, 0, 0, 0, 0, 0, 0, 2000},
  {0, 0, 0, 0, 0, 0, 0, 2000},
  {0, 0, 0, 0, 0, 0, 0, 2000},
  {0, 0, 0, 0, 0, 0, 0, 2000},
  {0, 0, 0, 0, 0, 0, 0, 2000},
  {0, 0, 0, 0, 0, 0, 0, 2000},
  {0, 0, 0, 0, 0, 0, 0, 2000},
  {0, 0, 0, 0, 0, 0, 0, 2000},
  {0, 0, 0, 0, 0, 0, 0, 2000},
  {0, 0, 0, 0, 0, 0, 0, 2000},
  {0, 0, 0, 0, 0, 0, 0, 2000},
  {0, 0, 0, 0, 0, 0, 0, 2000},
  {0, 0, 0, 0, 0, 0, 0, 2000},
  {0, 0, 0, 0, 0, 0, 0, 2000},
  {0, 0, 0, 0, 0, 0, 0, 2000},
  {0, 0, 0, 0, 0, 0, 0, 2000},
  {0, 0, 0, 0, 0, 0, 0, 2000},
  {0, 0, 0, 0, 0, 0, 0, 2000},
  {0, 0, 0, 0, 0, 0, 0, 2000},
  {0, 0, 0, 0, 0, 0, 0, 2000},
  {0, 0, 0, 0, 0, 0, 0, 2000},
  {0, 0, 0, 0, 0, 0, 0, 2000},
  {0, 0, 0, 0, 0, 0, 0, 2000},
  {0, 0, 0, 0, 0, 0, 0, 2000},
  {0, 0, 0, 0, 0, 0, 0, 2000},
  {0, 0, 0, 0, 0, 0, 0, 2000},
  {0, 0, 0, 0, 0, 0, 0, 2000},
  {0, 0, 0, 0, 0, 0, 0, 2000},
  {0, 0, 0, 0, 0, 0, 0, 2000},
  {0, 0, 0, 0, 0, 0, 0, 2000},
  {0, 0, 0, 0, 0, 0, 0, 2000},
  {0, 0, 0, 0, 0, 0, 0, 2000},
  {0, 0, 0, 0, 0, 0, 0, 2000},
  {0, 0, 0, 0, 0, 0, 0, 2000},
  {0, 0, 0, 0, 0, 0, 0, 2000},
  {0, 0, 0, 0, 0, 0, 0, 2000},
  {0, 0, 0, 0, 0, 0, 0, 2000},
  {0, 0, 0, 0, 0, 0, 0, 2000},
  {0, 0, 0, 0, 0, 0, 0, 2000},
  {0, 0, 0, 0, 0, 0, 0, 2000},
  {0, 0, 0, 0, 0, 0, 0, 2000},
  {0, 0, 0, 0, 0, 0, 0, 2000},
  {0, 0, 0, 0, 0, 0, 0, 2000},
  {0, 0, 0, 0, 0, 0, 0, 2000},
  {0, 0, 0, 0, 0, 0, 0, 2000},
  {0, 0, 0, 0, 0, 0, 0, 2000},
  {0, 0, 0, 0, 0, 0, 0, 2000},
  {0, 0, 0, 0, 0, 0, 0, 2000},
  {0, 0, 0, 0, 0, 0, 0, 2000},
  {0, 0, 0, 0, 0, 0, 0, 2000},
  {0, 0, 0, 0, 0, 0, 0, 2000},
  {0, 0, 0, 0, 0, 0, 0, 2000},
  {0, 0, 0, 0, 0, 0, 0, 2000},
  {0, 0, 0, 0, 0, 0, 0, 2000},
  {0, 0, 0, 0, 0, 0, 0, 2000},
  {0, 0, 0, 0, 0, 0, 0, 2000},
  {0, 0, 0, 0, 0, 0, 0, 2000},
  {0, 0, 0, 0, 0, 0, 0, 2000},
  {0, 0, 0, 0, 0, 0, 0, 2000},
  {0, 0, 0, 0, 0, 0, 0, 2000},
  {0, 0, 0, 0, 0, 0, 0, 2000},
  {0, 0, 0, 0, 0, 0, 0, 2000},
  {0, 0, 0, 0, 0, 0, 0, 2000},
  {0, 0, 0, 0, 0, 0, 0, 2000},
  {0, 0, 0, 0, 0, 0, 0, 2000},
  {0, 0, 0, 0, 0, 0, 0, 2000},
  {0, 0, 0, 0, 0, 0, 0, 2000},
  {0, 0, 0, 0, 0, 0, 0, 2000},
  {0, 0, 0, 0, 0, 0, 0, 2000},
  {0, 0, 0, 0, 0, 0, 0, 2000},
  {0, 0, 0, 0, 0, 0, 0, 2000},
  {0, 0, 0, 0, 0, 0, 0, 2000},
  {0, 0, 0, 0, 0, 0, 0, 2000},
  {0, 0, 0, 0, 0, 0, 0, 2000},
  {0, 0, 0, 0, 0, 0, 0, 2000},
  {0, 0, 0, 0, 0, 0, 0, 2000},
  {0, 0, 0, 0, 0, 0, 0, 2000},
  {0, 0, 0, 0, 0, 0, 0, 2000},
  {0, 0, 0, 0, 0, 0, 0, 2000},
  {0, 0, 0, 0, 0, 0, 0, 2000},
  {0, 0, 0, 0, 0, 0, 0, 2000},
  {0, 0, 0, 0, 0, 0, 0, 2000},
  {0, 0, 0, 0, 0, 0, 0, 2000},
  {0, 0, 0, 0, 0, 0, 0, 2000},
  {0, 0, 0, 0, 0, 0, 0, 2000},
  {0, 0, 0, 0, 0, 0, 0, 2000},
  {0, 0, 0, 0, 0, 0, 0, 2000},
  {0, 0, 0, 0, 0, 0, 0, 2000},
  {0, 0, 0, 0, 0, 0, 0, 2000},
  {0, 0, 0, 0, 0, 0, 0, 2000},
  {0, 0, 0, 0, 0, 0, 0, 2000},
  {0, 0, 0, 0, 0, 0, 0, 2000},
  {0, 0, 0, 0, 0, 0, 0, 2000},
  {0, 0, 0, 0, 0, 0, 0, 2000},
  {0, 0, 0, 0, 0, 0, 0, 2000},
  {0, 0, 0, 0, 0, 0, 0, 2000},
  {0, 0, 0, 0, 0, 0, 0, 2000},
  {0, 0, 0, 0, 0, 0, 0, 2000},
  {0, 0, 0, 0, 0, 0, 0, 2000},
  {0, 0, 0, 0, 0, 0, 0, 2000},
  {0, 0, 0, 0, 0, 0, 0, 2000},
  {0, 0, 0, 0, 0, 0, 0, 2000},
  {0, 0, 0, 0, 0, 0, 0, 2000},
  {0, 0, 0, 0, 0, 0, 0, 2000},
  {0, 0, 0, 0, 0, 0, 0, 2000},
  {0, 0, 0, 0, 0, 0, 0, 2000},
  {0, 0, 0, 0, 0, 0, 0, 2000},
  {0, 0, 0, 0, 0, 0, 0, 2000},
  {0, 0, 0, 0, 0, 0, 0, 2000},
  {0, 0, 0, 0, 0, 0, 0, 2000},
  {0, 0, 0, 0, 0, 0, 0, 2000},
  {0, 0, 0, 0, 0, 0, 0, 2000},
  {0, 0, 0, 0, 0, 0, 0, 2000},
  {0, 0, 0, 0, 0, 0, 0, 2000},
  {0, 0, 0, 0, 0, 0, 0, 2000},
  {0, 0, 0, 0, 0, 0, 0, 2000},
  {0, 0, 0, 0, 0, 0, 0, 2000},
  {0, 0, 0, 0, 0, 0, 0, 2000},
  {0, 0, 0, 0, 0, 0, 0, 2000},
  {0, 0, 0, 0, 0, 0, 0, 2000},
  {0, 0, 0, 0, 0, 0, 0, 2000},
  {0, 0, 0, 0, 0, 0, 0, 2000},
  {0, 0, 0, 0, 0, 0, 0, 2000},
  {0, 0, 0, 0, 0, 0, 0, 2000},
  {0, 0, 0, 0, 0, 0, 0, 2000},
  {0, 0, 0, 0, 0, 0, 0, 2000},
  {0, 0, 0, 0, 0, 0, 0, 2000},
  {0, 0, 0, 0, 0, 0, 0, 2000},
  {0, 0, 0, 0, 0, 0, 0, 2000},
  {0, 0, 0, 0, 0, 0, 0, 2000},
  {0, 0, 0, 0, 0, 0, 0, 2000},
  {0, 0, 0, 0, 0, 0, 0, 2000},
  {0, 0, 0, 0, 0, 0, 0, 2000},
  {0, 0, 0, 0, 0, 0, 0, 2000},
  {0, 0, 0, 0, 0, 0, 0, 2000},
  {0, 0, 0, 0, 0, 0, 0, 2000},
  {0, 0, 0, 0, 0, 0, 0, 2000},
  {0, 0, 0, 0, 0, 0, 0, 2000},
  {0, 0, 0, 0, 0, 0, 0, 2000},
  {0, 0, 0, 0, 0, 0, 0, 2000},
  {0, 0, 0, 0, 0, 0, 0, 2000},
  {0, 0, 0, 0, 0, 0, 0, 2000},
  {0, 0, 0, 0, 0, 0, 0, 2000},
  {0, 0, 0, 0, 0, 0, 0, 2000},
  {0, 0, 0, 0, 0, 0, 0, 2000},
  {0, 0, 0, 0, 0, 0, 0, 2000},
  {0, 0, 0, 0, 0, 0, 0, 2000},
  {0, 0, 0, 0, 0, 0, 0, 2000},
  {0, 0, 0, 0, 0, 0, 0, 2000},
  {0, 0, 0, 0, 0, 0, 0, 2000},
  {0, 0, 0, 0, 0, 0, 0, 2000},
  {0, 0, 0, 0, 0, 0, 0, 2000},
  {0, 0, 0, 0, 0, 0, 0, 2000},
  {0, 0, 0, 0, 0, 0, 0, 2000},
  {0, 0, 0, 0, 0, 0, 0, 2000},
  {0, 0, 0, 0, 0, 0, 0, 2000},
  {0, 0, 0, 0, 0, 0, 0, 2000},
  {0, 0, 0, 0, 0, 0, 0, 2000},
  {0, 0, 0, 0, 0, 0, 0, 2000},
  {0, 0, 0, 0, 0, 0, 0, 2000},
  {0, 0, 0, 0, 0, 0, 0, 2000},
  {0, 0, 0, 0, 0, 0, 0, 2000},
  {0, 0, 0, 0, 0, 0, 0, 2000},
  {0, 0, 0, 0, 0, 0, 0, 2000},
  {0, 0, 0, 0, 0, 0, 0, 2000},
  {0, 0, 0, 0, 0, 0, 0, 2000},
  {0, 0, 0, 0, 0, 0, 0, 2000},
  {0, 0, 0, 0, 0, 0, 0, 2000},
  {0, 0, 0, 0, 0, 0, 0, 2000},
  {0, 0, 0, 0, 0, 0, 0, 2000},
  {0, 0, 0, 0, 0, 0, 0, 2000},
  {0, 0, 0, 0, 0, 0, 0, 2000},
  {0, 0, 0, 0, 0, 0, 0, 2000},
  {0, 0, 0, 0, 0, 0, 0, 2000},
  {0, 0, 0, 0, 0, 0, 0, 2000},
  {0, 0, 0, 0, 0, 0, 0, 2000},
  {0, 0, 0, 0, 0, 0, 0, 2000},
  {0, 0, 0, 0, 0, 0, 0, 2000},
  {0, 0, 0, 0, 0, 0, 0, 2000},
  {0, 0, 0, 0, 0, 0, 0, 2000},
  {0, 0, 0, 0, 0, 0, 0, 2000},
  {0, 0, 0, 0, 0, 0, 0, 2000},
  {0, 0, 0, 0, 0, 0, 0, 2000},
  {0, 0, 0, 0, 0, 0, 0, 2000},
  {0, 0, 0, 0, 0, 0, 0, 2000},
  {0, 0, 0, 0, 0, 0, 0, 2000},
  {0, 0, 0, 0, 0, 0, 0, 2000},
  {0, 0, 0, 0, 0, 0, 0, 2000},
  {0, 0, 0, 0, 0, 0, 0, 2000},
  {0, 0, 0, 0, 0, 0, 0, 2000},
  {0, 0, 0, 0, 0, 0, 0, 2000},
  {0, 0, 0, 0, 0, 0, 0, 2000},
  {0, 0, 0, 0, 0, 0, 0, 2000},
  {0, 0, 0, 0, 0, 0, 0, 2000},
  {0, 0, 0, 0, 0, 0, 0, 2000},
  {0, 0, 0, 0, 0, 0, 0, 2000},
  {0, 0, 0, 0, 0, 0, 0, 2000},
  {0, 0, 0, 0, 0, 0, 0, 2000},
  {0, 0, 0, 0, 0, 0, 0, 2000},
  {0, 0, 0, 0, 0, 0, 0, 2000},
  {0, 0, 0, 0, 0, 0, 0, 2000},
  {0, 0, 0, 0, 0, 0, 0, 2000},
  {0, 0, 0, 0, 0, 0, 0, 2000},
  {0, 0, 0, 0, 0, 0, 0, 2000},
  {0, 0, 0, 0, 0, 0, 0, 2000},
  {0, 0, 0, 0, 0, 0, 0, 2000},
  {0, 0, 0, 0, 0, 0, 0, 2000},
  {0, 0, 0, 0, 0, 0, 0, 2000},
  {0, 0, 0, 0, 0, 0, 0, 2000},
  {0, 0, 0, 0, 0, 0, 0, 2000},
  {0, 0, 0, 0, 0, 0, 0, 2000},
  {0, 0, 0, 0, 0, 0, 0, 2000},
  {0, 0, 0, 0, 0, 0, 0, 2000},
  {0, 0, 0, 0, 0, 0, 0, 2000},
  {0, 0, 0, 0, 0, 0, 0, 2000},
  {0, 0, 0, 0, 0, 0, 0, 2000},
  {0, 0, 0, 0, 0, 0, 0, 2000},
  {0, 0, 0, 0, 0, 0, 0, 2000},
  {0, 0, 0, 0, 0, 0, 0, 2000},
  {0, 0, 0, 0, 0, 0, 0, 2000},
  {0, 0, 0, 0, 0, 0, 0, 2000},
  {0, 0, 0, 0, 0, 0, 0, 2000},
  {0, 0, 0, 0, 0, 0, 0, 2000},
  {0, 0, 0, 0, 0, 0, 0, 2000},
  {0, 0, 0, 0, 0, 0, 0, 2000},
  {0, 0, 0, 0, 0, 0, 0, 2000},
  {0, 0, 0, 0, 0, 0, 0, 2000},
  {0, 0, 0, 0, 0, 0, 0, 2000},
  {0, 0, 0, 0, 0, 0, 0, 2000},
  {0, 0, 0, 0, 0, 0, 0, 2000},
  {0, 0, 0, 0, 0, 0, 0, 2000},
  {0, 0, 0, 0, 0, 0, 0, 2000},
  {0, 0, 0, 0, 0, 0, 0, 2000},
  {0, 0, 0, 0, 0, 0, 0, 2000},
  {0, 0, 0, 0, 0, 0, 0, 2000},
  {0, 0, 0, 0, 0, 0, 0, 2000},
  {0, 0, 0, 0, 0, 0, 0, 2000},
  {0, 0, 0, 0, 0, 0, 0, 2000},
  {0, 0, 0, 0, 0, 0, 0, 2000},
  {0, 0, 0, 0, 0, 0, 0, 2000},
  {0, 0, 0, 0, 0, 0, 0, 2000},
  {0, 0, 0, 0, 0, 0, 0, 2000},
  {0, 0, 0, 0, 0, 0, 0, 2000},
  {0, 0, 0, 0, 0, 0, 0, 2000},
  {0, 0, 0, 0, 0, 0, 0, 2000},
  {0, 0, 0, 0, 0, 0, 0, 2000},
  {0, 0, 0, 0, 0, 0, 0, 2000},
  {0, 0, 0, 0, 0, 0, 0, 2000},
  {0, 0, 0, 0, 0, 0, 0, 2000},
  {0, 0, 0, 0, 0, 0, 0, 2000},
  {0, 0, 0, 0, 0, 0, 0, 2000},
  {0, 0, 0, 0, 0, 0, 0, 2000},
  {0, 0, 0, 0, 0, 0, 0, 2000},
  {0, 0, 0, 0, 0, 0, 0, 2000},
  {0, 0, 0, 0, 0, 0, 0, 2000},
  {0, 0, 0, 0, 0, 0, 0, 2000},
  {0, 0, 0, 0, 0, 0, 0, 2000},
  {0, 0, 0, 0, 0, 0, 0, 2000},
  {0, 0, 0, 0, 0, 0, 0, 2000},
  {0, 0, 0, 0, 0, 0, 0, 2000},
  {0, 0, 0, 0, 0, 0, 0, 2000},
  {0, 0, 0, 0, 0, 0, 0, 2000},
  {0, 0, 0, 0, 0, 0, 0, 2000},
  {0, 0, 0, 0, 0, 0, 0, 2000},
  {0, 0, 0, 0, 0, 0, 0, 2000},
  {0, 0, 0, 0, 0, 0, 0, 2000},
  {0, 0, 0, 0, 0, 0, 0, 2000},
  {0, 0, 0, 0, 0, 0, 0, 2000},
  {0, 0, 0, 0, 0, 0, 0, 2000},
  {0, 0, 0, 0, 0, 0, 0, 2000},
  {0, 0, 0, 0, 0, 0, 0, 2000},
  {0, 0, 0, 0, 0, 0, 0, 2000},
  {0, 0, 0, 0, 0, 0, 0, 2000},
  {0, 0, 0, 0, 0, 0, 0, 2000},
  {0, 0, 0, 0, 0, 0, 0, 2000},
  {0, 0, 0, 0, 0, 0, 0, 2000},
  {0, 0, 0, 0, 0, 0, 0, 2000},
  {0, 0, 0, 0, 0, 0, 0, 2000},
  {0, 0, 0, 0, 0, 0, 0, 2000},
  {0, 0, 0, 0, 0, 0, 0, 2000},
  {0, 0, 0, 0, 0, 0, 0, 2000},
  {0, 0, 0, 0, 0, 0, 0, 2000},
  {0, 0, 0, 0, 0, 0, 0, 2000},
  {0, 0, 0, 0, 0, 0, 0, 2000},
  {0, 0, 0, 0, 0, 0, 0, 2000},
  {0, 0, 0, 0, 0, 0, 0, 2000},
  {0, 0, 0, 0, 0, 0, 0, 2000},
  {0, 0, 0, 0, 0, 0, 0, 2000},
  {0, 0, 0, 0, 0, 0, 0, 2000},
  {0, 0, 0, 0, 0, 0, 0, 2000},
  {0, 0, 0, 0, 0, 0, 0, 2000},
  {0, 0, 0, 0, 0, 0, 0, 2000},
  {0, 0, 0, 0, 0, 0, 0, 2000},
  {0, 0, 0, 0, 0, 0, 0, 2000},
  {0, 0, 0, 0, 0, 0, 0, 2000},
  {0, 0, 0, 0, 0, 0, 0, 2000},
  {0, 0, 0, 0, 0, 0, 0, 2000},
  {0, 0, 0, 0, 0, 0, 0, 2000},
  {0, 0, 0, 0, 0, 0, 0, 2000},
  {0, 0, 0, 0, 0, 0, 0, 2000},
  {0, 0, 0, 0, 0, 0, 0, 2000},
  {0, 0, 0, 0, 0, 0, 0, 2000},
  {0, 0, 0, 0, 0, 0, 0, 2000},
  {0, 0, 0, 0, 0, 0, 0, 2000},
  {0, 0, 0, 0, 0, 0, 0, 2000},
  {0, 0, 0, 0, 0, 0, 0, 2000},
  {0, 0, 0, 0, 0, 0, 0, 2000},
  {0, 0, 0, 0, 0, 0, 0, 2000},
  {0, 0, 0, 0, 0, 0, 0, 2000},
  {0, 0, 0, 0, 0, 0, 0, 2000},
  {0, 0, 0, 0, 0, 0, 0, 2000},
  {0, 0, 0, 0, 0, 0, 0, 2000},
  {0, 0, 0, 0, 0, 0, 0, 2000},
  {0, 0, 0, 0, 0, 0, 0, 2000},
  {0, 0, 0, 0, 0, 0, 0, 2000},
  {0, 0, 0, 0, 0, 0, 0, 2000},
  {0, 0, 0, 0, 0, 0, 0, 2000},
  {0, 0, 0, 0, 0, 0, 0, 2000},
  {0, 0, 0, 0, 0, 0, 0, 2000},
  {0, 0, 0, 0, 0, 0, 0, 2000},
  {0, 0, 0, 0, 0, 0, 0, 2000},
  {0, 0, 0, 0, 0, 0, 0, 2000},
  {0, 0, 0, 0, 0, 0, 0, 2000},
  {0, 0, 0, 0, 0, 0, 0, 2000},
  {0, 0, 0, 0, 0, 0, 0, 2000},
  {0, 0, 0, 0, 0, 0, 0, 2000},
  {0, 0, 0, 0, 0, 0, 0, 2000},
  {0, 0, 0, 0, 0, 0, 0, 2000},
  {0, 0, 0, 0, 0, 0, 0, 2000},
  {0, 0, 0, 0, 0, 0, 0, 2000},
  {0, 0, 0, 0, 0, 0, 0, 2000},
  {0, 0, 0, 0, 0, 0, 0, 2000},
  {0, 0, 0, 0, 0, 0, 0, 2000},
  {0, 0, 0, 0, 0, 0, 0, 2000},
  {0, 0, 0, 0, 0, 0, 0, 2000},
  {0, 0, 0, 0, 0, 0, 0, 2000},
  {0, 0, 0, 0, 0, 0, 0, 2000},
  {0, 0, 0, 0, 0, 0, 0, 2000},
  {0, 0, 0, 0, 0, 0, 0, 2000},
  {0, 0, 0, 0, 0, 0, 0, 2000},
  {0, 0, 0, 0, 0, 0, 0, 2000},
  {0, 0, 0, 0, 0, 0, 0, 2000},
  {0, 0, 0, 0, 0, 0, 0, 2000},
  {0, 0, 0, 0, 0, 0, 0, 2000},
  {0, 0, 0, 0, 0, 0, 0, 2000},
  {0, 0, 0, 0, 0, 0, 0, 2000},
  {0, 0, 0, 0, 0, 0, 0, 2000},
  {0, 0, 0, 0, 0, 0, 0, 2000},
  {0, 0, 0, 0, 0, 0, 0, 2000},
  {0, 0, 0, 0, 0, 0, 0, 2000},
  {0, 0, 0, 0, 0, 0, 0, 2000},
  {0, 0, 0, 0, 0, 0, 0, 2000},
  {0, 0, 0, 0, 0, 0, 0, 2000},
  {0, 0, 0, 0, 0, 0, 0, 2000},
  {0, 0, 0, 0, 0, 0, 0, 2000},
  {0, 0, 0, 0, 0, 0, 0, 2000},
  {0, 0, 0, 0, 0, 0, 0, 2000},
  {0, 0, 0, 0, 0, 0, 0, 2000},
  {0, 0, 0, 0, 0, 0, 0, 2000},
  {0, 0, 0, 0, 0, 0, 0, 2000},
  {0, 0, 0, 0, 0, 0, 0, 2000},
  {0, 0, 0, 0, 0, 0, 0, 2000},
  {0, 0, 0, 0, 0, 0, 0, 2000},
  {0, 0, 0, 0, 0, 0, 0, 2000},
  {0, 0, 0, 0, 0, 0, 0, 2000},
  {0, 0, 0, 0, 0, 0, 0, 2000},
  {0, 0, 0, 0, 0, 0, 0, 2000},
  {0, 0, 0, 0, 0, 0, 0, 2000},
  {0, 0, 0, 0, 0, 0, 0, 2000},
  {0, 0, 0, 0, 0, 0, 0, 2000},
  {0, 0, 0, 0, 0, 0, 0, 2000},
  {0, 0, 0, 0, 0, 0, 0, 2000},
  {0, 0, 0, 0, 0, 0, 0, 2000},
  {0, 0, 0, 0, 0, 0, 0, 2000},
  {0, 0, 0, 0, 0, 0, 0, 2000},
  {0, 0, 0, 0, 0, 0, 0, 2000},
  {0, 0, 0, 0, 0, 0, 0, 2000},
  {0, 0, 0, 0, 0, 0, 0, 2000},
  {0, 0, 0, 0, 0, 0, 0, 2000},
  {0, 0, 0, 0, 0, 0, 0, 2000},
  {0, 0, 0, 0, 0, 0, 0, 2000},
  {0, 0, 0, 0, 0, 0, 0, 2000},
  {0, 0, 0, 0, 0, 0, 0, 2000},
  {0, 0, 0, 0, 0, 0, 0, 2000},
  {0, 0, 0, 0, 0, 0, 0, 2000},
  {0, 0, 0, 0, 0, 0, 0, 2000},
  {0, 0, 0, 0, 0, 0, 0, 2000},
  {0, 0, 0, 0, 0, 0, 0, 2000},
  {0, 0, 0, 0, 0, 0, 0, 2000},
  {0, 0, 0, 0, 0, 0, 0, 2000},
  {0, 0, 0, 0, 0, 0, 0, 2000},
  {0, 0, 0, 0, 0, 0, 0, 2000},
  {0, 0, 0, 0, 0, 0, 0, 2000},
  {0, 0, 0, 0, 0, 0, 0, 2000},
  {0, 0, 0, 0, 0, 0, 0, 2000},
  {0, 0, 0, 0, 0, 0, 0, 2000},
  {0, 0, 0, 0, 0, 0, 0, 2000},
  {0, 0, 0, 0, 0, 0, 0, 2000},
  {0, 0, 0, 0, 0, 0, 0, 2000},
  {0, 0, 0, 0, 0, 0, 0, 2000},
  {0, 0, 0, 0, 0, 0, 0, 2000},
  {0, 0, 0, 0, 0, 0, 0, 2000},
  {0, 0, 0, 0, 0, 0, 0, 2000},
  {0, 0, 0, 0, 0, 0, 0, 2000},
  {0, 0, 0, 0, 0, 0, 0, 2000},
  {0, 0, 0, 0, 0, 0, 0, 2000},
  {0, 0, 0, 0, 0, 0, 0, 2000},
  {0, 0, 0, 0, 0, 0, 0, 2000},
  {0, 0, 0, 0, 0, 0, 0, 2000},
  {0, 0, 0, 0, 0, 0, 0, 2000},
  {0, 0, 0, 0, 0, 0, 0, 2000},
  {0, 0, 0, 0, 0, 0, 0, 2000},
  {0, 0, 0, 0, 0, 0, 0, 2000},
  {0, 0, 0, 0, 0, 0, 0, 2000},
  {0, 0, 0, 0, 0, 0, 0, 2000},
  {0, 0, 0, 0, 0, 0, 0, 2000},
  {0, 0, 0, 0, 0, 0, 0, 2000},
  {0, 0, 0, 0, 0, 0, 0, 2000},
  {0, 0, 0, 0, 0, 0, 0, 2000},
  {0, 0, 0, 0, 0, 0, 0, 2000},
  {0, 0, 0, 0, 0, 0, 0, 2000},
  {0, 0, 0, 0, 0, 0, 0, 2000},
  {0, 0, 0, 0, 0, 0, 0, 2000},
  {0, 0, 0, 0, 0, 0, 0, 2000},
  {0, 0, 0, 0, 0, 0, 0, 2000},
  {0, 0, 0, 0, 0, 0, 0, 2000},
  {0, 0, 0, 0, 0, 0, 0, 2000},
  {0, 0, 0, 0, 0, 0, 0, 2000},
  {0, 0, 0, 0, 0, 0, 0, 2000},
  {0, 0, 0, 0, 0, 0, 0, 2000},
  {0, 0, 0, 0, 0, 0, 0, 2000},
  {0, 0, 0, 0, 0, 0, 0, 2000},
  {0, 0, 0, 0, 0, 0, 0, 2000},
  {0, 0, 0, 0, 0, 0, 0, 2000},
  {0, 0, 0, 0, 0, 0, 0, 2000},
  {0, 0, 0, 0, 0, 0, 0, 2000},
  {0, 0, 0, 0, 0, 0, 0, 2000},
  {0, 0, 0, 0, 0, 0, 0, 2000},
  {0, 0, 0, 0, 0, 0, 0, 2000},
  {0, 0, 0, 0, 0, 0, 0, 2000},
  {0, 0, 0, 0, 0, 0, 0, 2000},
  {0, 0, 0, 0, 0, 0, 0, 2000},
  {0, 0, 0, 0, 0, 0, 0, 2000},
  {0, 0, 0, 0, 0, 0, 0, 2000},
  {0, 0, 0, 0, 0, 0, 0, 2000},
  {0, 0, 0, 0, 0, 0, 0, 2000},
  {0, 0, 0, 0, 0, 0, 0, 2000},
  {0, 0, 0, 0, 0, 0, 0, 2000},
  {0, 0, 0, 0, 0, 0, 0, 2000},
  {0, 0, 0, 0, 0, 0, 0, 2000},
  {0, 0, 0, 0, 0, 0, 0, 2000},
  {0, 0, 0, 0, 0, 0, 0, 2000},
  {0, 0, 0, 0, 0, 0, 0, 2000},
  {0, 0, 0, 0, 0, 0, 0, 2000},
  {0, 0, 0, 0, 0, 0, 0, 2000},
  {0, 0, 0, 0, 0, 0, 0, 2000},
  {0, 0, 0, 0, 0, 0, 0, 2000},
  {0, 0, 0, 0, 0, 0, 0, 2000},
  {0, 0, 0, 0, 0, 0, 0, 2000},
  {0, 0, 0, 0, 0, 0, 0, 2000},
  {0, 0, 0, 0, 0, 0, 0, 2000},
  {0, 0, 0, 0, 0, 0, 0, 2000},
  {0, 0, 0, 0, 0, 0, 0, 2000},
  {0, 0, 0, 0, 0, 0, 0, 2000},
  {0, 0, 0, 0, 0, 0, 0, 2000},
  {0, 0, 0, 0, 0, 0, 0, 2000},
  {0, 0, 0, 0, 0, 0, 0, 2000},
  {0, 0, 0, 0, 0, 0, 0, 2000},
  {0, 0, 0, 0, 0, 0, 0, 2000},
  {0, 0, 0, 0, 0, 0, 0, 2000},
  {0, 0, 0, 0, 0, 0, 0, 2000},
  {0, 0, 0, 0, 0, 0, 0, 2000},
  {0, 0, 0, 0, 0, 0, 0, 2000},
  {0, 0, 0, 0, 0, 0, 0, 2000},
  {0, 0, 0, 0, 0, 0, 0, 2000},
  {0, 0, 0, 0, 0, 0, 0, 2000},
  {0, 0, 0, 0, 0, 0, 0, 2000},
  {0, 0, 0, 0, 0, 0, 0, 2000},
  {0, 0, 0, 0, 0, 0, 0, 2000},
  {0, 0, 0, 0, 0, 0, 0, 2000},
  {0, 0, 0, 0, 0, 0, 0, 2000},
  {0, 0, 0, 0, 0, 0, 0, 2000},
  {0, 0, 0, 0, 0, 0, 0, 2000},
  {0, 0, 0, 0, 0, 0, 0, 2000},
  {0, 0, 0, 0, 0, 0, 0, 2000},
  {0, 0, 0, 0, 0, 0, 0, 2000},
  {0, 0, 0, 0, 0, 0, 0, 2000},
  {0, 0, 0, 0, 0, 0, 0, 2000},
  {0, 0, 0, 0, 0, 0, 0, 2000},
  {0, 0, 0, 0, 0, 0, 0, 2000},
  {0, 0, 0, 0, 0, 0, 0, 2000},
  {0, 0, 0, 0, 0, 0, 0, 2000},
  {0, 0, 0, 0, 0, 0, 0, 2000},
  {0, 0, 0, 0, 0, 0, 0, 2000},
  {0, 0, 0, 0, 0, 0, 0, 2000},
  {0, 0, 0, 0, 0, 0, 0, 2000},
  {0, 0, 0, 0, 0, 0, 0, 2000},
  {0, 0, 0, 0, 0, 0, 0, 2000},
  {0, 0, 0, 0, 0, 0, 0, 2000},
  {0, 0, 0, 0, 0, 0, 0, 2000},
  {0, 0, 0, 0, 0, 0, 0, 2000},
  {0, 0, 0, 0, 0, 0, 0, 2000},
  {0, 0, 0, 0, 0, 0, 0, 2000},
  {0, 0, 0, 0, 0, 0, 0, 2000},
  {0, 0, 0, 0, 0, 0, 0, 2000},
  {0, 0, 0, 0, 0, 0, 0, 2000},
  {0, 0, 0, 0, 0, 0, 0, 2000},
  {0, 0, 0, 0, 0, 0, 0, 2000},
  {0, 0, 0, 0, 0, 0, 0, 2000},
  {0, 0, 0, 0, 0, 0, 0, 2000},
  {0, 0, 0, 0, 0, 0, 0, 2000},
  {0, 0, 0, 0, 0, 0, 0, 2000},
  {0, 0, 0, 0, 0, 0, 0, 2000},
  {0, 0, 0, 0, 0, 0, 0, 2000},
  {0, 0, 0, 0, 0, 0, 0, 2000},
  {0, 0, 0, 0, 0, 0, 0, 2000},
  {0, 0, 0, 0, 0, 0, 0, 2000},
  {0, 0, 0, 0, 0, 0, 0, 2000},
  {0, 0, 0, 0, 0, 0, 0, 2000},
  {0, 0, 0, 0, 0, 0, 0, 2000},
  {0, 0, 0, 0, 0, 0, 0, 2000},
  {0, 0, 0, 0, 0, 0, 0, 2000},
  {0, 0, 0, 0, 0, 0, 0, 2000},
  {0, 0, 0, 0, 0, 0, 0, 2000},
  {0, 0, 0, 0, 0, 0, 0, 2000},
  {0, 0, 0, 0, 0, 0, 0, 2000},
  {0, 0, 0, 0, 0, 0, 0, 2000},
  {0, 0, 0, 0, 0, 0, 0, 2000},
  {0, 0, 0, 0, 0, 0, 0, 2000},
  {0, 0, 0, 0, 0, 0, 0, 2000},
  {0, 0, 0, 0, 0, 0, 0, 2000},
  {0, 0, 0, 0, 0, 0, 0, 2000},
  {0, 0, 0, 0, 0, 0, 0, 2000},
  {0, 0, 0, 0, 0, 0, 0, 2000},
  {0, 0, 0, 0, 0, 0, 0, 2000},
  {0, 0, 0, 0, 0, 0, 0, 2000},
  {0, 0, 0, 0, 0, 0, 0, 2000},
  {0, 0, 0, 0, 0, 0, 0, 2000},
  {0, 0, 0, 0, 0, 0, 0, 2000},
  {0, 0, 0, 0, 0, 0, 0, 2000},
  {0, 0, 0, 0, 0, 0, 0, 2000},
  {0, 0, 0, 0, 0, 0, 0, 2000},
  {0, 0, 0, 0, 0, 0, 0, 2000},
  {0, 0, 0, 0, 0, 0, 0, 2000},
  {0, 0, 0, 0, 0, 0, 0, 2000},
  {0, 0, 0, 0, 0, 0, 0, 2000},
  {0, 0, 0, 0, 0, 0, 0, 2000},
  {0, 0, 0, 0, 0, 0, 0, 2000},
  {0, 0, 0, 0, 0, 0, 0, 2000},
  {0, 0, 0, 0, 0, 0, 0, 2000},
  {0, 0, 0, 0, 0, 0, 0, 2000},
  {0, 0, 0, 0, 0, 0, 0, 2000},
  {0, 0, 0, 0, 0, 0, 0, 2000},
  {0, 0, 0, 0, 0, 0, 0, 2000},
  {0, 0, 0, 0, 0, 0, 0, 2000},
  {0, 0, 0, 0, 0, 0, 0, 2000},
  {0, 0, 0, 0, 0, 0, 0, 2000},
  {0, 0, 0, 0, 0, 0, 0, 2000},
  {0, 0, 0, 0, 0, 0, 0, 2000},
  {0, 0, 0, 0, 0, 0, 0, 2000},
  {0, 0, 0, 0, 0, 0, 0, 2000},
  {0, 0, 0, 0, 0, 0, 0, 2000},
  {0, 0, 0, 0, 0, 0, 0, 2000},
  {0, 0, 0, 0, 0, 0, 0, 2000},
  {0, 0, 0, 0, 0, 0, 0, 2000},
  {0, 0, 0, 0, 0, 0, 0, 2000},
  {0, 0, 0, 0, 0, 0, 0, 2000},
  {0, 0, 0, 0, 0, 0, 0, 2000},
  {0, 0, 0, 0, 0, 0, 0, 2000},
  {0, 0, 0, 0, 0, 0, 0, 2000},
  {0, 0, 0, 0, 0, 0, 0, 2000},
  {0, 0, 0, 0, 0, 0, 0, 2000},
  {0, 0, 0, 0, 0, 0, 0, 2000},
  {0, 0, 0, 0, 0, 0, 0, 2000},
  {0, 0, 0, 0, 0, 0, 0, 2000},
  {0, 0, 0, 0, 0, 0, 0, 2000},
  {0, 0, 0, 0, 0, 0, 0, 2000},
  {0, 0, 0, 0, 0, 0, 0, 2000},
  {0, 0, 0, 0, 0, 0, 0, 2000},
  {0, 0, 0, 0, 0, 0, 0, 2000},
  {0, 0, 0, 0, 0, 0, 0, 2000},
  {0, 0, 0, 0, 0, 0, 0, 2000},
  {0, 0, 0, 0, 0, 0, 0, 2000},
  {0, 0, 0, 0, 0, 0, 0, 2000},
  {0, 0, 0, 0, 0, 0, 0, 2000},
  {0, 0, 0, 0, 0, 0, 0, 2000},
  {0, 0, 0, 0, 0, 0, 0, 2000},
  {0, 0, 0, 0, 0, 0, 0, 2000},
  {0, 0, 0, 0, 0, 0, 0, 2000},
  {0, 0, 0, 0, 0, 0, 0, 2000},
  {0, 0, 0, 0, 0, 0, 0, 2000},
  {0, 0, 0, 0, 0, 0, 0, 2000},
  {0, 0, 0, 0, 0, 0, 0, 2000},
  {0, 0, 0, 0, 0, 0, 0, 2000},
  {0, 0, 0, 0, 0, 0, 0, 2000},
  {0, 0, 0, 0, 0, 0, 0, 2000},
  {0, 0, 0, 0, 0, 0, 0, 2000},
  {0, 0, 0, 0, 0, 0, 0, 2000},
  {0, 0, 0, 0, 0, 0, 0, 2000},
  {0, 0, 0, 0, 0, 0, 0, 2000},
  {0, 0, 0, 0, 0, 0, 0, 2000},
  {0, 0, 0, 0, 0, 0, 0, 2000},
  {0, 0, 0, 0, 0, 0, 0, 2000},
  {0, 0, 0, 0, 0, 0, 0, 2000},
  {0, 0, 0, 0, 0, 0, 0, 2000},
  {0, 0, 0, 0, 0, 0, 0, 2000},
  {0, 0, 0, 0, 0, 0, 0, 2000},
  {0, 0, 0, 0, 0, 0, 0, 2000},
  {0, 0, 0, 0, 0, 0, 0, 2000},
  {0, 0, 0, 0, 0, 0, 0, 2000},
  {0, 0, 0, 0, 0, 0, 0, 2000},
  {0, 0, 0, 0, 0, 0, 0, 2000},
  {0, 0, 0, 0, 0, 0, 0, 2000},
  {0, 0, 0, 0, 0, 0, 0, 2000},
  {0, 0, 0, 0, 0, 0, 0, 2000},
  {0, 0, 0, 0, 0, 0, 0, 2000},
  {0, 0, 0, 0, 0, 0, 0, 2000},
  {0, 0, 0, 0, 0, 0, 0, 2000},
  {0, 0, 0, 0, 0, 0, 0, 2000},
  {0, 0, 0, 0, 0, 0, 0, 2000},
  {0, 0, 0, 0, 0, 0, 0, 2000},
  {0, 0, 0, 0, 0, 0, 0, 2000},
  {0, 0, 0, 0, 0, 0, 0, 2000},
  {0, 0, 0, 0, 0, 0, 0, 2000},
  {0, 0, 0, 0, 0, 0, 0, 2000},
  {0, 0, 0, 0, 0, 0, 0, 2000},
  {0, 0, 0, 0, 0, 0, 0, 2000},
  {0, 0, 0, 0, 0, 0, 0, 2000},
  {0, 0, 0, 0, 0, 0, 0, 2000},
  {0, 0, 0, 0, 0, 0, 0, 2000},
  {0, 0, 0, 0, 0, 0, 0, 2000},
  {0, 0, 0, 0, 0, 0, 0, 2000},
  {0, 0, 0, 0, 0, 0, 0, 2000},
  {0, 0, 0, 0, 0, 0, 0, 2000},
  {0, 0, 0, 0, 0, 0, 0, 2000},
  {0, 0, 0, 0, 0, 0, 0, 2000},
  {0, 0, 0, 0, 0, 0, 0, 2000},
  {0, 0, 0, 0, 0, 0, 0, 2000},
  {0, 0, 0, 0, 0, 0, 0, 2000},
  {0, 0, 0, 0, 0, 0, 0, 2000},
  {0, 0, 0, 0, 0, 0, 0, 2000},
  {0, 0, 0, 0, 0, 0, 0, 2000},
  {0, 0, 0, 0, 0, 0, 0, 2000},
  {0, 0, 0, 0, 0, 0, 0, 2000},
  {0, 0, 0, 0, 0, 0, 0, 2000},
  {0, 0, 0, 0, 0, 0, 0, 2000},
  {0, 0, 0, 0, 0, 0, 0, 2000},
  {0, 0, 0, 0, 0, 0, 0, 2000},
  {0, 0, 0, 0, 0, 0, 0, 2000},
  {0, 0, 0, 0, 0, 0, 0, 2000},
  {0, 0, 0, 0, 0, 0, 0, 2000},
  {0, 0, 0, 0, 0, 0, 0, 2000},
  {0, 0, 0, 0, 0, 0, 0, 2000},
  {0, 0, 0, 0, 0, 0, 0, 2000},
  {0, 0, 0, 0, 0, 0, 0, 2000},
  {0, 0, 0, 0, 0, 0, 0, 2000},
  {0, 0, 0, 0, 0, 0, 0, 2000},
  {0, 0, 0, 0, 0, 0, 0, 2000},
  {0, 0, 0, 0, 0, 0, 0, 2000},
  {0, 0, 0, 0, 0, 0, 0, 2000},
  {0, 0, 0, 0, 0, 0, 0, 2000},
  {0, 0, 0, 0, 0, 0, 0, 2000},
  {0, 0, 0, 0, 0, 0, 0, 2000},
  {0, 0, 0, 0, 0, 0, 0, 2000},
  {0, 0, 0, 0, 0, 0, 0, 2000},
  {0, 0, 0, 0, 0, 0, 0, 2000},
  {0, 0, 0, 0, 0, 0, 0, 2000},
  {0, 0, 0, 0, 0, 0, 0, 2000},
  {0, 0, 0, 0, 0, 0, 0, 2000},
  {0, 0, 0, 0, 0, 0, 0, 2000},
  {0, 0, 0, 0, 0, 0, 0, 2000},
  {0, 0, 0, 0, 0, 0, 0, 2000},
  {0, 0, 0, 0, 0, 0, 0, 2000},
  {0, 0, 0, 0, 0, 0, 0, 2000},
  {0, 0, 0, 0, 0, 0, 0, 2000},
  {0, 0, 0, 0, 0, 0, 0, 2000},
  {0, 0, 0, 0, 0, 0, 0, 2000},
  {0, 0, 0, 0, 0, 0, 0, 2000},
  {0, 0, 0, 0, 0, 0, 0, 2000},
  {0, 0, 0, 0, 0, 0, 0, 2000},
  {0, 0, 0, 0, 0, 0, 0, 2000},
  {0, 0, 0, 0, 0, 0, 0, 2000},
  {0, 0, 0, 0, 0, 0, 0, 2000},
  {0, 0, 0, 0, 0, 0, 0, 2000},
  {0, 0, 0, 0, 0, 0, 0, 2000},
  {0, 0, 0, 0, 0, 0, 0, 2000},
  {0, 0, 0, 0, 0, 0, 0, 2000},
  {0, 0, 0, 0, 0, 0, 0, 2000},
  {0, 0, 0, 0, 0, 0, 0, 2000},
  {0, 0, 0, 0, 0, 0, 0, 2000},
  {0, 0, 0, 0, 0, 0, 0, 2000},
  {0, 0, 0, 0, 0, 0, 0, 2000},
  {0, 0, 0, 0, 0, 0, 0, 2000},
  {0, 0, 0, 0, 0, 0, 0, 2000},
  {0, 0, 0, 0, 0, 0, 0, 2000},
  {0, 0, 0, 0, 0, 0, 0, 2000},
  {0, 0, 0, 0, 0, 0, 0, 2000},
  {0, 0, 0, 0, 0, 0, 0, 2000},
  {0, 0, 0, 0, 0, 0, 0, 2000},
  {0, 0, 0, 0, 0, 0, 0, 2000},
  {0, 0, 0, 0, 0, 0, 0, 2000},
  {0, 0, 0, 0, 0, 0, 0, 2000},
  {0, 0, 0, 0, 0, 0, 0, 2000},
  {0, 0, 0, 0, 0, 0, 0, 2000},
  {0, 0, 0, 0, 0, 0, 0, 2000},
  {0, 0, 0, 0, 0, 0, 0, 2000},
  {0, 0, 0, 0, 0, 0, 0, 2000},
  {0, 0, 0, 0, 0, 0, 0, 2000},
  {0, 0, 0, 0, 0, 0, 0, 2000},
  {0, 0, 0, 0, 0, 0, 0, 2000},
  {0, 0, 0, 0, 0, 0, 0, 2000},
  {0, 0, 0, 0, 0, 0, 0, 2000},
  {0, 0, 0, 0, 0, 0, 0, 2000},
  {0, 0, 0, 0, 0, 0, 0, 2000},
  {0, 0, 0, 0, 0, 0, 0, 2000},
  {0, 0, 0, 0, 0, 0, 0, 2000},
  {0, 0, 0, 0, 0, 0, 0, 2000},
  {0, 0, 0, 0, 0, 0, 0, 2000},
  {0, 0, 0, 0, 0, 0, 0, 2000},
  {0, 0, 0, 0, 0, 0, 0, 2000},
  {0, 0, 0, 0, 0, 0, 0, 2000},
  {0, 0, 0, 0, 0, 0, 0, 2000},
  {0, 0, 0, 0, 0, 0, 0, 2000},
  {0, 0, 0, 0, 0, 0, 0, 2000},
  {0, 0, 0, 0, 0, 0, 0, 2000},
  {0, 0, 0, 0, 0, 0, 0, 2000},
  {0, 0, 0, 0, 0, 0, 0, 2000},
  {0, 0, 0, 0, 0, 0, 0, 2000},
  {0, 0, 0, 0, 0, 0, 0, 2000},
  {0, 0, 0, 0, 0, 0, 0, 2000},
  {0, 0, 0, 0, 0, 0, 0, 2000},
  {0, 0, 0, 0, 0, 0, 0, 2000},
  {0, 0, 0, 0, 0, 0, 0, 2000},
  {0, 0, 0, 0, 0, 0, 0, 2000},
  {0, 0, 0, 0, 0, 0, 0, 2000},
  {0, 0, 0, 0, 0, 0, 0, 2000},
  {0, 0, 0, 0, 0, 0, 0, 2000},
  {0, 0, 0, 0, 0, 0, 0, 2000},
  {0, 0, 0, 0, 0, 0, 0, 2000},
  {0, 0, 0, 0, 0, 0, 0, 2000},
  {0, 0, 0, 0, 0, 0, 0, 2000},
  {0, 0, 0, 0, 0, 0, 0, 2000},
  {0, 0, 0, 0, 0, 0, 0, 2000},
  {0, 0, 0, 0, 0, 0, 0, 2000},
  {0, 0, 0, 0, 0, 0, 0, 2000},
  {0, 0, 0, 0, 0, 0, 0, 2000},
  {0, 0, 0, 0, 0, 0, 0, 2000},
  {0, 0, 0, 0, 0, 0, 0, 2000},
  {0, 0, 0, 0, 0, 0, 0, 2000},
  {0, 0, 0, 0, 0, 0, 0, 2000},
  {0, 0, 0, 0, 0, 0, 0, 2000},
  {0, 0, 0, 0, 0, 0, 0, 2000},
  {0, 0, 0, 0, 0, 0, 0, 2000},
  {0, 0, 0, 0, 0, 0, 0, 2000},
  {0, 0, 0, 0, 0, 0, 0, 2000},
  {0, 0, 0, 0, 0, 0, 0, 2000},
  {0, 0, 0, 0, 0, 0, 0, 2000},
  {0, 0, 0, 0, 0, 0, 0, 2000},
  {0, 0, 0, 0, 0, 0, 0, 2000},
  {0, 0, 0, 0, 0, 0, 0, 2000},
  {0, 0, 0, 0, 0, 0, 0, 2000},
  {0, 0, 0, 0, 0, 0, 0, 2000},
  {0, 0, 0, 0, 0, 0, 0, 2000},
  {0, 0, 0, 0, 0, 0, 0, 2000},
  {0, 0, 0, 0, 0, 0, 0, 2000},
  {0, 0, 0, 0, 0, 0, 0, 2000},
  {0, 0, 0, 0, 0, 0, 0, 2000},
  {0, 0, 0, 0, 0, 0, 0, 2000},
  {0, 0, 0, 0, 0, 0, 0, 2000},
  {0, 0, 0, 0, 0, 0, 0, 2000},
  {0, 0, 0, 0, 0, 0, 0, 2000},
  {0, 0, 0, 0, 0, 0, 0, 2000},
  {0, 0, 0, 0, 0, 0, 0, 2000},
  {0, 0, 0, 0, 0, 0, 0, 2000},
  {0, 0, 0, 0, 0, 0, 0, 2000},
  {0, 0, 0, 0, 0, 0, 0, 2000},
  {0, 0, 0, 0, 0, 0, 0, 2000},
  {0, 0, 0, 0, 0, 0, 0, 2000},
  {0, 0, 0, 0, 0, 0, 0, 2000},
  {0, 0, 0, 0, 0, 0, 0, 2000},
  {0, 0, 0, 0, 0, 0, 0, 2000},
  {0, 0, 0, 0, 0, 0, 0, 2000},
  {0, 0, 0, 0, 0, 0, 0, 2000},
  {0, 0, 0, 0, 0, 0, 0, 2000},
  {0, 0, 0, 0, 0, 0, 0, 2000},
  {0, 0, 0, 0, 0, 0, 0, 2000},
  {0, 0, 0, 0, 0, 0, 0, 2000},
  {0, 0, 0, 0, 0, 0, 0, 2000},
  {0, 0, 0, 0, 0, 0, 0, 2000},
  {0, 0, 0, 0, 0, 0, 0, 2000},
  {0, 0, 0, 0, 0, 0, 0, 2000},
  {0, 0, 0, 0, 0, 0, 0, 2000},
  {0, 0, 0, 0, 0, 0, 0, 2000},
  {0, 0, 0, 0, 0, 0, 0, 2000},
  {0, 0, 0, 0, 0, 0, 0, 2000},
  {0, 0, 0, 0, 0, 0, 0, 2000},
  {0, 0, 0, 0, 0, 0, 0, 2000},
  {0, 0, 0, 0, 0, 0, 0, 2000},
  {0, 0, 0, 0, 0, 0, 0, 2000},
  {0, 0, 0, 0, 0, 0, 0, 2000},
  {0, 0, 0, 0, 0, 0, 0, 2000},
  {0, 0, 0, 0, 0, 0, 0, 2000},
  {0, 0, 0, 0, 0, 0, 0, 2000},
  {0, 0, 0, 0, 0, 0, 0, 2000},
  {0, 0, 0, 0, 0, 0, 0, 2000},
  {0, 0, 0, 0, 0, 0, 0, 2000},
  {0, 0, 0, 0, 0, 0, 0, 2000},
  {0, 0, 0, 0, 0, 0, 0, 2000},
  {0, 0, 0, 0, 0, 0, 0, 2000},
  {0, 0, 0, 0, 0, 0, 0, 2000},
  {0, 0, 0, 0, 0, 0, 0, 2000},
  {0, 0, 0, 0, 0, 0, 0, 2000},
  {0, 0, 0, 0, 0, 0, 0, 2000},
  {0, 0, 0, 0, 0, 0, 0, 2000},
  {0, 0, 0, 0, 0, 0, 0, 2000},
  {0, 0, 0, 0, 0, 0, 0, 2000},
  {0, 0, 0, 0, 0, 0, 0, 2000},
  {0, 0, 0, 0, 0, 0, 0, 2000},
  {0, 0, 0, 0, 0, 0, 0, 2000},
  {0, 0, 0, 0, 0, 0, 0, 2000},
  {0, 0, 0, 0, 0, 0, 0, 2000},
  {0, 0, 0, 0, 0, 0, 0, 2000},
  {0, 0, 0, 0, 0, 0, 0, 2000},
  {0, 0, 0, 0, 0, 0, 0, 2000},
  {0, 0, 0, 0, 0, 0, 0, 2000},
  {0, 0, 0, 0, 0, 0, 0, 2000},
  {0, 0, 0, 0, 0, 0, 0, 2000},
  {0, 0, 0, 0, 0, 0, 0, 2000},
  {0, 0, 0, 0, 0, 0, 0, 2000},
  {0, 0, 0, 0, 0, 0, 0, 2000},
  {0, 0, 0, 0, 0, 0, 0, 2000},
  {0, 0, 0, 0, 0, 0, 0, 2000},
  {0, 0, 0, 0, 0, 0, 0, 2000},
  {0, 0, 0, 0, 0, 0, 0, 2000},
  {0, 0, 0, 0, 0, 0, 0, 2000},
  {0, 0, 0, 0, 0, 0, 0, 2000},
  {0, 0, 0, 0, 0, 0, 0, 2000},
  {0, 0, 0, 0, 0, 0, 0, 2000},
  {0, 0, 0, 0, 0, 0, 0, 2000},
  {0, 0, 0, 0, 0, 0, 0, 2000},
  {0, 0, 0, 0, 0, 0, 0, 2000},
  {0, 0, 0, 0, 0, 0, 0, 2000},
  {0, 0, 0, 0, 0, 0, 0, 2000},
  {0, 0, 0, 0, 0, 0, 0, 2000},
  {0, 0, 0, 0, 0, 0, 0, 2000},
  {0, 0, 0, 0, 0, 0, 0, 2000},
  {0, 0, 0, 0, 0, 0, 0, 2000},
  {0, 0, 0, 0, 0, 0, 0, 2000},
  {0, 0, 0, 0, 0, 0, 0, 2000},
  {0, 0, 0, 0, 0, 0, 0, 2000},
  {0, 0, 0, 0, 0, 0, 0, 2000},
  {0, 0, 0, 0, 0, 0, 0, 2000},
  {0, 0, 0, 0, 0, 0, 0, 2000},
  {0, 0, 0, 0, 0, 0, 0, 2000},
  {0, 0, 0, 0, 0, 0, 0, 2000},
  {0, 0, 0, 0, 0, 0, 0, 2000},
  {0, 0, 0, 0, 0, 0, 0, 2000},
  {0, 0, 0, 0, 0, 0, 0, 2000},
  {0, 0, 0, 0, 0, 0, 0, 2000},
  {0, 0, 0, 0, 0, 0, 0, 2000},
  {0, 0, 0, 0, 0, 0, 0, 2000},
  {0, 0, 0, 0, 0, 0, 0, 2000},
  {0, 0, 0, 0, 0, 0, 0, 2000},
  {0, 0, 0, 0, 0, 0, 0, 2000},
  {0, 0, 0, 0, 0, 0, 0, 2000},
  {0, 0, 0, 0, 0, 0, 0, 2000},
  {0, 0, 0, 0, 0, 0, 0, 2000},
  {0, 0, 0, 0, 0, 0, 0, 2000},
  {0, 0, 0, 0, 0, 0, 0, 2000},
  {0, 0, 0, 0, 0, 0, 0, 2000},
  {0, 0, 0, 0, 0, 0, 0, 2000},
  {0, 0, 0, 0, 0, 0, 0, 2000},
  {0, 0, 0, 0, 0, 0, 0, 2000},
  {0, 0, 0, 0, 0, 0, 0, 2000},
  {0, 0, 0, 0, 0, 0, 0, 2000},
  {0, 0, 0, 0, 0, 0, 0, 2000},
  {0, 0, 0, 0, 0, 0, 0, 2000},
  {0, 0, 0, 0, 0, 0, 0, 2000},
  {0, 0, 0, 0, 0, 0, 0, 2000},
  {0, 0, 0, 0, 0, 0, 0, 2000},
  {0, 0, 0, 0, 0, 0, 0, 2000},
  {0, 0, 0, 0, 0, 0, 0, 2000},
  {0, 0, 0, 0, 0, 0, 0, 2000},
  {0, 0, 0, 0, 0, 0, 0, 2000},
  {0, 0, 0, 0, 0, 0, 0, 2000},
  {0, 0, 0, 0, 0, 0, 0, 2000},
  {0, 0, 0, 0, 0, 0, 0, 2000},
  {0, 0, 0, 0, 0, 0, 0, 2000},
  {0, 0, 0, 0, 0, 0, 0, 2000},
  {0, 0, 0, 0, 0, 0, 0, 2000},
  {0, 0, 0, 0, 0, 0, 0, 2000},
  {0, 0, 0, 0, 0, 0, 0, 2000},
  {0, 0, 0, 0, 0, 0, 0, 2000},
  {0, 0, 0, 0, 0, 0, 0, 2000},
  {0, 0, 0, 0, 0, 0, 0, 2000},
  {0, 0, 0, 0, 0, 0, 0, 2000},
  {0, 0, 0, 0, 0, 0, 0, 2000},
  {0, 0, 0, 0, 0, 0, 0, 2000},
  {0, 0, 0, 0, 0, 0, 0, 2000},
  {0, 0, 0, 0, 0, 0, 0, 2000},
  {0, 0, 0, 0, 0, 0, 0, 2000},
  {0, 0, 0, 0, 0, 0, 0, 2000},
  {0, 0, 0, 0, 0, 0, 0, 2000},
  {0, 0, 0, 0, 0, 0, 0, 2000},
  {0, 0, 0, 0, 0, 0, 0, 2000},
  {0, 0, 0, 0, 0, 0, 0, 2000},
  {0, 0, 0, 0, 0, 0, 0, 2000},
  {0, 0, 0, 0, 0, 0, 0, 2000},
  {0, 0, 0, 0, 0, 0, 0, 2000},
  {0, 0, 0, 0, 0, 0, 0, 2000},
  {0, 0, 0, 0, 0, 0, 0, 2000},
  {0, 0, 0, 0, 0, 0, 0, 2000},
  {0, 0, 0, 0, 0, 0, 0, 2000},
  {0, 0, 0, 0, 0, 0, 0, 2000},
  {0, 0, 0, 0, 0, 0, 0, 2000},
  {0, 0, 0, 0, 0, 0, 0, 2000},
  {0, 0, 0, 0, 0, 0, 0, 2000},
  {0, 0, 0, 0, 0, 0, 0, 2000},
  {0, 0, 0, 0, 0, 0, 0, 2000},
  {0, 0, 0, 0, 0, 0, 0, 2000},
  {0, 0, 0, 0, 0, 0, 0, 2000},
  {0, 0, 0, 0, 0, 0, 0, 2000},
  {0, 0, 0, 0, 0, 0, 0, 2000},
  {0, 0, 0, 0, 0, 0, 0, 2000},
  {0, 0, 0, 0, 0, 0, 0, 2000},
  {0, 0, 0, 0, 0, 0, 0, 2000},
  {0, 0, 0, 0, 0, 0, 0, 2000},
  {0, 0, 0, 0, 0, 0, 0, 2000},
  {0, 0, 0, 0, 0, 0, 0, 2000},
  {0, 0, 0, 0, 0, 0, 0, 2000},
  {0, 0, 0, 0, 0, 0, 0, 2000},
  {0, 0, 0, 0, 0, 0, 0, 2000},
  {0, 0, 0, 0, 0, 0, 0, 2000},
  {0, 0, 0, 0, 0, 0, 0, 2000},
  {0, 0, 0, 0, 0, 0, 0, 2000},
  {0, 0, 0, 0, 0, 0, 0, 2000},
  {0, 0, 0, 0, 0, 0, 0, 2000},
  {0, 0, 0, 0, 0, 0, 0, 2000},
  {0, 0, 0, 0, 0, 0, 0, 2000},
  {0, 0, 0, 0, 0, 0, 0, 2000},
  {0, 0, 0, 0, 0, 0, 0, 2000},
  {0, 0, 0, 0, 0, 0, 0, 2000},
  {0, 0, 0, 0, 0, 0, 0, 2000},
  {0, 0, 0, 0, 0, 0, 0, 2000},
  {0, 0, 0, 0, 0, 0, 0, 2000},
  {0, 0, 0, 0, 0, 0, 0, 2000},
  {0, 0, 0, 0, 0, 0, 0, 2000},
  {0, 0, 0, 0, 0, 0, 0, 2000},
  {0, 0, 0, 0, 0, 0, 0, 2000},
  {0, 0, 0, 0, 0, 0, 0, 2000},
  {0, 0, 0, 0, 0, 0, 0, 2000},
  {0, 0, 0, 0, 0, 0, 0, 2000},
  {0, 0, 0, 0, 0, 0, 0, 2000},
  {0, 0, 0, 0, 0, 0, 0, 2000},
  {0, 0, 0, 0, 0, 0, 0, 2000},
  {0, 0, 0, 0, 0, 0, 0, 2000},
  {0, 0, 0, 0, 0, 0, 0, 2000},
  {0, 0, 0, 0, 0, 0, 0, 2000},
  {0, 0, 0, 0, 0, 0, 0, 2000},
  {0, 0, 0, 0, 0, 0, 0, 2000},
  {0, 0, 0, 0, 0, 0, 0, 2000},
  {0, 0, 0, 0, 0, 0, 0, 2000},
  {0, 0, 0, 0, 0, 0, 0, 2000},
  {0, 0, 0, 0, 0, 0, 0, 2000},
  {0, 0, 0, 0, 0, 0, 0, 2000},
  {0, 0, 0, 0, 0, 0, 0, 2000},
  {0, 0, 0, 0, 0, 0, 0, 2000},
  {0, 0, 0, 0, 0, 0, 0, 2000},
  {0, 0, 0, 0, 0, 0, 0, 2000},
  {0, 0, 0, 0, 0, 0, 0, 2000},
  {0, 0, 0, 0, 0, 0, 0, 2000},
  {0, 0, 0, 0, 0, 0, 0, 2000},
  {0, 0, 0, 0, 0, 0, 0, 2000},
  {0, 0, 0, 0, 0, 0, 0, 2000},
  {0, 0, 0, 0, 0, 0, 0, 2000},
  {0, 0, 0, 0, 0, 0, 0, 2000},
  {0, 0, 0, 0, 0, 0, 0, 2000},
  {0, 0, 0, 0, 0, 0, 0, 2000},
  {0, 0, 0, 0, 0, 0, 0, 2000},
  {0, 0, 0, 0, 0, 0, 0, 2000},
  {0, 0, 0, 0, 0, 0, 0, 2000},
  {0, 0, 0, 0, 0, 0, 0, 2000},
  {0, 0, 0, 0, 0, 0, 0, 2000},
  {0, 0, 0, 0, 0, 0, 0, 2000},
  {0, 0, 0, 0, 0, 0, 0, 2000},
  {0, 0, 0, 0, 0, 0, 0, 2000},
  {0, 0, 0, 0, 0, 0, 0, 2000},
  {0, 0, 0, 0, 0, 0, 0, 2000},
  {0, 0, 0, 0, 0, 0, 0, 2000},
  {0, 0, 0, 0, 0, 0, 0, 2000},
  {0, 0, 0, 0, 0, 0, 0, 2000},
  {0, 0, 0, 0, 0, 0, 0, 2000},
  {0, 0, 0, 0, 0, 0, 0, 2000},
  {0, 0, 0, 0, 0, 0, 0, 2000},
  {0, 0, 0, 0, 0, 0, 0, 2000},
  {0, 0, 0, 0, 0, 0, 0, 2000},
  {0, 0, 0, 0, 0, 0, 0, 2000},
  {0, 0, 0, 0, 0, 0, 0, 2000},
  {0, 0, 0, 0, 0, 0, 0, 2000},
  {0, 0, 0, 0, 0, 0, 0, 2000},
  {0, 0, 0, 0, 0, 0, 0, 2000},
  {0, 0, 0, 0, 0, 0, 0, 2000},
  {0, 0, 0, 0, 0, 0, 0, 2000},
  {0, 0, 0, 0, 0, 0, 0, 2000},
  {0, 0, 0, 0, 0, 0, 0, 2000},
  {0, 0, 0, 0, 0, 0, 0, 2000},
  {0, 0, 0, 0, 0, 0, 0, 2000},
  {0, 0, 0, 0, 0, 0, 0, 2000},
  {0, 0, 0, 0, 0, 0, 0, 2000},
  {0, 0, 0, 0, 0, 0, 0, 2000},
  {0, 0, 0, 0, 0, 0, 0, 2000},
  {0, 0, 0, 0, 0, 0, 0, 2000},
  {0, 0, 0, 0, 0, 0, 0, 2000},
  {0, 0, 0, 0, 0, 0, 0, 2000},
  {0, 0, 0, 0, 0, 0, 0, 2000},
  {0, 0, 0, 0, 0, 0, 0, 2000},
  {0, 0, 0, 0, 0, 0, 0, 2000},
  {0, 0, 0, 0, 0, 0, 0, 2000},
  {0, 0, 0, 0, 0, 0, 0, 2000},
  {0, 0, 0, 0, 0, 0, 0, 2000},
  {0, 0, 0, 0, 0, 0, 0, 2000},
  {0, 0, 0, 0, 0, 0, 0, 2000},
  {0, 0, 0, 0, 0, 0, 0, 2000},
  {0, 0, 0, 0, 0, 0, 0, 2000},
  {0, 0, 0, 0, 0, 0, 0, 2000},
  {0, 0, 0, 0, 0, 0, 0, 2000},
  {0, 0, 0, 0, 0, 0, 0, 2000},
  {0, 0, 0, 0, 0, 0, 0, 2000},
  {0, 0, 0, 0, 0, 0, 0, 2000},
  {0, 0, 0, 0, 0, 0, 0, 2000},
  {0, 0, 0, 0, 0, 0, 0, 2000},
  {0, 0, 0, 0, 0, 0, 0, 2000},
  {0, 0, 0, 0, 0, 0, 0, 2000},
  {0, 0, 0, 0, 0, 0, 0, 2000},
  {0, 0, 0, 0, 0, 0, 0, 2000},
  {0, 0, 0, 0, 0, 0, 0, 2000},
  {0, 0, 0, 0, 0, 0, 0, 2000},
  {0, 0, 0, 0, 0, 0, 0, 2000},
  {0, 0, 0, 0, 0, 0, 0, 2000},
  {0, 0, 0, 0, 0, 0, 0, 2000},
  {0, 0, 0, 0, 0, 0, 0, 2000},
  {0, 0, 0, 0, 0, 0, 0, 2000},
  {0, 0, 0, 0, 0, 0, 0, 2000},
  {0, 0, 0, 0, 0, 0, 0, 2000},
  {0, 0, 0, 0, 0, 0, 0, 2000},
  {0, 0, 0, 0, 0, 0, 0, 2000},
  {0, 0, 0, 0, 0, 0, 0, 2000},
  {0, 0, 0, 0, 0, 0, 0, 2000},
  {0, 0, 0, 0, 0, 0, 0, 2000},
  {0, 0, 0, 0, 0, 0, 0, 2000},
  {0, 0, 0, 0, 0, 0, 0, 2000},
  {0, 0, 0, 0, 0, 0, 0, 2000},
  {0, 0, 0, 0, 0, 0, 0, 2000},
  {0, 0, 0, 0, 0, 0, 0, 2000},
  {0, 0, 0, 0, 0, 0, 0, 2000},
  {0, 0, 0, 0, 0, 0, 0, 2000},
  {0, 0, 0, 0, 0, 0, 0, 2000},
  {0, 0, 0, 0, 0, 0, 0, 2000},
  {0, 0, 0, 0, 0, 0, 0, 2000},
  {0, 0, 0, 0, 0, 0, 0, 2000},
  {0, 0, 0, 0, 0, 0, 0, 2000},
  {0, 0, 0, 0, 0, 0, 0, 2000},
  {0, 0, 0, 0, 0, 0, 0, 2000},
  {0, 0, 0, 0, 0, 0, 0, 2000},
  {0, 0, 0, 0, 0, 0, 0, 2000},
  {0, 0, 0, 0, 0, 0, 0, 2000},
  {0, 0, 0, 0, 0, 0, 0, 2000},
  {0, 0, 0, 0, 0, 0, 0, 2000},
  {0, 0, 0, 0, 0, 0, 0, 2000},
  {0, 0, 0, 0, 0, 0, 0, 2000},
  {0, 0, 0, 0, 0, 0, 0, 2000},
  {0, 0, 0, 0, 0, 0, 0, 2000},
  {0, 0, 0, 0, 0, 0, 0, 2000},
  {0, 0, 0, 0, 0, 0, 0, 2000},
  {0, 0, 0, 0, 0, 0, 0, 2000},
  {0, 0, 0, 0, 0, 0, 0, 2000},
  {0, 0, 0, 0, 0, 0, 0, 2000},
  {0, 0, 0, 0, 0, 0, 0, 2000},
  {0, 0, 0, 0, 0, 0, 0, 2000},
  {0, 0, 0, 0, 0, 0, 0, 2000},
  {0, 0, 0, 0, 0, 0, 0, 2000},
  {0, 0, 0, 0, 0, 0, 0, 2000},
  {0, 0, 0, 0, 0, 0, 0, 2000},
  {0, 0, 0, 0, 0, 0, 0, 2000},
  {0, 0, 0, 0, 0, 0, 0, 2000},
  {0, 0, 0, 0, 0, 0, 0, 2000},
  {0, 0, 0, 0, 0, 0, 0, 2000},
  {0, 0, 0, 0, 0, 0, 0, 2000},
  {0, 0, 0, 0, 0, 0, 0, 2000},
  {0, 0, 0, 0, 0, 0, 0, 2000},
  {0, 0, 0, 0, 0, 0, 0, 2000},
  {0, 0, 0, 0, 0, 0, 0, 2000},
  {0, 0, 0, 0, 0, 0, 0, 2000},
  {0, 0, 0, 0, 0, 0, 0, 2000},
  {0, 0, 0, 0, 0, 0, 0, 2000},
  {0, 0, 0, 0, 0, 0, 0, 2000},
  {0, 0, 0, 0, 0, 0, 0, 2000},
  {0, 0, 0, 0, 0, 0, 0, 2000},
  {0, 0, 0, 0, 0, 0, 0, 2000},
  {0, 0, 0, 0, 0, 0, 0, 2000},
  {0, 0, 0, 0, 0, 0, 0, 2000},
  {0, 0, 0, 0, 0, 0, 0, 2000},
  {0, 0, 0, 0, 0, 0, 0, 2000},
  {0, 0, 0, 0, 0, 0, 0, 2000},
  {0, 0, 0, 0, 0, 0, 0, 2000},
  {0, 0, 0, 0, 0, 0, 0, 2000},
  {0, 0, 0, 0, 0, 0, 0, 2000},
  {0, 0, 0, 0, 0, 0, 0, 2000},
  {0, 0, 0, 0, 0, 0, 0, 2000},
  {0, 0, 0, 0, 0, 0, 0, 2000},
  {0, 0, 0, 0, 0, 0, 0, 2000},
  {0, 0, 0, 0, 0, 0, 0, 2000},
  {0, 0, 0, 0, 0, 0, 0, 2000},
  {0, 0, 0, 0, 0, 0, 0, 2000},
  {0, 0, 0, 0, 0, 0, 0, 2000},
  {0, 0, 0, 0, 0, 0, 0, 2000},
  {0, 0, 0, 0, 0, 0, 0, 2000},
  {0, 0, 0, 0, 0, 0, 0, 2000},
  {0, 0, 0, 0, 0, 0, 0, 2000},
  {0, 0, 0, 0, 0, 0, 0, 2000},
  {0, 0, 0, 0, 0, 0, 0, 2000},
  {0, 0, 0, 0, 0, 0, 0, 2000},
  {0, 0, 0, 0, 0, 0, 0, 2000},
  {0, 0, 0, 0, 0, 0, 0, 2000},
  {0, 0, 0, 0, 0, 0, 0, 2000},
  {0, 0, 0, 0, 0, 0, 0, 2000},
  {0, 0, 0, 0, 0, 0, 0, 2000},
  {0, 0, 0, 0, 0, 0, 0, 2000},
  {0, 0, 0, 0, 0, 0, 0, 2000},
  {0, 0, 0, 0, 0, 0, 0, 2000},
  {0, 0, 0, 0, 0, 0, 0, 2000},
  {0, 0, 0, 0, 0, 0, 0, 2000},
  {0, 0, 0, 0, 0, 0, 0, 2000},
  {0, 0, 0, 0, 0, 0, 0, 2000},
  {0, 0, 0, 0, 0, 0, 0, 2000},
  {0, 0, 0, 0, 0, 0, 0, 2000},
  {0, 0, 0, 0, 0, 0, 0, 2000},
  {0, 0, 0, 0, 0, 0, 0, 2000},
  {0, 0, 0, 0, 0, 0, 0, 2000},
  {0, 0, 0, 0, 0, 0, 0, 2000},
  {0, 0, 0, 0, 0, 0, 0, 2000},
  {0, 0, 0, 0, 0, 0, 0, 2000},
  {0, 0, 0, 0, 0, 0, 0, 2000},
  {0, 0, 0, 0, 0, 0, 0, 2000},
  {0, 0, 0, 0, 0, 0, 0, 2000},
  {0, 0, 0, 0, 0, 0, 0, 2000},
  {0, 0, 0, 0, 0, 0, 0, 2000},
  {0, 0, 0, 0, 0, 0, 0, 2000},
  {0, 0, 0, 0, 0, 0, 0, 2000},
  {0, 0, 0, 0, 0, 0, 0, 2000},
  {0, 0, 0, 0, 0, 0, 0, 2000},
  {0, 0, 0, 0, 0, 0, 0, 2000},
  {0, 0, 0, 0, 0, 0, 0, 2000},
  {0, 0, 0, 0, 0, 0, 0, 2000},
  {0, 0, 0, 0, 0, 0, 0, 2000},
  {0, 0, 0, 0, 0, 0, 0, 2000},
  {0, 0, 0, 0, 0, 0, 0, 2000},
  {0, 0, 0, 0, 0, 0, 0, 2000},
  {0, 0, 0, 0, 0, 0, 0, 2000},
  {0, 0, 0, 0, 0, 0, 0, 2000},
  {0, 0, 0, 0, 0, 0, 0, 2000},
  {0, 0, 0, 0, 0, 0, 0, 2000},
  {0, 0, 0, 0, 0, 0, 0, 2000},
  {0, 0, 0, 0, 0, 0, 0, 2000},
  {0, 0, 0, 0, 0, 0, 0, 2000},
  {0, 0, 0, 0, 0, 0, 0, 2000},
  {0, 0, 0, 0, 0, 0, 0, 2000},
  {0, 0, 0, 0, 0, 0, 0, 2000},
  {0, 0, 0, 0, 0, 0, 0, 2000},
  {0, 0, 0, 0, 0, 0, 0, 2000},
  {0, 0, 0, 0, 0, 0, 0, 2000},
  {0, 0, 0, 0, 0, 0, 0, 2000},
  {0, 0, 0, 0, 0, 0, 0, 2000},
  {0, 0, 0, 0, 0, 0, 0, 2000},
  {0, 0, 0, 0, 0, 0, 0, 2000},
  {0, 0, 0, 0, 0, 0, 0, 2000},
  {0, 0, 0, 0, 0, 0, 0, 2000},
  {0, 0, 0, 0, 0, 0, 0, 2000},
  {0, 0, 0, 0, 0, 0, 0, 2000},
  {0, 0, 0, 0, 0, 0, 0, 2000},
  {0, 0, 0, 0, 0, 0, 0, 2000},
  {0, 0, 0, 0, 0, 0, 0, 2000},
  {0, 0, 0, 0, 0, 0, 0, 2000},
  {0, 0, 0, 0, 0, 0, 0, 2000},
  {0, 0, 0, 0, 0, 0, 0, 2000},
  {0, 0, 0, 0, 0, 0, 0, 2000},
  {0, 0, 0, 0, 0, 0, 0, 2000},
  {0, 0, 0, 0, 0, 0, 0, 2000},
  {0, 0, 0, 0, 0, 0, 0, 2000},
  {0, 0, 0, 0, 0, 0, 0, 2000},
  {0, 0, 0, 0, 0, 0, 0, 2000},
  {0, 0, 0, 0, 0, 0, 0, 2000},
  {0, 0, 0, 0, 0, 0, 0, 2000},
  {0, 0, 0, 0, 0, 0, 0, 2000},
  {0, 0, 0, 0, 0, 0, 0, 2000},
  {0, 0, 0, 0, 0, 0, 0, 2000},
  {0, 0, 0, 0, 0, 0, 0, 2000},
  {0, 0, 0, 0, 0, 0, 0, 2000},
  {0, 0, 0, 0, 0, 0, 0, 2000},
  {0, 0, 0, 0, 0, 0, 0, 2000},
  {0, 0, 0, 0, 0, 0, 0, 2000},
  {0, 0, 0, 0, 0, 0, 0, 2000},
  {0, 0, 0, 0, 0, 0, 0, 2000},
  {0, 0, 0, 0, 0, 0, 0, 2000},
  {0, 0, 0, 0, 0, 0, 0, 2000},
  {0, 0, 0, 0, 0, 0, 0, 2000},
  {0, 0, 0, 0, 0, 0, 0, 2000},
  {0, 0, 0, 0, 0, 0, 0, 2000},
  {0, 0, 0, 0, 0, 0, 0, 2000},
  {0, 0, 0, 0, 0, 0, 0, 2000},
  {0, 0, 0, 0, 0, 0, 0, 2000},
  {0, 0, 0, 0, 0, 0, 0, 2000},
  {0, 0, 0, 0, 0, 0, 0, 2000},
  {0, 0, 0, 0, 0, 0, 0, 2000},
  {0, 0, 0, 0, 0, 0, 0, 2000},
  {0, 0, 0, 0, 0, 0, 0, 2000},
  {0, 0, 0, 0, 0, 0, 0, 2000},
  {0, 0, 0, 0, 0, 0, 0, 2000},
  {0, 0, 0, 0, 0, 0, 0, 2000},
  {0, 0, 0, 0, 0, 0, 0, 2000},
  {0, 0, 0, 0, 0, 0, 0, 2000},
  {0, 0, 0, 0, 0, 0, 0, 2000},
  {0, 0, 0, 0, 0, 0, 0, 2000},
  {0, 0, 0, 0, 0, 0, 0, 2000},
  {0, 0, 0, 0, 0, 0, 0, 2000},
  {0, 0, 0, 0, 0, 0, 0, 2000},
  {0, 0, 0, 0, 0, 0, 0, 2000},
  {0, 0, 0, 0, 0, 0, 0, 2000},
  {0, 0, 0, 0, 0, 0, 0, 2000},
  {0, 0, 0, 0, 0, 0, 0, 2000},
  {0, 0, 0, 0, 0, 0, 0, 2000},
  {0, 0, 0, 0, 0, 0, 0, 2000},
  {0, 0, 0, 0, 0, 0, 0, 2000},
  {0, 0, 0, 0, 0, 0, 0, 2000},
  {0, 0, 0, 0, 0, 0, 0, 2000},
  {0, 0, 0, 0, 0, 0, 0, 2000},
  {0, 0, 0, 0, 0, 0, 0, 2000},
  {0, 0, 0, 0, 0, 0, 0, 2000},
  {0, 0, 0, 0, 0, 0, 0, 2000},
  {0, 0, 0, 0, 0, 0, 0, 2000},
  {0, 0, 0, 0, 0, 0, 0, 2000},
  {0, 0, 0, 0, 0, 0, 0, 2000},
  {0, 0, 0, 0, 0, 0, 0, 2000},
  {0, 0, 0, 0, 0, 0, 0, 2000},
  {0, 0, 0, 0, 0, 0, 0, 2000},
  {0, 0, 0, 0, 0, 0, 0, 2000},
  {0, 0, 0, 0, 0, 0, 0, 2000},
  {0, 0, 0, 0, 0, 0, 0, 2000},
  {0, 0, 0, 0, 0, 0, 0, 2000},
  {0, 0, 0, 0, 0, 0, 0, 2000},
  {0, 0, 0, 0, 0, 0, 0, 2000},
  {0, 0, 0, 0, 0, 0, 0, 2000},
  {0, 0, 0, 0, 0, 0, 0, 2000},
  {0, 0, 0, 0, 0, 0, 0, 2000},
  {0, 0, 0, 0, 0, 0, 0, 2000},
  {0, 0, 0, 0, 0, 0, 0, 2000},
  {0, 0, 0, 0, 0, 0, 0, 2000},
  {0, 0, 0, 0, 0, 0, 0, 2000},
  {0, 0, 0, 0, 0, 0, 0, 2000},
  {0, 0, 0, 0, 0, 0, 0, 2000},
  {0, 0, 0, 0, 0, 0, 0, 2000},
  {0, 0, 0, 0, 0, 0, 0, 2000},
  {0, 0, 0, 0, 0, 0, 0, 2000},
  {0, 0, 0, 0, 0, 0, 0, 2000},
  {0, 0, 0, 0, 0, 0, 0, 2000},
  {0, 0, 0, 0, 0, 0, 0, 2000},
  {0, 0, 0, 0, 0, 0, 0, 2000},
  {0, 0, 0, 0, 0, 0, 0, 2000},
  {0, 0, 0, 0, 0, 0, 0, 2000},
  {0, 0, 0, 0, 0, 0, 0, 2000},
  {0, 0, 0, 0, 0, 0, 0, 2000},
  {0, 0, 0, 0, 0, 0, 0, 2000},
  {0, 0, 0, 0, 0, 0, 0, 2000},
  {0, 0, 0, 0, 0, 0, 0, 2000},
  {0, 0, 0, 0, 0, 0, 0, 2000},
  {0, 0, 0, 0, 0, 0, 0, 2000},
  {0, 0, 0, 0, 0, 0, 0, 2000},
  {0, 0, 0, 0, 0, 0, 0, 2000},
  {0, 0, 0, 0, 0, 0, 0, 2000},
  {0, 0, 0, 0, 0, 0, 0, 2000},
  {0, 0, 0, 0, 0, 0, 0, 2000},
  {0, 0, 0, 0, 0, 0, 0, 2000},
  {0, 0, 0, 0, 0, 0, 0, 2000},
  {0, 0, 0, 0, 0, 0, 0, 2000},
  {0, 0, 0, 0, 0, 0, 0, 2000},
  {0, 0, 0, 0, 0, 0, 0, 2000},
  {0, 0, 0, 0, 0, 0, 0, 2000},
  {0, 0, 0, 0, 0, 0, 0, 2000},
  {0, 0, 0, 0, 0, 0, 0, 2000},
  {0, 0, 0, 0, 0, 0, 0, 2000},
  {0, 0, 0, 0, 0, 0, 0, 2000},
  {0, 0, 0, 0, 0, 0, 0, 2000},
  {0, 0, 0, 0, 0, 0, 0, 2000},
  {0, 0, 0, 0, 0, 0, 0, 2000},
  {0, 0, 0, 0, 0, 0, 0, 2000},
  {0, 0, 0, 0, 0, 0, 0, 2000},
  {0, 0, 0, 0, 0, 0, 0, 2000},
  {0, 0, 0, 0, 0, 0, 0, 2000},
  {0, 0, 0, 0, 0, 0, 0, 2000},
  {0, 0, 0, 0, 0, 0, 0, 2000},
  {0, 0, 0, 0, 0, 0, 0, 2000},
  {0, 0, 0, 0, 0, 0, 0, 2000},
  {0, 0, 0, 0, 0, 0, 0, 2000},
  {0, 0, 0, 0, 0, 0, 0, 2000},
  {0, 0, 0, 0, 0, 0, 0, 2000},
  {0, 0, 0, 0, 0, 0, 0, 2000},
  {0, 0, 0, 0, 0, 0, 0, 2000},
  {0, 0, 0, 0, 0, 0, 0, 2000},
  {0, 0, 0, 0, 0, 0, 0, 2000},
  {0, 0, 0, 0, 0, 0, 0, 2000},
  {0, 0, 0, 0, 0, 0, 0, 2000},
  {0, 0, 0, 0, 0, 0, 0, 2000},
  {0, 0, 0, 0, 0, 0, 0, 2000},
  {0, 0, 0, 0, 0, 0, 0, 2000},
  {0, 0, 0, 0, 0, 0, 0, 2000},
  {0, 0, 0, 0, 0, 0, 0, 2000},
  {0, 0, 0, 0, 0, 0, 0, 2000},
  {0, 0, 0, 0, 0, 0, 0, 2000},
  {0, 0, 0, 0, 0, 0, 0, 2000},
  {0, 0, 0, 0, 0, 0, 0, 2000},
  {0, 0, 0, 0, 0, 0, 0, 2000},
  {0, 0, 0, 0, 0, 0, 0, 2000},
  {0, 0, 0, 0, 0, 0, 0, 2000},
  {0, 0, 0, 0, 0, 0, 0, 2000},
  {0, 0, 0, 0, 0, 0, 0, 2000},
  {0, 0, 0, 0, 0, 0, 0, 2000},
  {0, 0, 0, 0, 0, 0, 0, 2000},
  {0, 0, 0, 0, 0, 0, 0, 2000},
  {0, 0, 0, 0, 0, 0, 0, 2000},
  {0, 0, 0, 0, 0, 0, 0, 2000},
  {0, 0, 0, 0, 0, 0, 0, 2000},
  {0, 0, 0, 0, 0, 0, 0, 2000},
  {0, 0, 0, 0, 0, 0, 0, 2000},
  {0, 0, 0, 0, 0, 0, 0, 2000},
  {0, 0, 0, 0, 0, 0, 0, 2000},
  {0, 0, 0, 0, 0, 0, 0, 2000},
  {0, 0, 0, 0, 0, 0, 0, 2000},
  {0, 0, 0, 0, 0, 0, 0, 2000},
  {0, 0, 0, 0, 0, 0, 0, 2000},
  {0, 0, 0, 0, 0, 0, 0, 2000},
  {0, 0, 0, 0, 0, 0, 0, 2000},
  {0, 0, 0, 0, 0, 0, 0, 2000},
  {0, 0, 0, 0, 0, 0, 0, 2000},
  {0, 0, 0, 0, 0, 0, 0, 2000},
  {0, 0, 0, 0, 0, 0, 0, 2000},
  {0, 0, 0, 0, 0, 0, 0, 2000},
  {0, 0, 0, 0, 0, 0, 0, 2000},
  {0, 0, 0, 0, 0, 0, 0, 2000},
  {0, 0, 0, 0, 0, 0, 0, 2000},
  {0, 0, 0, 0, 0, 0, 0, 2000},
  {0, 0, 0, 0, 0, 0, 0, 2000},
  {0, 0, 0, 0, 0, 0, 0, 2000},
  {0, 0, 0, 0, 0, 0, 0, 2000},
  {0, 0, 0, 0, 0, 0, 0, 2000},
  {0, 0, 0, 0, 0, 0, 0, 2000},
  {0, 0, 0, 0, 0, 0, 0, 2000},
  {0, 0, 0, 0, 0, 0, 0, 2000},
  {0, 0, 0, 0, 0, 0, 0, 2000},
  {0, 0, 0, 0, 0, 0, 0, 2000},
  {0, 0, 0, 0, 0, 0, 0, 2000},
  {0, 0, 0, 0, 0, 0, 0, 2000},
  {0, 0, 0, 0, 0, 0, 0, 2000},
  {0, 0, 0, 0, 0, 0, 0, 2000},
  {0, 0, 0, 0, 0, 0, 0, 2000},
  {0, 0, 0, 0, 0, 0, 0, 2000},
  {0, 0, 0, 0, 0, 0, 0, 2000},
  {0, 0, 0, 0, 0, 0, 0, 2000},
  {0, 0, 0, 0, 0, 0, 0, 2000},
  {0, 0, 0, 0, 0, 0, 0, 2000},
  {0, 0, 0, 0, 0, 0, 0, 2000},
  {0, 0, 0, 0, 0, 0, 0, 2000},
  {0, 0, 0, 0, 0, 0, 0, 2000},
  {0, 0, 0, 0, 0, 0, 0, 2000},
  {0, 0, 0, 0, 0, 0, 0, 2000},
  {0, 0, 0, 0, 0, 0, 0, 2000},
  {0, 0, 0, 0, 0, 0, 0, 2000},
  {0, 0, 0, 0, 0, 0, 0, 2000},
  {0, 0, 0, 0, 0, 0, 0, 2000},
  {0, 0, 0, 0, 0, 0, 0, 2000},
  {0, 0, 0, 0, 0, 0, 0, 2000},
  {0, 0, 0, 0, 0, 0, 0, 2000},
  {0, 0, 0, 0, 0, 0, 0, 2000},
  {0, 0, 0, 0, 0, 0, 0, 2000},
  {0, 0, 0, 0, 0, 0, 0, 2000},
  {0, 0, 0, 0, 0, 0, 0, 2000},
  {0, 0, 0, 0, 0, 0, 0, 2000},
  {0, 0, 0, 0, 0, 0, 0, 2000},
  {0, 0, 0, 0, 0, 0, 0, 2000},
  {0, 0, 0, 0, 0, 0, 0, 2000},
  {0, 0, 0, 0, 0, 0, 0, 2000},
  {0, 0, 0, 0, 0, 0, 0, 2000},
  {0, 0, 0, 0, 0, 0, 0, 2000},
  {0, 0, 0, 0, 0, 0, 0, 2000},
  {0, 0, 0, 0, 0, 0, 0, 2000},
  {0, 0, 0, 0, 0, 0, 0, 2000},
  {0, 0, 0, 0, 0, 0, 0, 2000},
  {0, 0, 0, 0, 0, 0, 0, 2000},
  {0, 0, 0, 0, 0, 0, 0, 2000},
  {0, 0, 0, 0, 0, 0, 0, 2000},
  {0, 0, 0, 0, 0, 0, 0, 2000},
  {0, 0, 0, 0, 0, 0, 0, 2000},
  {0, 0, 0, 0, 0, 0, 0, 2000},
  {0, 0, 0, 0, 0, 0, 0, 2000},
  {0, 0, 0, 0, 0, 0, 0, 2000},
  {0, 0, 0, 0, 0, 0, 0, 2000},
  {0, 0, 0, 0, 0, 0, 0, 2000},
  {0, 0, 0, 0, 0, 0, 0, 2000},
  {0, 0, 0, 0, 0, 0, 0, 2000},
  {0, 0, 0, 0, 0, 0, 0, 2000},
  {0, 0, 0, 0, 0, 0, 0, 2000},
  {0, 0, 0, 0, 0, 0, 0, 2000},
  {0, 0, 0, 0, 0, 0, 0, 2000},
  {0, 0, 0, 0, 0, 0, 0, 2000},
  {0, 0, 0, 0, 0, 0, 0, 2000},
  {0, 0, 0, 0, 0, 0, 0, 2000},
  {0, 0, 0, 0, 0, 0, 0, 2000},
  {0, 0, 0, 0, 0, 0, 0, 2000},
  {0, 0, 0, 0, 0, 0, 0, 2000},
  {0, 0, 0, 0, 0, 0, 0, 2000},
  {0, 0, 0, 0, 0, 0, 0, 2000},
  {0, 0, 0, 0, 0, 0, 0, 2000},
  {0, 0, 0, 0, 0, 0, 0, 2000},
  {0, 0, 0, 0, 0, 0, 0, 2000},
  {0, 0, 0, 0, 0, 0, 0, 2000},
  {0, 0, 0, 0, 0, 0, 0, 2000},
  {0, 0, 0, 0, 0, 0, 0, 2000},
  {0, 0, 0, 0, 0, 0, 0, 2000},
  {0, 0, 0, 0, 0, 0, 0, 2000},
  {0, 0, 0, 0, 0, 0, 0, 2000},
  {0, 0, 0, 0, 0, 0, 0, 2000},
  {0, 0, 0, 0, 0, 0, 0, 2000},
  {0, 0, 0, 0, 0, 0, 0, 2000},
  {0, 0, 0, 0, 0, 0, 0, 2000},
  {0, 0, 0, 0, 0, 0, 0, 2000},
  {0, 0, 0, 0, 0, 0, 0, 2000},
  {0, 0, 0, 0, 0, 0, 0, 2000},
  {0, 0, 0, 0, 0, 0, 0, 2000},
  {0, 0, 0, 0, 0, 0, 0, 2000},
  {0, 0, 0, 0, 0, 0, 0, 2000},
  {0, 0, 0, 0, 0, 0, 0, 2000},
  {0, 0, 0, 0, 0, 0, 0, 2000},
  {0, 0, 0, 0, 0, 0, 0, 2000},
  {0, 0, 0, 0, 0, 0, 0, 2000},
  {0, 0, 0, 0, 0, 0, 0, 2000},
  {0, 0, 0, 0, 0, 0, 0, 2000},
  {0, 0, 0, 0, 0, 0, 0, 2000},
  {0, 0, 0, 0, 0, 0, 0, 2000},
  {0, 0, 0, 0, 0, 0, 0, 2000},
  {0, 0, 0, 0, 0, 0, 0, 2000},
  {0, 0, 0, 0, 0, 0, 0, 2000},
  {0, 0, 0, 0, 0, 0, 0, 2000},
  {0, 0, 0, 0, 0, 0, 0, 2000},
  {0, 0, 0, 0, 0, 0, 0, 2000},
  {0, 0, 0, 0, 0, 0, 0, 2000},
  {0, 0, 0, 0, 0, 0, 0, 2000},
  {0, 0, 0, 0, 0, 0, 0, 2000},
  {0, 0, 0, 0, 0, 0, 0, 2000},
  {0, 0, 0, 0, 0, 0, 0, 2000},
  {0, 0, 0, 0, 0, 0, 0, 2000},
  {0, 0, 0, 0, 0, 0, 0, 2000},
  {0, 0, 0, 0, 0, 0, 0, 2000},
  {0, 0, 0, 0, 0, 0, 0, 2000},
  {0, 0, 0, 0, 0, 0, 0, 2000},
  {0, 0, 0, 0, 0, 0, 0, 2000},
  {0, 0, 0, 0, 0, 0, 0, 2000},
  {0, 0, 0, 0, 0, 0, 0, 2000},
  {0, 0, 0, 0, 0, 0, 0, 2000},
  {0, 0, 0, 0, 0, 0, 0, 2000},
  {0, 0, 0, 0, 0, 0, 0, 2000},
  {0, 0, 0, 0, 0, 0, 0, 2000},
  {0, 0, 0, 0, 0, 0, 0, 2000},
  {0, 0, 0, 0, 0, 0, 0, 2000},
  {0, 0, 0, 0, 0, 0, 0, 2000},
  {0, 0, 0, 0, 0, 0, 0, 2000},
  {0, 0, 0, 0, 0, 0, 0, 2000},
  {0, 0, 0, 0, 0, 0, 0, 2000},
  {0, 0, 0, 0, 0, 0, 0, 2000},
  {0, 0, 0, 0, 0, 0, 0, 2000},
  {0, 0, 0, 0, 0, 0, 0, 2000},
  {0, 0, 0, 0, 0, 0, 0, 2000},
  {0, 0, 0, 0, 0, 0, 0, 2000},
  {0, 0, 0, 0, 0, 0, 0, 2000},
  {0, 0, 0, 0, 0, 0, 0, 2000},
  {0, 0, 0, 0, 0, 0, 0, 2000},
  {0, 0, 0, 0, 0, 0, 0, 2000},
  {0, 0, 0, 0, 0, 0, 0, 2000},
  {0, 0, 0, 0, 0, 0, 0, 2000},
  {0, 0, 0, 0, 0, 0, 0, 2000},
  {0, 0, 0, 0, 0, 0, 0, 2000},
  {0, 0, 0, 0, 0, 0, 0, 2000},
  {0, 0, 0, 0, 0, 0, 0, 2000},
  {0, 0, 0, 0, 0, 0, 0, 2000},
  {0, 0, 0, 0, 0, 0, 0, 2000},
  {0, 0, 0, 0, 0, 0, 0, 2000},
  {0, 0, 0, 0, 0, 0, 0, 2000},
  {0, 0, 0, 0, 0, 0, 0, 2000},
  {0, 0, 0, 0, 0, 0, 0, 2000},
  {0, 0, 0, 0, 0, 0, 0, 2000},
  {0, 0, 0, 0, 0, 0, 0, 2000},
  {0, 0, 0, 0, 0, 0, 0, 2000},
  {0, 0, 0, 0, 0, 0, 0, 2000},
  {0, 0, 0, 0, 0, 0, 0, 2000},
  {0, 0, 0, 0, 0, 0, 0, 2000},
  {0, 0, 0, 0, 0, 0, 0, 2000},
  {0, 0, 0, 0, 0, 0, 0, 2000},
  {0, 0, 0, 0, 0, 0, 0, 2000},
  {0, 0, 0, 0, 0, 0, 0, 2000},
  {0, 0, 0, 0, 0, 0, 0, 2000},
  {0, 0, 0, 0, 0, 0, 0, 2000},
  {0, 0, 0, 0, 0, 0, 0, 2000},
  {0, 0, 0, 0, 0, 0, 0, 2000},
  {0, 0, 0, 0, 0, 0, 0, 2000},
  {0, 0, 0, 0, 0, 0, 0, 2000},
  {0, 0, 0, 0, 0, 0, 0, 2000},
  {0, 0, 0, 0, 0, 0, 0, 2000},
  {0, 0, 0, 0, 0, 0, 0, 2000},
  {0, 0, 0, 0, 0, 0, 0, 2000},
  {0, 0, 0, 0, 0, 0, 0, 2000},
  {0, 0, 0, 0, 0, 0, 0, 2000},
  {0, 0, 0, 0, 0, 0, 0, 2000},
  {0, 0, 0, 0, 0, 0, 0, 2000},
  {0, 0, 0, 0, 0, 0, 0, 2000},
  {0, 0, 0, 0, 0, 0, 0, 2000},
  {0, 0, 0, 0, 0, 0, 0, 2000},
  {0, 0, 0, 0, 0, 0, 0, 2000},
  {0, 0, 0, 0, 0, 0, 0, 2000},
  {0, 0, 0, 0, 0, 0, 0, 2000},
  {0, 0, 0, 0, 0, 0, 0, 2000},
  {0, 0, 0, 0, 0, 0, 0, 2000},
  {0, 0, 0, 0, 0, 0, 0, 2000},
  {0, 0, 0, 0, 0, 0, 0, 2000},
  {0, 0, 0, 0, 0, 0, 0, 2000},
  {0, 0, 0, 0, 0, 0, 0, 2000},
  {0, 0, 0, 0, 0, 0, 0, 2000},
  {0, 0, 0, 0, 0, 0, 0, 2000},
  {0, 0, 0, 0, 0, 0, 0, 2000},
  {0, 0, 0, 0, 0, 0, 0, 2000},
  {0, 0, 0, 0, 0, 0, 0, 2000},
  {0, 0, 0, 0, 0, 0, 0, 2000},
  {0, 0, 0, 0, 0, 0, 0, 2000},
  {0, 0, 0, 0, 0, 0, 0, 2000},
  {0, 0, 0, 0, 0, 0, 0, 2000},
  {0, 0, 0, 0, 0, 0, 0, 2000},
  {0, 0, 0, 0, 0, 0, 0, 2000},
  {0, 0, 0, 0, 0, 0, 0, 2000},
  {0, 0, 0, 0, 0, 0, 0, 2000},
  {0, 0, 0, 0, 0, 0, 0, 2000},
  {0, 0, 0, 0, 0, 0, 0, 2000},
  {0, 0, 0, 0, 0, 0, 0, 2000},
  {0, 0, 0, 0, 0, 0, 0, 2000},
  {0, 0, 0, 0, 0, 0, 0, 2000},
  {0, 0, 0, 0, 0, 0, 0, 2000},
  {0, 0, 0, 0, 0, 0, 0, 2000},
  {0, 0, 0, 0, 0, 0, 0, 2000},
  {0, 0, 0, 0, 0, 0, 0, 2000},
  {0, 0, 0, 0, 0, 0, 0, 2000},
  {0, 0, 0, 0, 0, 0, 0, 2000},
  {0, 0, 0, 0, 0, 0, 0, 2000},
  {0, 0, 0, 0, 0, 0, 0, 2000},
  {0, 0, 0, 0, 0, 0, 0, 2000},
  {0, 0, 0, 0, 0, 0, 0, 2000},
  {0, 0, 0, 0, 0, 0, 0, 2000},
  {0, 0, 0, 0, 0, 0, 0, 2000},
  {0, 0, 0, 0, 0, 0, 0, 2000},
  {0, 0, 0, 0, 0, 0, 0, 2000},
  {0, 0, 0, 0, 0, 0, 0, 2000},
  {0, 0, 0, 0, 0, 0, 0, 2000},
  {0, 0, 0, 0, 0, 0, 0, 2000},
  {0, 0, 0, 0, 0, 0, 0, 2000},
  {0, 0, 0, 0, 0, 0, 0, 2000},
  {0, 0, 0, 0, 0, 0, 0, 2000},
  {0, 0, 0, 0, 0, 0, 0, 2000},
  {0, 0, 0, 0, 0, 0, 0, 2000},
  {0, 0, 0, 0, 0, 0, 0, 2000},
  {0, 0, 0, 0, 0, 0, 0, 2000},
  {0, 0, 0, 0, 0, 0, 0, 2000},
  {0, 0, 0, 0, 0, 0, 0, 2000},
  {0, 0, 0, 0, 0, 0, 0, 2000},
  {0, 0, 0, 0, 0, 0, 0, 2000},
  {0, 0, 0, 0, 0, 0, 0, 2000},
  {0, 0, 0, 0, 0, 0, 0, 2000},
  {0, 0, 0, 0, 0, 0, 0, 2000},
  {0, 0, 0, 0, 0, 0, 0, 2000},
  {0, 0, 0, 0, 0, 0, 0, 2000},
  {0, 0, 0, 0, 0, 0, 0, 2000},
  {0, 0, 0, 0, 0, 0, 0, 2000},
  {0, 0, 0, 0, 0, 0, 0, 2000},
  {0, 0, 0, 0, 0, 0, 0, 2000},
  {0, 0, 0, 0, 0, 0, 0, 2000},
  {0, 0, 0, 0, 0, 0, 0, 2000},
  {0, 0, 0, 0, 0, 0, 0, 2000},
  {0, 0, 0, 0, 0, 0, 0, 2000},
  {0, 0, 0, 0, 0, 0, 0, 2000},
  {0, 0, 0, 0, 0, 0, 0, 2000},
  {0, 0, 0, 0, 0, 0, 0, 2000},
  {0, 0, 0, 0, 0, 0, 0, 2000},
  {0, 0, 0, 0, 0, 0, 0, 2000},
  {0, 0, 0, 0, 0, 0, 0, 2000},
  {0, 0, 0, 0, 0, 0, 0, 2000},
  {0, 0, 0, 0, 0, 0, 0, 2000},
  {0, 0, 0, 0, 0, 0, 0, 2000},
  {0, 0, 0, 0, 0, 0, 0, 2000},
  {0, 0, 0, 0, 0, 0, 0, 2000},
  {0, 0, 0, 0, 0, 0, 0, 2000},
  {0, 0, 0, 0, 0, 0, 0, 2000},
  {0, 0, 0, 0, 0, 0, 0, 2000},
  {0, 0, 0, 0, 0, 0, 0, 2000},
  {0, 0, 0, 0, 0, 0, 0, 2000},
  {0, 0, 0, 0, 0, 0, 0, 2000},
  {0, 0, 0, 0, 0, 0, 0, 2000},
  {0, 0, 0, 0, 0, 0, 0, 2000},
  {0, 0, 0, 0, 0, 0, 0, 2000},
  {0, 0, 0, 0, 0, 0, 0, 2000},
  {0, 0, 0, 0, 0, 0, 0, 2000},
  {0, 0, 0, 0, 0, 0, 0, 2000},
  {0, 0, 0, 0, 0, 0, 0, 2000},
  {0, 0, 0, 0, 0, 0, 0, 2000},
  {0, 0, 0, 0, 0, 0, 0, 2000},
  {0, 0, 0, 0, 0, 0, 0, 2000},
  {0, 0, 0, 0, 0, 0, 0, 2000},
  {0, 0, 0, 0, 0, 0, 0, 2000},
  {0, 0, 0, 0, 0, 0, 0, 2000},
  {0, 0, 0, 0, 0, 0, 0, 2000},
  {0, 0, 0, 0, 0, 0, 0, 2000},
  {0, 0, 0, 0, 0, 0, 0, 2000},
  {0, 0, 0, 0, 0, 0, 0, 2000},
  {0, 0, 0, 0, 0, 0, 0, 2000},
  {0, 0, 0, 0, 0, 0, 0, 2000},
  {0, 0, 0, 0, 0, 0, 0, 2000},
  {0, 0, 0, 0, 0, 0, 0, 2000},
  {0, 0, 0, 0, 0, 0, 0, 2000},
  {0, 0, 0, 0, 0, 0, 0, 2000},
  {0, 0, 0, 0, 0, 0, 0, 2000},
  {0, 0, 0, 0, 0, 0, 0, 2000},
  {0, 0, 0, 0, 0, 0, 0, 2000},
  {0, 0, 0, 0, 0, 0, 0, 2000},
  {0, 0, 0, 0, 0, 0, 0, 2000},
  {0, 0, 0, 0, 0, 0, 0, 2000},
  {0, 0, 0, 0, 0, 0, 0, 2000},
  {0, 0, 0, 0, 0, 0, 0, 2000},
  {0, 0, 0, 0, 0, 0, 0, 2000},
  {0, 0, 0, 0, 0, 0, 0, 2000},
  {0, 0, 0, 0, 0, 0, 0, 2000},
  {0, 0, 0, 0, 0, 0, 0, 2000},
  {0, 0, 0, 0, 0, 0, 0, 2000},
  {0, 0, 0, 0, 0, 0, 0, 2000},
  {0, 0, 0, 0, 0, 0, 0, 2000},
  {0, 0, 0, 0, 0, 0, 0, 2000},
  {0, 0, 0, 0, 0, 0, 0, 2000},
  {0, 0, 0, 0, 0, 0, 0, 2000},
  {0, 0, 0, 0, 0, 0, 0, 2000},
  {0, 0, 0, 0, 0, 0, 0, 2000},
  {0, 0, 0, 0, 0, 0, 0, 2000},
  {0, 0, 0, 0, 0, 0, 0, 2000},
  {0, 0, 0, 0, 0, 0, 0, 2000},
  {0, 0, 0, 0, 0, 0, 0, 2000},
  {0, 0, 0, 0, 0, 0, 0, 2000},
  {0, 0, 0, 0, 0, 0, 0, 2000},
  {0, 0, 0, 0, 0, 0, 0, 2000},
  {0, 0, 0, 0, 0, 0, 0, 2000},
  {0, 0, 0, 0, 0, 0, 0, 2000},
  {0, 0, 0, 0, 0, 0, 0, 2000},
  {0, 0, 0, 0, 0, 0, 0, 2000},
  {0, 0, 0, 0, 0, 0, 0, 2000},
  {0, 0, 0, 0, 0, 0, 0, 2000},
  {0, 0, 0, 0, 0, 0, 0, 2000},
  {0, 0, 0, 0, 0, 0, 0, 2000},
  {0, 0, 0, 0, 0, 0, 0, 2000},
  {0, 0, 0, 0, 0, 0, 0, 2000},
  {0, 0, 0, 0, 0, 0, 0, 2000},
  {0, 0, 0, 0, 0, 0, 0, 2000},
  {0, 0, 0, 0, 0, 0, 0, 2000},
  {0, 0, 0, 0, 0, 0, 0, 2000},
  {0, 0, 0, 0, 0, 0, 0, 2000},
  {0, 0, 0, 0, 0, 0, 0, 2000},
  {0, 0, 0, 0, 0, 0, 0, 2000},
  {0, 0, 0, 0, 0, 0, 0, 2000},
  {0, 0, 0, 0, 0, 0, 0, 2000},
  {0, 0, 0, 0, 0, 0, 0, 2000},
  {0, 0, 0, 0, 0, 0, 0, 2000},
  {0, 0, 0, 0, 0, 0, 0, 2000},
  {0, 0, 0, 0, 0, 0, 0, 2000},
  {0, 0, 0, 0, 0, 0, 0, 2000},
  {0, 0, 0, 0, 0, 0, 0, 2000},
  {0, 0, 0, 0, 0, 0, 0, 2000},
  {0, 0, 0, 0, 0, 0, 0, 2000},
  {0, 0, 0, 0, 0, 0, 0, 2000},
  {0, 0, 0, 0, 0, 0, 0, 2000},
  {0, 0, 0, 0, 0, 0, 0, 2000},
  {0, 0, 0, 0, 0, 0, 0, 2000},
  {0, 0, 0, 0, 0, 0, 0, 2000},
  {0, 0, 0, 0, 0, 0, 0, 2000},
  {0, 0, 0, 0, 0, 0, 0, 2000},
  {0, 0, 0, 0, 0, 0, 0, 2000},
  {0, 0, 0, 0, 0, 0, 0, 2000},
  {0, 0, 0, 0, 0, 0, 0, 2000},
  {0, 0, 0, 0, 0, 0, 0, 2000},
  {0, 0, 0, 0, 0, 0, 0, 2000},
  {0, 0, 0, 0, 0, 0, 0, 2000},
  {0, 0, 0, 0, 0, 0, 0, 2000},
  {0, 0, 0, 0, 0, 0, 0, 2000},
  {0, 0, 0, 0, 0, 0, 0, 2000},
  {0, 0, 0, 0, 0, 0, 0, 2000},
  {0, 0, 0, 0, 0, 0, 0, 2000},
  {0, 0, 0, 0, 0, 0, 0, 2000},
  {0, 0, 0, 0, 0, 0, 0, 2000},
  {0, 0, 0, 0, 0, 0, 0, 2000},
  {0, 0, 0, 0, 0, 0, 0, 2000},
  {0, 0, 0, 0, 0, 0, 0, 2000},
  {0, 0, 0, 0, 0, 0, 0, 2000},
  {0, 0, 0, 0, 0, 0, 0, 2000},
  {0, 0, 0, 0, 0, 0, 0, 2000},
  {0, 0, 0, 0, 0, 0, 0, 2000},
  {0, 0, 0, 0, 0, 0, 0, 2000},
  {0, 0, 0, 0, 0, 0, 0, 2000},
  {0, 0, 0, 0, 0, 0, 0, 2000},
  {0, 0, 0, 0, 0, 0, 0, 2000},
  {0, 0, 0, 0, 0, 0, 0, 2000},
  {0, 0, 0, 0, 0, 0, 0, 2000},
  {0, 0, 0, 0, 0, 0, 0, 2000},
  {0, 0, 0, 0, 0, 0, 0, 2000},
  {0, 0, 0, 0, 0, 0, 0, 2000},
  {0, 0, 0, 0, 0, 0, 0, 2000},
  {0, 0, 0, 0, 0, 0, 0, 2000},
  {0, 0, 0, 0, 0, 0, 0, 2000},
  {0, 0, 0, 0, 0, 0, 0, 2000},
  {0, 0, 0, 0, 0, 0, 0, 2000},
  {0, 0, 0, 0, 0, 0, 0, 2000},
  {0, 0, 0, 0, 0, 0, 0, 2000},
  {0, 0, 0, 0, 0, 0, 0, 2000},
  {0, 0, 0, 0, 0, 0, 0, 2000},
  {0, 0, 0, 0, 0, 0, 0, 2000},
  {0, 0, 0, 0, 0, 0, 0, 2000},
  {0, 0, 0, 0, 0, 0, 0, 2000},
  {0, 0, 0, 0, 0, 0, 0, 2000},
  {0, 0, 0, 0, 0, 0, 0, 2000},
  {0, 0, 0, 0, 0, 0, 0, 2000},
  {0, 0, 0, 0, 0, 0, 0, 2000},
  {0, 0, 0, 0, 0, 0, 0, 2000},
  {0, 0, 0, 0, 0, 0, 0, 2000},
  {0, 0, 0, 0, 0, 0, 0, 2000},
  {0, 0, 0, 0, 0, 0, 0, 2000},
  {0, 0, 0, 0, 0, 0, 0, 2000},
  {0, 0, 0, 0, 0, 0, 0, 2000},
  {0, 0, 0, 0, 0, 0, 0, 2000},
  {0, 0, 0, 0, 0, 0, 0, 2000},
  {0, 0, 0, 0, 0, 0, 0, 2000},
  {0, 0, 0, 0, 0, 0, 0, 2000},
  {0, 0, 0, 0, 0, 0, 0, 2000},
  {0, 0, 0, 0, 0, 0, 0, 2000},
  {0, 0, 0, 0, 0, 0, 0, 2000},
  {0, 0, 0, 0, 0, 0, 0, 2000},
  {0, 0, 0, 0, 0, 0, 0, 2000},
  {0, 0, 0, 0, 0, 0, 0, 2000},
  {0, 0, 0, 0, 0, 0, 0, 2000},
  {0, 0, 0, 0, 0, 0, 0, 2000},
  {0, 0, 0, 0, 0, 0, 0, 2000},
  {0, 0, 0, 0, 0, 0, 0, 2000},
  {0, 0, 0, 0, 0, 0, 0, 2000},
  {0, 0, 0, 0, 0, 0, 0, 2000},
  {0, 0, 0, 0, 0, 0, 0, 2000},
  {0, 0, 0, 0, 0, 0, 0, 2000},
  {0, 0, 0, 0, 0, 0, 0, 2000},
  {0, 0, 0, 0, 0, 0, 0, 2000},
  {0, 0, 0, 0, 0, 0, 0, 2000},
  {0, 0, 0, 0, 0, 0, 0, 2000},
  {0, 0, 0, 0, 0, 0, 0, 2000},
  {0, 0, 0, 0, 0, 0, 0, 2000},
  {0, 0, 0, 0, 0, 0, 0, 2000},
  {0, 0, 0, 0, 0, 0, 0, 2000},
  {0, 0, 0, 0, 0, 0, 0, 2000},
  {0, 0, 0, 0, 0, 0, 0, 2000},
  {0, 0, 0, 0, 0, 0, 0, 2000},
  {0, 0, 0, 0, 0, 0, 0, 2000},
  {0, 0, 0, 0, 0, 0, 0, 2000},
  {0, 0, 0, 0, 0, 0, 0, 2000},
  {0, 0, 0, 0, 0, 0, 0, 2000},
  {0, 0, 0, 0, 0, 0, 0, 2000},
  {0, 0, 0, 0, 0, 0, 0, 2000},
  {0, 0, 0, 0, 0, 0, 0, 2000},
  {0, 0, 0, 0, 0, 0, 0, 2000},
  {0, 0, 0, 0, 0, 0, 0, 2000},
  {0, 0, 0, 0, 0, 0, 0, 2000},
  {0, 0, 0, 0, 0, 0, 0, 2000},
  {0, 0, 0, 0, 0, 0, 0, 2000},
  {0, 0, 0, 0, 0, 0, 0, 2000},
  {0, 0, 0, 0, 0, 0, 0, 2000},
  {0, 0, 0, 0, 0, 0, 0, 2000},
  {0, 0, 0, 0, 0, 0, 0, 2000},
  {0, 0, 0, 0, 0, 0, 0, 2000},
  {0, 0, 0, 0, 0, 0, 0, 2000},
  {0, 0, 0, 0, 0, 0, 0, 2000},
  {0, 0, 0, 0, 0, 0, 0, 2000},
  {0, 0, 0, 0, 0, 0, 0, 2000},
  {0, 0, 0, 0, 0, 0, 0, 2000},
  {0, 0, 0, 0, 0, 0, 0, 2000},
  {0, 0, 0, 0, 0, 0, 0, 2000},
  {0, 0, 0, 0, 0, 0, 0, 2000},
  {0, 0, 0, 0, 0, 0, 0, 2000},
  {0, 0, 0, 0, 0, 0, 0, 2000},
  {0, 0, 0, 0, 0, 0, 0, 2000},
  {0, 0, 0, 0, 0, 0, 0, 2000},
  {0, 0, 0, 0, 0, 0, 0, 2000},
  {0, 0, 0, 0, 0, 0, 0, 2000},
  {0, 0, 0, 0, 0, 0, 0, 2000},
  {0, 0, 0, 0, 0, 0, 0, 2000},
  {0, 0, 0, 0, 0, 0, 0, 2000},
  {0, 0, 0, 0, 0, 0, 0, 2000},
  {0, 0, 0, 0, 0, 0, 0, 2000},
  {0, 0, 0, 0, 0, 0, 0, 2000},
  {0, 0, 0, 0, 0, 0, 0, 2000},
  {0, 0, 0, 0, 0, 0, 0, 2000},
  {0, 0, 0, 0, 0, 0, 0, 2000},
  {0, 0, 0, 0, 0, 0, 0, 2000},
  {0, 0, 0, 0, 0, 0, 0, 2000},
  {0, 0, 0, 0, 0, 0, 0, 2000},
  {0, 0, 0, 0, 0, 0, 0, 2000},
  {0, 0, 0, 0, 0, 0, 0, 2000},
  {0, 0, 0, 0, 0, 0, 0, 2000},
  {0, 0, 0, 0, 0, 0, 0, 2000},
  {0, 0, 0, 0, 0, 0, 0, 2000},
  {0, 0, 0, 0, 0, 0, 0, 2000},
  {0, 0, 0, 0, 0, 0, 0, 2000},
  {0, 0, 0, 0, 0, 0, 0, 2000},
  {0, 0, 0, 0, 0, 0, 0, 2000},
  {0, 0, 0, 0, 0, 0, 0, 2000},
  {0, 0, 0, 0, 0, 0, 0, 2000},
  {0, 0, 0, 0, 0, 0, 0, 2000},
  {0, 0, 0, 0, 0, 0, 0, 2000},
  {0, 0, 0, 0, 0, 0, 0, 2000},
  {0, 0, 0, 0, 0, 0, 0, 2000},
  {0, 0, 0, 0, 0, 0, 0, 2000},
  {0, 0, 0, 0, 0, 0, 0, 2000},
  {0, 0, 0, 0, 0, 0, 0, 2000},
  {0, 0, 0, 0, 0, 0, 0, 2000},
  {0, 0, 0, 0, 0, 0, 0, 2000},
  {0, 0, 0, 0, 0, 0, 0, 2000},
  {0, 0, 0, 0, 0, 0, 0, 2000},
  {0, 0, 0, 0, 0, 0, 0, 2000},
  {0, 0, 0, 0, 0, 0, 0, 2000},
  {0, 0, 0, 0, 0, 0, 0, 2000},
  {0, 0, 0, 0, 0, 0, 0, 2000},
  {0, 0, 0, 0, 0, 0, 0, 2000},
  {0, 0, 0, 0, 0, 0, 0, 2000},
  {0, 0, 0, 0, 0, 0, 0, 2000},
  {0, 0, 0, 0, 0, 0, 0, 2000},
  {0, 0, 0, 0, 0, 0, 0, 2000},
  {0, 0, 0, 0, 0, 0, 0, 2000},
  {0, 0, 0, 0, 0, 0, 0, 2000},
  {0, 0, 0, 0, 0, 0, 0, 2000},
  {0, 0, 0, 0, 0, 0, 0, 2000},
  {0, 0, 0, 0, 0, 0, 0, 2000},
  {0, 0, 0, 0, 0, 0, 0, 2000},
  {0, 0, 0, 0, 0, 0, 0, 2000},
  {0, 0, 0, 0, 0, 0, 0, 2000},
  {0, 0, 0, 0, 0, 0, 0, 2000},
  {0, 0, 0, 0, 0, 0, 0, 2000},
  {0, 0, 0, 0, 0, 0, 0, 2000},
  {0, 0, 0, 0, 0, 0, 0, 2000},
  {0, 0, 0, 0, 0, 0, 0, 2000},
  {0, 0, 0, 0, 0, 0, 0, 2000},
  {0, 0, 0, 0, 0, 0, 0, 2000},
  {0, 0, 0, 0, 0, 0, 0, 2000},
  {0, 0, 0, 0, 0, 0, 0, 2000},
  {0, 0, 0, 0, 0, 0, 0, 2000},
  {0, 0, 0, 0, 0, 0, 0, 2000},
  {0, 0, 0, 0, 0, 0, 0, 2000},
  {0, 0, 0, 0, 0, 0, 0, 2000},
  {0, 0, 0, 0, 0, 0, 0, 2000},
  {0, 0, 0, 0, 0, 0, 0, 2000},
  {0, 0, 0, 0, 0, 0, 0, 2000},
  {0, 0, 0, 0, 0, 0, 0, 2000},
  {0, 0, 0, 0, 0, 0, 0, 2000},
  {0, 0, 0, 0, 0, 0, 0, 2000},
  {0, 0, 0, 0, 0, 0, 0, 2000},
  {0, 0, 0, 0, 0, 0, 0, 2000},
  {0, 0, 0, 0, 0, 0, 0, 2000},
  {0, 0, 0, 0, 0, 0, 0, 2000},
  {0, 0, 0, 0, 0, 0, 0, 2000},
  {0, 0, 0, 0, 0, 0, 0, 2000},
  {0, 0, 0, 0, 0, 0, 0, 2000},
  {0, 0, 0, 0, 0, 0, 0, 2000},
  {0, 0, 0, 0, 0, 0, 0, 2000},
  {0, 0, 0, 0, 0, 0, 0, 2000},
  {0, 0, 0, 0, 0, 0, 0, 2000},
  {0, 0, 0, 0, 0, 0, 0, 2000},
  {0, 0, 0, 0, 0, 0, 0, 2000},
  {0, 0, 0, 0, 0, 0, 0, 2000},
  {0, 0, 0, 0, 0, 0, 0, 2000},
  {0, 0, 0, 0, 0, 0, 0, 2000},
  {0, 0, 0, 0, 0, 0, 0, 2000},
  {0, 0, 0, 0, 0, 0, 0, 2000},
  {0, 0, 0, 0, 0, 0, 0, 2000},
  {0, 0, 0, 0, 0, 0, 0, 2000},
  {0, 0, 0, 0, 0, 0, 0, 2000},
  {0, 0, 0, 0, 0, 0, 0, 2000},
  {0, 0, 0, 0, 0, 0, 0, 2000},
  {0, 0, 0, 0, 0, 0, 0, 2000},
  {0, 0, 0, 0, 0, 0, 0, 2000},
  {0, 0, 0, 0, 0, 0, 0, 2000},
  {0, 0, 0, 0, 0, 0, 0, 2000},
  {0, 0, 0, 0, 0, 0, 0, 2000},
  {0, 0, 0, 0, 0, 0, 0, 2000},
  {0, 0, 0, 0, 0, 0, 0, 2000},
  {0, 0, 0, 0, 0, 0, 0, 2000},
  {0, 0, 0, 0, 0, 0, 0, 2000},
  {0, 0, 0, 0, 0, 0, 0, 2000},
  {0, 0, 0, 0, 0, 0, 0, 2000},
  {0, 0, 0, 0, 0, 0, 0, 2000},
  {0, 0, 0, 0, 0, 0, 0, 2000},
  {0, 0, 0, 0, 0, 0, 0, 2000},
  {0, 0, 0, 0, 0, 0, 0, 2000},
  {0, 0, 0, 0, 0, 0, 0, 2000},
  {0, 0, 0, 0, 0, 0, 0, 2000},
  {0, 0, 0, 0, 0, 0, 0, 2000},
  {0, 0, 0, 0, 0, 0, 0, 2000},
  {0, 0, 0, 0, 0, 0, 0, 2000},
  {0, 0, 0, 0, 0, 0, 0, 2000},
  {0, 0, 0, 0, 0, 0, 0, 2000},
  {0, 0, 0, 0, 0, 0, 0, 2000},
  {0, 0, 0, 0, 0, 0, 0, 2000},
  {0, 0, 0, 0, 0, 0, 0, 2000},
  {0, 0, 0, 0, 0, 0, 0, 2000},
  {0, 0, 0, 0, 0, 0, 0, 2000},
  {0, 0, 0, 0, 0, 0, 0, 2000},
  {0, 0, 0, 0, 0, 0, 0, 2000},
  {0, 0, 0, 0, 0, 0, 0, 2000},
  {0, 0, 0, 0, 0, 0, 0, 2000},
  {0, 0, 0, 0, 0, 0, 0, 2000},
  {0, 0, 0, 0, 0, 0, 0, 2000},
  {0, 0, 0, 0, 0, 0, 0, 2000},
  {0, 0, 0, 0, 0, 0, 0, 2000},
  {0, 0, 0, 0, 0, 0, 0, 2000},
  {0, 0, 0, 0, 0, 0, 0, 2000},
  {0, 0, 0, 0, 0, 0, 0, 2000},
  {0, 0, 0, 0, 0, 0, 0, 2000},
  {0, 0, 0, 0, 0, 0, 0, 2000},
  {0, 0, 0, 0, 0, 0, 0, 2000},
  {0, 0, 0, 0, 0, 0, 0, 2000},
  {0, 0, 0, 0, 0, 0, 0, 2000},
  {0, 0, 0, 0, 0, 0, 0, 2000},
  {0, 0, 0, 0, 0, 0, 0, 2000},
  {0, 0, 0, 0, 0, 0, 0, 2000},
  {0, 0, 0, 0, 0, 0, 0, 2000},
  {0, 0, 0, 0, 0, 0, 0, 2000},
  {0, 0, 0, 0, 0, 0, 0, 2000},
  {0, 0, 0, 0, 0, 0, 0, 2000},
  {0, 0, 0, 0, 0, 0, 0, 2000},
  {0, 0, 0, 0, 0, 0, 0, 2000},
  {0, 0, 0, 0, 0, 0, 0, 2000},
  {0, 0, 0, 0, 0, 0, 0, 2000},
  {0, 0, 0, 0, 0, 0, 0, 2000},
  {0, 0, 0, 0, 0, 0, 0, 2000},
  {0, 0, 0, 0, 0, 0, 0, 2000},
  {0, 0, 0, 0, 0, 0, 0, 2000},
  {0, 0, 0, 0, 0, 0, 0, 2000},
  {0, 0, 0, 0, 0, 0, 0, 2000},
  {0, 0, 0, 0, 0, 0, 0, 2000},
  {0, 0, 0, 0, 0, 0, 0, 2000},
  {0, 0, 0, 0, 0, 0, 0, 2000},
  {0, 0, 0, 0, 0, 0, 0, 2000},
  {0, 0, 0, 0, 0, 0, 0, 2000},
  {0, 0, 0, 0, 0, 0, 0, 2000},
  {0, 0, 0, 0, 0, 0, 0, 2000},
  {0, 0, 0, 0, 0, 0, 0, 2000},
  {0, 0, 0, 0, 0, 0, 0, 2000},
  {0, 0, 0, 0, 0, 0, 0, 2000},
  {0, 0, 0, 0, 0, 0, 0, 2000},
  {0, 0, 0, 0, 0, 0, 0, 2000},
  {0, 0, 0, 0, 0, 0, 0, 2000},
  {0, 0, 0, 0, 0, 0, 0, 2000},
  {0, 0, 0, 0, 0, 0, 0, 2000},
  {0, 0, 0, 0, 0, 0, 0, 2000},
  {0, 0, 0, 0, 0, 0, 0, 2000},
  {0, 0, 0, 0, 0, 0, 0, 2000},
  {0, 0, 0, 0, 0, 0, 0, 2000},
  {0, 0, 0, 0, 0, 0, 0, 2000},
  {0, 0, 0, 0, 0, 0, 0, 2000},
  {0, 0, 0, 0, 0, 0, 0, 2000},
  {0, 0, 0, 0, 0, 0, 0, 2000},
  {0, 0, 0, 0, 0, 0, 0, 2000},
  {0, 0, 0, 0, 0, 0, 0, 2000},
  {0, 0, 0, 0, 0, 0, 0, 2000},
  {0, 0, 0, 0, 0, 0, 0, 2000},
  {0, 0, 0, 0, 0, 0, 0, 2000},
  {0, 0, 0, 0, 0, 0, 0, 2000},
  {0, 0, 0, 0, 0, 0, 0, 2000},
  {0, 0, 0, 0, 0, 0, 0, 2000},
  {0, 0, 0, 0, 0, 0, 0, 2000},
  {0, 0, 0, 0, 0, 0, 0, 2000},
  {0, 0, 0, 0, 0, 0, 0, 2000},
  {0, 0, 0, 0, 0, 0, 0, 2000},
  {0, 0, 0, 0, 0, 0, 0, 2000},
  {0, 0, 0, 0, 0, 0, 0, 2000},
  {0, 0, 0, 0, 0, 0, 0, 2000},
  {0, 0, 0, 0, 0, 0, 0, 2000},
  {0, 0, 0, 0, 0, 0, 0, 2000},
  {0, 0, 0, 0, 0, 0, 0, 2000},
  {0, 0, 0, 0, 0, 0, 0, 2000},
  {0, 0, 0, 0, 0, 0, 0, 2000},
  {0, 0, 0, 0, 0, 0, 0, 2000},
  {0, 0, 0, 0, 0, 0, 0, 2000},
  {0, 0, 0, 0, 0, 0, 0, 2000},
  {0, 0, 0, 0, 0, 0, 0, 2000},
  {0, 0, 0, 0, 0, 0, 0, 2000},
  {0, 0, 0, 0, 0, 0, 0, 2000},
  {0, 0, 0, 0, 0, 0, 0, 2000},
  {0, 0, 0, 0, 0, 0, 0, 2000},
  {0, 0, 0, 0, 0, 0, 0, 2000},
  {0, 0, 0, 0, 0, 0, 0, 2000},
  {0, 0, 0, 0, 0, 0, 0, 2000},
  {0, 0, 0, 0, 0, 0, 0, 2000},
  {0, 0, 0, 0, 0, 0, 0, 2000},
  {0, 0, 0, 0, 0, 0, 0, 2000},
  {0, 0, 0, 0, 0, 0, 0, 2000},
  {0, 0, 0, 0, 0, 0, 0, 2000},
  {0, 0, 0, 0, 0, 0, 0, 2000},
  {0, 0, 0, 0, 0, 0, 0, 2000},
  {0, 0, 0, 0, 0, 0, 0, 2000},
  {0, 0, 0, 0, 0, 0, 0, 2000},
  {0, 0, 0, 0, 0, 0, 0, 2000},
  {0, 0, 0, 0, 0, 0, 0, 2000},
  {0, 0, 0, 0, 0, 0, 0, 2000},
  {0, 0, 0, 0, 0, 0, 0, 2000},
  {0, 0, 0, 0, 0, 0, 0, 2000},
  {0, 0, 0, 0, 0, 0, 0, 2000},
  {0, 0, 0, 0, 0, 0, 0, 2000},
  {0, 0, 0, 0, 0, 0, 0, 2000},
  {0, 0, 0, 0, 0, 0, 0, 2000},
  {0, 0, 0, 0, 0, 0, 0, 2000},
  {0, 0, 0, 0, 0, 0, 0, 2000},
  {0, 0, 0, 0, 0, 0, 0, 2000},
  {0, 0, 0, 0, 0, 0, 0, 2000},
  {0, 0, 0, 0, 0, 0, 0, 2000},
  {0, 0, 0, 0, 0, 0, 0, 2000},
  {0, 0, 0, 0, 0, 0, 0, 2000},
  {0, 0, 0, 0, 0, 0, 0, 2000},
  {0, 0, 0, 0, 0, 0, 0, 2000},
  {0, 0, 0, 0, 0, 0, 0, 2000},
  {0, 0, 0, 0, 0, 0, 0, 2000},
  {0, 0, 0, 0, 0, 0, 0, 2000},
  {0, 0, 0, 0, 0, 0, 0, 2000},
  {0, 0, 0, 0, 0, 0, 0, 2000},
  {0, 0, 0, 0, 0, 0, 0, 2000},
  {0, 0, 0, 0, 0, 0, 0, 2000},
  {0, 0, 0, 0, 0, 0, 0, 2000},
  {0, 0, 0, 0, 0, 0, 0, 2000},
  {0, 0, 0, 0, 0, 0, 0, 2000},
  {0, 0, 0, 0, 0, 0, 0, 2000},
  {0, 0, 0, 0, 0, 0, 0, 2000},
  {0, 0, 0, 0, 0, 0, 0, 2000},
  {0, 0, 0, 0, 0, 0, 0, 2000},
  {0, 0, 0, 0, 0, 0, 0, 2000},
  {0, 0, 0, 0, 0, 0, 0, 2000},
  {0, 0, 0, 0, 0, 0, 0, 2000},
  {0, 0, 0, 0, 0, 0, 0, 2000},
  {0, 0, 0, 0, 0, 0, 0, 2000},
  {0, 0, 0, 0, 0, 0, 0, 2000},
  {0, 0, 0, 0, 0, 0, 0, 2000},
  {0, 0, 0, 0, 0, 0, 0, 2000},
  {0, 0, 0, 0, 0, 0, 0, 2000},
  {0, 0, 0, 0, 0, 0, 0, 2000},
  {0, 0, 0, 0, 0, 0, 0, 2000},
  {0, 0, 0, 0, 0, 0, 0, 2000},
  {0, 0, 0, 0, 0, 0, 0, 2000},
  {0, 0, 0, 0, 0, 0, 0, 2000},
  {0, 0, 0, 0, 0, 0, 0, 2000},
  {0, 0, 0, 0, 0, 0, 0, 2000},
  {0, 0, 0, 0, 0, 0, 0, 2000},
  {0, 0, 0, 0, 0, 0, 0, 2000},
  {0, 0, 0, 0, 0, 0, 0, 2000},
  {0, 0, 0, 0, 0, 0, 0, 2000},
  {0, 0, 0, 0, 0, 0, 0, 2000},
  {0, 0, 0, 0, 0, 0, 0, 2000},
  {0, 0, 0, 0, 0, 0, 0, 2000},
  {0, 0, 0, 0, 0, 0, 0, 2000},
  {0, 0, 0, 0, 0, 0, 0, 2000},
  {0, 0, 0, 0, 0, 0, 0, 2000},
  {0, 0, 0, 0, 0, 0, 0, 2000},
  {0, 0, 0, 0, 0, 0, 0, 2000},
  {0, 0, 0, 0, 0, 0, 0, 2000},
  {0, 0, 0, 0, 0, 0, 0, 2000},
  {0, 0, 0, 0, 0, 0, 0, 2000},
  {0, 0, 0, 0, 0, 0, 0, 2000},
  {0, 0, 0, 0, 0, 0, 0, 2000},
  {0, 0, 0, 0, 0, 0, 0, 2000},
  {0, 0, 0, 0, 0, 0, 0, 2000},
  {0, 0, 0, 0, 0, 0, 0, 2000},
  {0, 0, 0, 0, 0, 0, 0, 2000},
  {0, 0, 0, 0, 0, 0, 0, 2000},
  {0, 0, 0, 0, 0, 0, 0, 2000},
  {0, 0, 0, 0, 0, 0, 0, 2000},
  {0, 0, 0, 0, 0, 0, 0, 2000},
  {0, 0, 0, 0, 0, 0, 0, 2000},
  {0, 0, 0, 0, 0, 0, 0, 2000},
  {0, 0, 0, 0, 0, 0, 0, 2000},
  {0, 0, 0, 0, 0, 0, 0, 2000},
  {0, 0, 0, 0, 0, 0, 0, 2000},
  {0, 0, 0, 0, 0, 0, 0, 2000},
  {0, 0, 0, 0, 0, 0, 0, 2000},
  {0, 0, 0, 0, 0, 0, 0, 2000},
  {0, 0, 0, 0, 0, 0, 0, 2000},
  {0, 0, 0, 0, 0, 0, 0, 2000},
  {0, 0, 0, 0, 0, 0, 0, 2000},
  {0, 0, 0, 0, 0, 0, 0, 2000},
  {0, 0, 0, 0, 0, 0, 0, 2000},
  {0, 0, 0, 0, 0, 0, 0, 2000},
  {0, 0, 0, 0, 0, 0, 0, 2000},
  {0, 0, 0, 0, 0, 0, 0, 2000},
  {0, 0, 0, 0, 0, 0, 0, 2000},
  {0, 0, 0, 0, 0, 0, 0, 2000},
  {0, 0, 0, 0, 0, 0, 0, 2000},
  {0, 0, 0, 0, 0, 0, 0, 2000},
  {0, 0, 0, 0, 0, 0, 0, 2000},
  {0, 0, 0, 0, 0, 0, 0, 2000},
  {0, 0, 0, 0, 0, 0, 0, 2000},
  {0, 0, 0, 0, 0, 0, 0, 2000},
  {0, 0, 0, 0, 0, 0, 0, 2000},
  {0, 0, 0, 0, 0, 0, 0, 2000},
  {0, 0, 0, 0, 0, 0, 0, 2000},
  {0, 0, 0, 0, 0, 0, 0, 2000},
  {0, 0, 0, 0, 0, 0, 0, 2000},
  {0, 0, 0, 0, 0, 0, 0, 2000},
  {0, 0, 0, 0, 0, 0, 0, 2000},
  {0, 0, 0, 0, 0, 0, 0, 2000},
  {0, 0, 0, 0, 0, 0, 0, 2000},
  {0, 0, 0, 0, 0, 0, 0, 2000},
  {0, 0, 0, 0, 0, 0, 0, 2000},
  {0, 0, 0, 0, 0, 0, 0, 2000},
  {0, 0, 0, 0, 0, 0, 0, 2000},
  {0, 0, 0, 0, 0, 0, 0, 2000},
  {0, 0, 0, 0, 0, 0, 0, 2000},
  {0, 0, 0, 0, 0, 0, 0, 2000},
  {0, 0, 0, 0, 0, 0, 0, 2000},
  {0, 0, 0, 0, 0, 0, 0, 2000},
  {0, 0, 0, 0, 0, 0, 0, 2000},
  {0, 0, 0, 0, 0, 0, 0, 2000},
  {0, 0, 0, 0, 0, 0, 0, 2000},
  {0, 0, 0, 0, 0, 0, 0, 2000},
  {0, 0, 0, 0, 0, 0, 0, 2000},
  {0, 0, 0, 0, 0, 0, 0, 2000},
  {0, 0, 0, 0, 0, 0, 0, 2000},
  {0, 0, 0, 0, 0, 0, 0, 2000},
  {0, 0, 0, 0, 0, 0, 0, 2000},
  {0, 0, 0, 0, 0, 0, 0, 2000},
  {0, 0, 0, 0, 0, 0, 0, 2000},
  {0, 0, 0, 0, 0, 0, 0, 2000},
  {0, 0, 0, 0, 0, 0, 0, 2000},
  {0, 0, 0, 0, 0, 0, 0, 2000},
  {0, 0, 0, 0, 0, 0, 0, 2000},
  {0, 0, 0, 0, 0, 0, 0, 2000},
  {0, 0, 0, 0, 0, 0, 0, 2000},
  {0, 0, 0, 0, 0, 0, 0, 2000},
  {0, 0, 0, 0, 0, 0, 0, 2000},
  {0, 0, 0, 0, 0, 0, 0, 2000},
  {0, 0, 0, 0, 0, 0, 0, 2000},
  {0, 0, 0, 0, 0, 0, 0, 2000},
  {0, 0, 0, 0, 0, 0, 0, 2000},
  {0, 0, 0, 0, 0, 0, 0, 2000},
  {0, 0, 0, 0, 0, 0, 0, 2000},
  {0, 0, 0, 0, 0, 0, 0, 2000},
  {0, 0, 0, 0, 0, 0, 0, 2000},
  {0, 0, 0, 0, 0, 0, 0, 2000},
  {0, 0, 0, 0, 0, 0, 0, 2000},
  {0, 0, 0, 0, 0, 0, 0, 2000},
  {0, 0, 0, 0, 0, 0, 0, 2000},
  {0, 0, 0, 0, 0, 0, 0, 2000},
  {0, 0, 0, 0, 0, 0, 0, 2000},
  {0, 0, 0, 0, 0, 0, 0, 2000},
  {0, 0, 0, 0, 0, 0, 0, 2000},
  {0, 0, 0, 0, 0, 0, 0, 2000},
  {0, 0, 0, 0, 0, 0, 0, 2000},
  {0, 0, 0, 0, 0, 0, 0, 2000},
  {0, 0, 0, 0, 0, 0, 0, 2000},
  {0, 0, 0, 0, 0, 0, 0, 2000},
  {0, 0, 0, 0, 0, 0, 0, 2000},
  {0, 0, 0, 0, 0, 0, 0, 2000},
  {0, 0, 0, 0, 0, 0, 0, 2000},
  {0, 0, 0, 0, 0, 0, 0, 2000},
  {0, 0, 0, 0, 0, 0, 0, 2000},
  {0, 0, 0, 0, 0, 0, 0, 2000},
  {0, 0, 0, 0, 0, 0, 0, 2000},
  {0, 0, 0, 0, 0, 0, 0, 2000},
  {0, 0, 0, 0, 0, 0, 0, 2000},
  {0, 0, 0, 0, 0, 0, 0, 2000},
  {0, 0, 0, 0, 0, 0, 0, 2000},
  {0, 0, 0, 0, 0, 0, 0, 2000},
  {0, 0, 0, 0, 0, 0, 0, 2000},
  {0, 0, 0, 0, 0, 0, 0, 2000},
  {0, 0, 0, 0, 0, 0, 0, 2000},
  {0, 0, 0, 0, 0, 0, 0, 2000},
  {0, 0, 0, 0, 0, 0, 0, 2000},
  {0, 0, 0, 0, 0, 0, 0, 2000},
  {0, 0, 0, 0, 0, 0, 0, 2000},
  {0, 0, 0, 0, 0, 0, 0, 2000},
  {0, 0, 0, 0, 0, 0, 0, 2000},
  {0, 0, 0, 0, 0, 0, 0, 2000},
  {0, 0, 0, 0, 0, 0, 0, 2000},
  {0, 0, 0, 0, 0, 0, 0, 2000},
  {0, 0, 0, 0, 0, 0, 0, 2000},
  {0, 0, 0, 0, 0, 0, 0, 2000},
  {0, 0, 0, 0, 0, 0, 0, 2000},
  {0, 0, 0, 0, 0, 0, 0, 2000},
  {0, 0, 0, 0, 0, 0, 0, 2000},
  {0, 0, 0, 0, 0, 0, 0, 2000},
  {0, 0, 0, 0, 0, 0, 0, 2000},
  {0, 0, 0, 0, 0, 0, 0, 2000},
  {0, 0, 0, 0, 0, 0, 0, 2000},
  {0, 0, 0, 0, 0, 0, 0, 2000},
  {0, 0, 0, 0, 0, 0, 0, 2000},
  {0, 0, 0, 0, 0, 0, 0, 2000},
  {0, 0, 0, 0, 0, 0, 0, 2000},
  {0, 0, 0, 0, 0, 0, 0, 2000},
  {0, 0, 0, 0, 0, 0, 0, 2000},
  {0, 0, 0, 0, 0, 0, 0, 2000},
  {0, 0, 0, 0, 0, 0, 0, 2000},
  {0, 0, 0, 0, 0, 0, 0, 2000},
  {0, 0, 0, 0, 0, 0, 0, 2000},
  {0, 0, 0, 0, 0, 0, 0, 2000},
  {0, 0, 0, 0, 0, 0, 0, 2000},
  {0, 0, 0, 0, 0, 0, 0, 2000},
  {0, 0, 0, 0, 0, 0, 0, 2000},
  {0, 0, 0, 0, 0, 0, 0, 2000},
  {0, 0, 0, 0, 0, 0, 0, 2000},
  {0, 0, 0, 0, 0, 0, 0, 2000},
  {0, 0, 0, 0, 0, 0, 0, 2000},
  {0, 0, 0, 0, 0, 0, 0, 2000},
  {0, 0, 0, 0, 0, 0, 0, 2000},
  {0, 0, 0, 0, 0, 0, 0, 2000},
  {0, 0, 0, 0, 0, 0, 0, 2000},
  {0, 0, 0, 0, 0, 0, 0, 2000},
  {0, 0, 0, 0, 0, 0, 0, 2000},
  {0, 0, 0, 0, 0, 0, 0, 2000},
  {0, 0, 0, 0, 0, 0, 0, 2000},
  {0, 0, 0, 0, 0, 0, 0, 2000},
  {0, 0, 0, 0, 0, 0, 0, 2000},
  {0, 0, 0, 0, 0, 0, 0, 2000},
  {0, 0, 0, 0, 0, 0, 0, 2000},
  {0, 0, 0, 0, 0, 0, 0, 2000},
  {0, 0, 0, 0, 0, 0, 0, 2000},
  {0, 0, 0, 0, 0, 0, 0, 2000},
  {0, 0, 0, 0, 0, 0, 0, 2000},
  {0, 0, 0, 0, 0, 0, 0, 2000},
  {0, 0, 0, 0, 0, 0, 0, 2000},
  {0, 0, 0, 0, 0, 0, 0, 2000},
  {0, 0, 0, 0, 0, 0, 0, 2000},
  {0, 0, 0, 0, 0, 0, 0, 2000},
  {0, 0, 0, 0, 0, 0, 0, 2000},
  {0, 0, 0, 0, 0, 0, 0, 2000},
  {0, 0, 0, 0, 0, 0, 0, 2000},
  {0, 0, 0, 0, 0, 0, 0, 2000},
  {0, 0, 0, 0, 0, 0, 0, 2000},
  {0, 0, 0, 0, 0, 0, 0, 2000},
  {0, 0, 0, 0, 0, 0, 0, 2000},
  {0, 0, 0, 0, 0, 0, 0, 2000},
  {0, 0, 0, 0, 0, 0, 0, 2000},
  {0, 0, 0, 0, 0, 0, 0, 2000},
  {0, 0, 0, 0, 0, 0, 0, 2000},
  {0, 0, 0, 0, 0, 0, 0, 2000},
  {0, 0, 0, 0, 0, 0, 0, 2000},
  {0, 0, 0, 0, 0, 0, 0, 2000},
  {0, 0, 0, 0, 0, 0, 0, 2000},
  {0, 0, 0, 0, 0, 0, 0, 2000},
  {0, 0, 0, 0, 0, 0, 0, 2000},
  {0, 0, 0, 0, 0, 0, 0, 2000},
  {0, 0, 0, 0, 0, 0, 0, 2000},
  {0, 0, 0, 0, 0, 0, 0, 2000},
  {0, 0, 0, 0, 0, 0, 0, 2000},
  {0, 0, 0, 0, 0, 0, 0, 2000},
  {0, 0, 0, 0, 0, 0, 0, 2000},
  {0, 0, 0, 0, 0, 0, 0, 2000},
  {0, 0, 0, 0, 0, 0, 0, 2000},
  {0, 0, 0, 0, 0, 0, 0, 2000},
  {0, 0, 0, 0, 0, 0, 0, 2000},
  {0, 0, 0, 0, 0, 0, 0, 2000},
  {0, 0, 0, 0, 0, 0, 0, 2000},
  {0, 0, 0, 0, 0, 0, 0, 2000},
  {0, 0, 0, 0, 0, 0, 0, 2000},
  {0, 0, 0, 0, 0, 0, 0, 2000},
  {0, 0, 0, 0, 0, 0, 0, 2000},
  {0, 0, 0, 0, 0, 0, 0, 2000},
  {0, 0, 0, 0, 0, 0, 0, 2000},
  {0, 0, 0, 0, 0, 0, 0, 2000},
  {0, 0, 0, 0, 0, 0, 0, 2000},
  {0, 0, 0, 0, 0, 0, 0, 2000},
  {0, 0, 0, 0, 0, 0, 0, 2000},
  {0, 0, 0, 0, 0, 0, 0, 2000},
  {0, 0, 0, 0, 0, 0, 0, 2000},
  {0, 0, 0, 0, 0, 0, 0, 2000},
  {0, 0, 0, 0, 0, 0, 0, 2000},
  {0, 0, 0, 0, 0, 0, 0, 2000},
  {0, 0, 0, 0, 0, 0, 0, 2000},
  {0, 0, 0, 0, 0, 0, 0, 2000},
  {0, 0, 0, 0, 0, 0, 0, 2000},
  {0, 0, 0, 0, 0, 0, 0, 2000},
  {0, 0, 0, 0, 0, 0, 0, 2000},
  {0, 0, 0, 0, 0, 0, 0, 2000},
  {0, 0, 0, 0, 0, 0, 0, 2000},
  {0, 0, 0, 0, 0, 0, 0, 2000},
  {0, 0, 0, 0, 0, 0, 0, 2000},
  {0, 0, 0, 0, 0, 0, 0, 2000},
  {0, 0, 0, 0, 0, 0, 0, 2000},
  {0, 0, 0, 0, 0, 0, 0, 2000},
  {0, 0, 0, 0, 0, 0, 0, 2000},
  {0, 0, 0, 0, 0, 0, 0, 2000},
  {0, 0, 0, 0, 0, 0, 0, 2000},
  {0, 0, 0, 0, 0, 0, 0, 2000},
  {0, 0, 0, 0, 0, 0, 0, 2000},
  {0, 0, 0, 0, 0, 0, 0, 2000},
  {0, 0, 0, 0, 0, 0, 0, 2000},
  {0, 0, 0, 0, 0, 0, 0, 2000},
  {0, 0, 0, 0, 0, 0, 0, 2000},
  {0, 0, 0, 0, 0, 0, 0, 2000},
  {0, 0, 0, 0, 0, 0, 0, 2000},
  {0, 0, 0, 0, 0, 0, 0, 2000},
  {0, 0, 0, 0, 0, 0, 0, 2000},
  {0, 0, 0, 0, 0, 0, 0, 2000},
  {0, 0, 0, 0, 0, 0, 0, 2000},
  {0, 0, 0, 0, 0, 0, 0, 2000},
  {0, 0, 0, 0, 0, 0, 0, 2000},
  {0, 0, 0, 0, 0, 0, 0, 2000},
  {0, 0, 0, 0, 0, 0, 0, 2000},
  {0, 0, 0, 0, 0, 0, 0, 2000},
  {0, 0, 0, 0, 0, 0, 0, 2000},
  {0, 0, 0, 0, 0, 0, 0, 2000},
  {0, 0, 0, 0, 0, 0, 0, 2000},
  {0, 0, 0, 0, 0, 0, 0, 2000},
  {0, 0, 0, 0, 0, 0, 0, 2000},
  {0, 0, 0, 0, 0, 0, 0, 2000},
  {0, 0, 0, 0, 0, 0, 0, 2000},
  {0, 0, 0, 0, 0, 0, 0, 2000},
  {0, 0, 0, 0, 0, 0, 0, 2000},
  {0, 0, 0, 0, 0, 0, 0, 2000},
  {0, 0, 0, 0, 0, 0, 0, 2000},
  {0, 0, 0, 0, 0, 0, 0, 2000},
  {0, 0, 0, 0, 0, 0, 0, 2000},
  {0, 0, 0, 0, 0, 0, 0, 2000},
  {0, 0, 0, 0, 0, 0, 0, 2000},
  {0, 0, 0, 0, 0, 0, 0, 2000},
  {0, 0, 0, 0, 0, 0, 0, 2000},
  {0, 0, 0, 0, 0, 0, 0, 2000},
  {0, 0, 0, 0, 0, 0, 0, 2000},
  {0, 0, 0, 0, 0, 0, 0, 2000},
  {0, 0, 0, 0, 0, 0, 0, 2000},
  {0, 0, 0, 0, 0, 0, 0, 2000},
  {0, 0, 0, 0, 0, 0, 0, 2000},
  {0, 0, 0, 0, 0, 0, 0, 2000},
  {0, 0, 0, 0, 0, 0, 0, 2000},
  {0, 0, 0, 0, 0, 0, 0, 2000},
  {0, 0, 0, 0, 0, 0, 0, 2000},
  {0, 0, 0, 0, 0, 0, 0, 2000},
  {0, 0, 0, 0, 0, 0, 0, 2000},
  {0, 0, 0, 0, 0, 0, 0, 2000},
  {0, 0, 0, 0, 0, 0, 0, 2000},
  {0, 0, 0, 0, 0, 0, 0, 2000},
  {0, 0, 0, 0, 0, 0, 0, 2000},
  {0, 0, 0, 0, 0, 0, 0, 2000},
  {0, 0, 0, 0, 0, 0, 0, 2000},
  {0, 0, 0, 0, 0, 0, 0, 2000},
  {0, 0, 0, 0, 0, 0, 0, 2000},
  {0, 0, 0, 0, 0, 0, 0, 2000},
  {0, 0, 0, 0, 0, 0, 0, 2000},
  {0, 0, 0, 0, 0, 0, 0, 2000},
  {0, 0, 0, 0, 0, 0, 0, 2000},
  {0, 0, 0, 0, 0, 0, 0, 2000},
  {0, 0, 0, 0, 0, 0, 0, 2000},
  {0, 0, 0, 0, 0, 0, 0, 2000},
  {0, 0, 0, 0, 0, 0, 0, 2000},
  {0, 0, 0, 0, 0, 0, 0, 2000},
  {0, 0, 0, 0, 0, 0, 0, 2000},
  {0, 0, 0, 0, 0, 0, 0, 2000},
  {0, 0, 0, 0, 0, 0, 0, 2000},
  {0, 0, 0, 0, 0, 0, 0, 2000},
  {0, 0, 0, 0, 0, 0, 0, 2000},
  {0, 0, 0, 0, 0, 0, 0, 2000},
  {0, 0, 0, 0, 0, 0, 0, 2000},
  {0, 0, 0, 0, 0, 0, 0, 2000},
  {0, 0, 0, 0, 0, 0, 0, 2000},
  {0, 0, 0, 0, 0, 0, 0, 2000},
  {0, 0, 0, 0, 0, 0, 0, 2000},
  {0, 0, 0, 0, 0, 0, 0, 2000},
  {0, 0, 0, 0, 0, 0, 0, 2000},
  {0, 0, 0, 0, 0, 0, 0, 2000},
  {0, 0, 0, 0, 0, 0, 0, 2000},
  {0, 0, 0, 0, 0, 0, 0, 2000},
  {0, 0, 0, 0, 0, 0, 0, 2000},
  {0, 0, 0, 0, 0, 0, 0, 2000},
  {0, 0, 0, 0, 0, 0, 0, 2000},
  {0, 0, 0, 0, 0, 0, 0, 2000},
  {0, 0, 0, 0, 0, 0, 0, 2000},
  {0, 0, 0, 0, 0, 0, 0, 2000},
  {0, 0, 0, 0, 0, 0, 0, 2000},
  {0, 0, 0, 0, 0, 0, 0, 2000},
  {0, 0, 0, 0, 0, 0, 0, 2000},
  {0, 0, 0, 0, 0, 0, 0, 2000},
  {0, 0, 0, 0, 0, 0, 0, 2000},
  {0, 0, 0, 0, 0, 0, 0, 2000},
  {0, 0, 0, 0, 0, 0, 0, 2000},
  {0, 0, 0, 0, 0, 0, 0, 2000},
  {0, 0, 0, 0, 0, 0, 0, 2000},
  {0, 0, 0, 0, 0, 0, 0, 2000},
  {0, 0, 0, 0, 0, 0, 0, 2000},
  {0, 0, 0, 0, 0, 0, 0, 2000},
  {0, 0, 0, 0, 0, 0, 0, 2000},
  {0, 0, 0, 0, 0, 0, 0, 2000},
  {0, 0, 0, 0, 0, 0, 0, 2000},
  {0, 0, 0, 0, 0, 0, 0, 2000},
  {0, 0, 0, 0, 0, 0, 0, 2000},
  {0, 0, 0, 0, 0, 0, 0, 2000},
  {0, 0, 0, 0, 0, 0, 0, 2000},
  {0, 0, 0, 0, 0, 0, 0, 2000},
  {0, 0, 0, 0, 0, 0, 0, 2000},
  {0, 0, 0, 0, 0, 0, 0, 2000},
  {0, 0, 0, 0, 0, 0, 0, 2000},
  {0, 0, 0, 0, 0, 0, 0, 2000},
  {0, 0, 0, 0, 0, 0, 0, 2000},
  {0, 0, 0, 0, 0, 0, 0, 2000},
  {0, 0, 0, 0, 0, 0, 0, 2000},
  {0, 0, 0, 0, 0, 0, 0, 2000},
  {0, 0, 0, 0, 0, 0, 0, 2000},
  {0, 0, 0, 0, 0, 0, 0, 2000},
  {0, 0, 0, 0, 0, 0, 0, 2000},
  {0, 0, 0, 0, 0, 0, 0, 2000},
  {0, 0, 0, 0, 0, 0, 0, 2000},
  {0, 0, 0, 0, 0, 0, 0, 2000},
  {0, 0, 0, 0, 0, 0, 0, 2000},
  {0, 0, 0, 0, 0, 0, 0, 2000},
  {0, 0, 0, 0, 0, 0, 0, 2000},
  {0, 0, 0, 0, 0, 0, 0, 2000},
  {0, 0, 0, 0, 0, 0, 0, 2000},
  {0, 0, 0, 0, 0, 0, 0, 2000},
  {0, 0, 0, 0, 0, 0, 0, 2000},
  {0, 0, 0, 0, 0, 0, 0, 2000},
  {0, 0, 0, 0, 0, 0, 0, 2000},
  {0, 0, 0, 0, 0, 0, 0, 2000},
  {0, 0, 0, 0, 0, 0, 0, 2000},
  {0, 0, 0, 0, 0, 0, 0, 2000},
  {0, 0, 0, 0, 0, 0, 0, 2000},
  {0, 0, 0, 0, 0, 0, 0, 2000},
  {0, 0, 0, 0, 0, 0, 0, 2000},
  {0, 0, 0, 0, 0, 0, 0, 2000},
  {0, 0, 0, 0, 0, 0, 0, 2000},
  {0, 0, 0, 0, 0, 0, 0, 2000},
  {0, 0, 0, 0, 0, 0, 0, 2000},
  {0, 0, 0, 0, 0, 0, 0, 2000},
  {0, 0, 0, 0, 0, 0, 0, 2000},
  {0, 0, 0, 0, 0, 0, 0, 2000},
  {0, 0, 0, 0, 0, 0, 0, 2000},
  {0, 0, 0, 0, 0, 0, 0, 2000},
  {0, 0, 0, 0, 0, 0, 0, 2000},
  {0, 0, 0, 0, 0, 0, 0, 2000},
  {0, 0, 0, 0, 0, 0, 0, 2000},
  {0, 0, 0, 0, 0, 0, 0, 2000},
  {0, 0, 0, 0, 0, 0, 0, 2000},
  {0, 0, 0, 0, 0, 0, 0, 2000},
  {0, 0, 0, 0, 0, 0, 0, 2000},
  {0, 0, 0, 0, 0, 0, 0, 2000},
  {0, 0, 0, 0, 0, 0, 0, 2000},
  {0, 0, 0, 0, 0, 0, 0, 2000},
  {0, 0, 0, 0, 0, 0, 0, 2000},
  {0, 0, 0, 0, 0, 0, 0, 2000},
  {0, 0, 0, 0, 0, 0, 0, 2000},
  {0, 0, 0, 0, 0, 0, 0, 2000},
  {0, 0, 0, 0, 0, 0, 0, 2000},
  {0, 0, 0, 0, 0, 0, 0, 2000},
  {0, 0, 0, 0, 0, 0, 0, 2000},
  {0, 0, 0, 0, 0, 0, 0, 2000},
  {0, 0, 0, 0, 0, 0, 0, 2000},
  {0, 0, 0, 0, 0, 0, 0, 2000},
  {0, 0, 0, 0, 0, 0, 0, 2000},
  {0, 0, 0, 0, 0, 0, 0, 2000},
  {0, 0, 0, 0, 0, 0, 0, 2000},
  {0, 0, 0, 0, 0, 0, 0, 2000},
  {0, 0, 0, 0, 0, 0, 0, 2000},
  {0, 0, 0, 0, 0, 0, 0, 2000},
  {0, 0, 0, 0, 0, 0, 0, 2000},
  {0, 0, 0, 0, 0, 0, 0, 2000},
  {0, 0, 0, 0, 0, 0, 0, 2000},
  {0, 0, 0, 0, 0, 0, 0, 2000},
  {0, 0, 0, 0, 0, 0, 0, 2000},
  {0, 0, 0, 0, 0, 0, 0, 2000},
  {0, 0, 0, 0, 0, 0, 0, 2000},
  {0, 0, 0, 0, 0, 0, 0, 2000},
  {0, 0, 0, 0, 0, 0, 0, 2000},
  {0, 0, 0, 0, 0, 0, 0, 2000},
  {0, 0, 0, 0, 0, 0, 0, 2000},
  {0, 0, 0, 0, 0, 0, 0, 2000},
  {0, 0, 0, 0, 0, 0, 0, 2000},
  {0, 0, 0, 0, 0, 0, 0, 2000},
  {0, 0, 0, 0, 0, 0, 0, 2000},
  {0, 0, 0, 0, 0, 0, 0, 2000},
  {0, 0, 0, 0, 0, 0, 0, 2000},
  {0, 0, 0, 0, 0, 0, 0, 2000},
  {0, 0, 0, 0, 0, 0, 0, 2000},
  {0, 0, 0, 0, 0, 0, 0, 2000},
  {0, 0, 0, 0, 0, 0, 0, 2000},
  {0, 0, 0, 0, 0, 0, 0, 2000},
  {0, 0, 0, 0, 0, 0, 0, 2000},
  {0, 0, 0, 0, 0, 0, 0, 2000},
  {0, 0, 0, 0, 0, 0, 0, 2000},
  {0, 0, 0, 0, 0, 0, 0, 2000},
  {0, 0, 0, 0, 0, 0, 0, 2000},
  {0, 0, 0, 0, 0, 0, 0, 2000},
  {0, 0, 0, 0, 0, 0, 0, 2000},
  {0, 0, 0, 0, 0, 0, 0, 2000},
  {0, 0, 0, 0, 0, 0, 0, 2000},
  {0, 0, 0, 0, 0, 0, 0, 2000},
  {0, 0, 0, 0, 0, 0, 0, 2000},
  {0, 0, 0, 0, 0, 0, 0, 2000},
  {0, 0, 0, 0, 0, 0, 0, 2000},
  {0, 0, 0, 0, 0, 0, 0, 2000},
  {0, 0, 0, 0, 0, 0, 0, 2000},
  {0, 0, 0, 0, 0, 0, 0, 2000},
  {0, 0, 0, 0, 0, 0, 0, 2000},
  {0, 0, 0, 0, 0, 0, 0, 2000},
  {0, 0, 0, 0, 0, 0, 0, 2000},
  {0, 0, 0, 0, 0, 0, 0, 2000},
  {0, 0, 0, 0, 0, 0, 0, 2000},
  {0, 0, 0, 0, 0, 0, 0, 2000},
  {0, 0, 0, 0, 0, 0, 0, 2000},
  {0, 0, 0, 0, 0, 0, 0, 2000},
  {0, 0, 0, 0, 0, 0, 0, 2000},
  {0, 0, 0, 0, 0, 0, 0, 2000},
  {0, 0, 0, 0, 0, 0, 0, 2000},
  {0, 0, 0, 0, 0, 0, 0, 2000},
  {0, 0, 0, 0, 0, 0, 0, 2000},
  {0, 0, 0, 0, 0, 0, 0, 2000},
  {0, 0, 0, 0, 0, 0, 0, 2000},
  {0, 0, 0, 0, 0, 0, 0, 2000},
  {0, 0, 0, 0, 0, 0, 0, 2000},
  {0, 0, 0, 0, 0, 0, 0, 2000},
  {0, 0, 0, 0, 0, 0, 0, 2000},
  {0, 0, 0, 0, 0, 0, 0, 2000},
  {0, 0, 0, 0, 0, 0, 0, 2000},
  {0, 0, 0, 0, 0, 0, 0, 2000},
  {0, 0, 0, 0, 0, 0, 0, 2000},
  {0, 0, 0, 0, 0, 0, 0, 2000},
  {0, 0, 0, 0, 0, 0, 0, 2000},
  {0, 0, 0, 0, 0, 0, 0, 2000},
  {0, 0, 0, 0, 0, 0, 0, 2000},
  {0, 0, 0, 0, 0, 0, 0, 2000},
  {0, 0, 0, 0, 0, 0, 0, 2000},
  {0, 0, 0, 0, 0, 0, 0, 2000},
  {0, 0, 0, 0, 0, 0, 0, 2000},
  {0, 0, 0, 0, 0, 0, 0, 2000},
  {0, 0, 0, 0, 0, 0, 0, 2000},
  {0, 0, 0, 0, 0, 0, 0, 2000},
  {0, 0, 0, 0, 0, 0, 0, 2000},
  {0, 0, 0, 0, 0, 0, 0, 2000},
  {0, 0, 0, 0, 0, 0, 0, 2000},
  {0, 0, 0, 0, 0, 0, 0, 2000},
  {0, 0, 0, 0, 0, 0, 0, 2000},
  {0, 0, 0, 0, 0, 0, 0, 2000},
  {0, 0, 0, 0, 0, 0, 0, 2000},
  {0, 0, 0, 0, 0, 0, 0, 2000},
  {0, 0, 0, 0, 0, 0, 0, 2000},
  {0, 0, 0, 0, 0, 0, 0, 2000},
  {0, 0, 0, 0, 0, 0, 0, 2000},
  {0, 0, 0, 0, 0, 0, 0, 2000},
  {0, 0, 0, 0, 0, 0, 0, 2000},
  {0, 0, 0, 0, 0, 0, 0, 2000},
  {0, 0, 0, 0, 0, 0, 0, 2000},
  {0, 0, 0, 0, 0, 0, 0, 2000},
  {0, 0, 0, 0, 0, 0, 0, 2000},
  {0, 0, 0, 0, 0, 0, 0, 2000},
  {0, 0, 0, 0, 0, 0, 0, 2000},
  {0, 0, 0, 0, 0, 0, 0, 2000},
  {0, 0, 0, 0, 0, 0, 0, 2000},
  {0, 0, 0, 0, 0, 0, 0, 2000},
  {0, 0, 0, 0, 0, 0, 0, 2000},
  {0, 0, 0, 0, 0, 0, 0, 2000},
  {0, 0, 0, 0, 0, 0, 0, 2000},
  {0, 0, 0, 0, 0, 0, 0, 2000},
  {0, 0, 0, 0, 0, 0, 0, 2000},
  {0, 0, 0, 0, 0, 0, 0, 2000},
  {0, 0, 0, 0, 0, 0, 0, 2000},
  {0, 0, 0, 0, 0, 0, 0, 2000},
  {0, 0, 0, 0, 0, 0, 0, 2000},
  {0, 0, 0, 0, 0, 0, 0, 2000},
  {0, 0, 0, 0, 0, 0, 0, 2000},
  {0, 0, 0, 0, 0, 0, 0, 2000},
  {0, 0, 0, 0, 0, 0, 0, 2000},
  {0, 0, 0, 0, 0, 0, 0, 2000},
  {0, 0, 0, 0, 0, 0, 0, 2000},
  {0, 0, 0, 0, 0, 0, 0, 2000},
  {0, 0, 0, 0, 0, 0, 0, 2000},
  {0, 0, 0, 0, 0, 0, 0, 2000},
  {0, 0, 0, 0, 0, 0, 0, 2000},
  {0, 0, 0, 0, 0, 0, 0, 2000},
  {0, 0, 0, 0, 0, 0, 0, 2000},
  {0, 0, 0, 0, 0, 0, 0, 2000},
  {0, 0, 0, 0, 0, 0, 0, 2000},
  {0, 0, 0, 0, 0, 0, 0, 2000},
  {0, 0, 0, 0, 0, 0, 0, 2000},
  {0, 0, 0, 0, 0, 0, 0, 2000},
  {0, 0, 0, 0, 0, 0, 0, 2000},
  {0, 0, 0, 0, 0, 0, 0, 2000},
  {0, 0, 0, 0, 0, 0, 0, 2000},
  {0, 0, 0, 0, 0, 0, 0, 2000},
  {0, 0, 0, 0, 0, 0, 0, 2000},
  {0, 0, 0, 0, 0, 0, 0, 2000},
  {0, 0, 0, 0, 0, 0, 0, 2000},
  {0, 0, 0, 0, 0, 0, 0, 2000},
  {0, 0, 0, 0, 0, 0, 0, 2000},
  {0, 0, 0, 0, 0, 0, 0, 2000},
  {0, 0, 0, 0, 0, 0, 0, 2000},
  {0, 0, 0, 0, 0, 0, 0, 2000},
  {0, 0, 0, 0, 0, 0, 0, 2000},
  {0, 0, 0, 0, 0, 0, 0, 2000},
  {0, 0, 0, 0, 0, 0, 0, 2000},
  {0, 0, 0, 0, 0, 0, 0, 2000},
  {0, 0, 0, 0, 0, 0, 0, 2000},
  {0, 0, 0, 0, 0, 0, 0, 2000},
  {0, 0, 0, 0, 0, 0, 0, 2000},
  {0, 0, 0, 0, 0, 0, 0, 2000},
  {0, 0, 0, 0, 0, 0, 0, 2000},
  {0, 0, 0, 0, 0, 0, 0, 2000},
  {0, 0, 0, 0, 0, 0, 0, 2000},
  {0, 0, 0, 0, 0, 0, 0, 2000},
  {0, 0, 0, 0, 0, 0, 0, 2000},
  {0, 0, 0, 0, 0, 0, 0, 2000},
  {0, 0, 0, 0, 0, 0, 0, 2000},
  {0, 0, 0, 0, 0, 0, 0, 2000},
  {0, 0, 0, 0, 0, 0, 0, 2000},
  {0, 0, 0, 0, 0, 0, 0, 2000},
  {0, 0, 0, 0, 0, 0, 0, 2000},
  {0, 0, 0, 0, 0, 0, 0, 2000},
  {0, 0, 0, 0, 0, 0, 0, 2000},
  {0, 0, 0, 0, 0, 0, 0, 2000},
  {0, 0, 0, 0, 0, 0, 0, 2000},
  {0, 0, 0, 0, 0, 0, 0, 2000},
  {0, 0, 0, 0, 0, 0, 0, 2000},
  {0, 0, 0, 0, 0, 0, 0, 2000},
  {0, 0, 0, 0, 0, 0, 0, 2000},
  {0, 0, 0, 0, 0, 0, 0, 2000},
  {0, 0, 0, 0, 0, 0, 0, 2000},
  {0, 0, 0, 0, 0, 0, 0, 2000},
  {0, 0, 0, 0, 0, 0, 0, 2000},
  {0, 0, 0, 0, 0, 0, 0, 2000},
  {0, 0, 0, 0, 0, 0, 0, 2000},
  {0, 0, 0, 0, 0, 0, 0, 2000},
  {0, 0, 0, 0, 0, 0, 0, 2000},
  {0, 0, 0, 0, 0, 0, 0, 2000},
  {0, 0, 0, 0, 0, 0, 0, 2000},
  {0, 0, 0, 0, 0, 0, 0, 2000},
  {0, 0, 0, 0, 0, 0, 0, 2000},
  {0, 0, 0, 0, 0, 0, 0, 2000},
  {0, 0, 0, 0, 0, 0, 0, 2000},
  {0, 0, 0, 0, 0, 0, 0, 2000},
  {0, 0, 0, 0, 0, 0, 0, 2000},
  {0, 0, 0, 0, 0, 0, 0, 2000},
  {0, 0, 0, 0, 0, 0, 0, 2000},
  {0, 0, 0, 0, 0, 0, 0, 2000},
  {0, 0, 0, 0, 0, 0, 0, 2000},
  {0, 0, 0, 0, 0, 0, 0, 2000},
  {0, 0, 0, 0, 0, 0, 0, 2000},
  {0, 0, 0, 0, 0, 0, 0, 2000},
  {0, 0, 0, 0, 0, 0, 0, 2000},
  {0, 0, 0, 0, 0, 0, 0, 2000},
  {0, 0, 0, 0, 0, 0, 0, 2000},
  {0, 0, 0, 0, 0, 0, 0, 2000},
  {0, 0, 0, 0, 0, 0, 0, 2000},
  {0, 0, 0, 0, 0, 0, 0, 2000},
  {0, 0, 0, 0, 0, 0, 0, 2000},
  {0, 0, 0, 0, 0, 0, 0, 2000},
  {0, 0, 0, 0, 0, 0, 0, 2000},
  {0, 0, 0, 0, 0, 0, 0, 2000},
  {0, 0, 0, 0, 0, 0, 0, 2000},
  {0, 0, 0, 0, 0, 0, 0, 2000},
  {0, 0, 0, 0, 0, 0, 0, 2000},
  {0, 0, 0, 0, 0, 0, 0, 2000},
  {0, 0, 0, 0, 0, 0, 0, 2000},
  {0, 0, 0, 0, 0, 0, 0, 2000},
  {0, 0, 0, 0, 0, 0, 0, 2000},
  {0, 0, 0, 0, 0, 0, 0, 2000},
  {0, 0, 0, 0, 0, 0, 0, 2000},
  {0, 0, 0, 0, 0, 0, 0, 2000},
  {0, 0, 0, 0, 0, 0, 0, 2000},
  {0, 0, 0, 0, 0, 0, 0, 2000},
  {0, 0, 0, 0, 0, 0, 0, 2000},
  {0, 0, 0, 0, 0, 0, 0, 2000},
  {0, 0, 0, 0, 0, 0, 0, 2000},
  {0, 0, 0, 0, 0, 0, 0, 2000},
  {0, 0, 0, 0, 0, 0, 0, 2000},
  {0, 0, 0, 0, 0, 0, 0, 2000},
  {0, 0, 0, 0, 0, 0, 0, 2000},
  {0, 0, 0, 0, 0, 0, 0, 2000},
  {0, 0, 0, 0, 0, 0, 0, 2000},
  {0, 0, 0, 0, 0, 0, 0, 2000},
  {0, 0, 0, 0, 0, 0, 0, 2000},
  {0, 0, 0, 0, 0, 0, 0, 2000},
  {0, 0, 0, 0, 0, 0, 0, 2000},
  {0, 0, 0, 0, 0, 0, 0, 2000},
  {0, 0, 0, 0, 0, 0, 0, 2000},
  {0, 0, 0, 0, 0, 0, 0, 2000},
  {0, 0, 0, 0, 0, 0, 0, 2000},
  {0, 0, 0, 0, 0, 0, 0, 2000},
  {0, 0, 0, 0, 0, 0, 0, 2000},
  {0, 0, 0, 0, 0, 0, 0, 2000},
  {0, 0, 0, 0, 0, 0, 0, 2000},
  {0, 0, 0, 0, 0, 0, 0, 2000},
  {0, 0, 0, 0, 0, 0, 0, 2000},
  {0, 0, 0, 0, 0, 0, 0, 2000},
  {0, 0, 0, 0, 0, 0, 0, 2000},
  {0, 0, 0, 0, 0, 0, 0, 2000},
  {0, 0, 0, 0, 0, 0, 0, 2000},
  {0, 0, 0, 0, 0, 0, 0, 2000},
  {0, 0, 0, 0, 0, 0, 0, 2000},
  {0, 0, 0, 0, 0, 0, 0, 2000},
  {0, 0, 0, 0, 0, 0, 0, 2000},
  {0, 0, 0, 0, 0, 0, 0, 2000},
  {0, 0, 0, 0, 0, 0, 0, 2000},
  {0, 0, 0, 0, 0, 0, 0, 2000},
  {0, 0, 0, 0, 0, 0, 0, 2000},
  {0, 0, 0, 0, 0, 0, 0, 2000},
  {0, 0, 0, 0, 0, 0, 0, 2000},
  {0, 0, 0, 0, 0, 0, 0, 2000},
  {0, 0, 0, 0, 0, 0, 0, 2000},
  {0, 0, 0, 0, 0, 0, 0, 2000},
  {0, 0, 0, 0, 0, 0, 0, 2000},
  {0, 0, 0, 0, 0, 0, 0, 2000},
  {0, 0, 0, 0, 0, 0, 0, 2000},
  {0, 0, 0, 0, 0, 0, 0, 2000},
  {0, 0, 0, 0, 0, 0, 0, 2000},
  {0, 0, 0, 0, 0, 0, 0, 2000},
  {0, 0, 0, 0, 0, 0, 0, 2000},
  {0, 0, 0, 0, 0, 0, 0, 2000},
  {0, 0, 0, 0, 0, 0, 0, 2000},
  {0, 0, 0, 0, 0, 0, 0, 2000},
  {0, 0, 0, 0, 0, 0, 0, 2000},
  {0, 0, 0, 0, 0, 0, 0, 2000},
  {0, 0, 0, 0, 0, 0, 0, 2000},
  {0, 0, 0, 0, 0, 0, 0, 2000},
  {0, 0, 0, 0, 0, 0, 0, 2000},
  {0, 0, 0, 0, 0, 0, 0, 2000},
  {0, 0, 0, 0, 0, 0, 0, 2000},
  {0, 0, 0, 0, 0, 0, 0, 2000},
  {0, 0, 0, 0, 0, 0, 0, 2000},
  {0, 0, 0, 0, 0, 0, 0, 2000},
  {0, 0, 0, 0, 0, 0, 0, 2000},
  {0, 0, 0, 0, 0, 0, 0, 2000},
  {0, 0, 0, 0, 0, 0, 0, 2000},
  {0, 0, 0, 0, 0, 0, 0, 2000},
  {0, 0, 0, 0, 0, 0, 0, 2000},
  {0, 0, 0, 0, 0, 0, 0, 2000},
  {0, 0, 0, 0, 0, 0, 0, 2000},
  {0, 0, 0, 0, 0, 0, 0, 2000},
  {0, 0, 0, 0, 0, 0, 0, 2000},
  {0, 0, 0, 0, 0, 0, 0, 2000},
  {0, 0, 0, 0, 0, 0, 0, 2000},
  {0, 0, 0, 0, 0, 0, 0, 2000},
  {0, 0, 0, 0, 0, 0, 0, 2000},
  {0, 0, 0, 0, 0, 0, 0, 2000},
  {0, 0, 0, 0, 0, 0, 0, 2000},
  {0, 0, 0, 0, 0, 0, 0, 2000},
  {0, 0, 0, 0, 0, 0, 0, 2000},
  {0, 0, 0, 0, 0, 0, 0, 2000},
  {0, 0, 0, 0, 0, 0, 0, 2000},
  {0, 0, 0, 0, 0, 0, 0, 2000},
  {0, 0, 0, 0, 0, 0, 0, 2000},
  {0, 0, 0, 0, 0, 0, 0, 2000},
  {0, 0, 0, 0, 0, 0, 0, 2000},
  {0, 0, 0, 0, 0, 0, 0, 2000},
  {0, 0, 0, 0, 0, 0, 0, 2000},
  {0, 0, 0, 0, 0, 0, 0, 2000},
  {0, 0, 0, 0, 0, 0, 0, 2000},
  {0, 0, 0, 0, 0, 0, 0, 2000},
  {0, 0, 0, 0, 0, 0, 0, 2000},
  {0, 0, 0, 0, 0, 0, 0, 2000},
  {0, 0, 0, 0, 0, 0, 0, 2000},
  {0, 0, 0, 0, 0, 0, 0, 2000},
  {0, 0, 0, 0, 0, 0, 0, 2000},
  {0, 0, 0, 0, 0, 0, 0, 2000},
  {0, 0, 0, 0, 0, 0, 0, 2000},
  {0, 0, 0, 0, 0, 0, 0, 2000},
  {0, 0, 0, 0, 0, 0, 0, 2000},
  {0, 0, 0, 0, 0, 0, 0, 2000},
  {0, 0, 0, 0, 0, 0, 0, 2000},
  {0, 0, 0, 0, 0, 0, 0, 2000},
  {0, 0, 0, 0, 0, 0, 0, 2000},
  {0, 0, 0, 0, 0, 0, 0, 2000},
  {0, 0, 0, 0, 0, 0, 0, 2000},
  {0, 0, 0, 0, 0, 0, 0, 2000},
  {0, 0, 0, 0, 0, 0, 0, 2000},
  {0, 0, 0, 0, 0, 0, 0, 2000},
  {0, 0, 0, 0, 0, 0, 0, 2000},
  {0, 0, 0, 0, 0, 0, 0, 2000},
  {0, 0, 0, 0, 0, 0, 0, 2000},
  {0, 0, 0, 0, 0, 0, 0, 2000},
  {0, 0, 0, 0, 0, 0, 0, 2000},
  {0, 0, 0, 0, 0, 0, 0, 2000},
  {0, 0, 0, 0, 0, 0, 0, 2000},
  {0, 0, 0, 0, 0, 0, 0, 2000},
  {0, 0, 0, 0, 0, 0, 0, 2000},
  {0, 0, 0, 0, 0, 0, 0, 2000},
  {0, 0, 0, 0, 0, 0, 0, 2000},
  {0, 0, 0, 0, 0, 0, 0, 2000},
  {0, 0, 0, 0, 0, 0, 0, 2000},
  {0, 0, 0, 0, 0, 0, 0, 2000},
  {0, 0, 0, 0, 0, 0, 0, 2000},
  {0, 0, 0, 0, 0, 0, 0, 2000},
  {0, 0, 0, 0, 0, 0, 0, 2000},
  {0, 0, 0, 0, 0, 0, 0, 2000},
  {0, 0, 0, 0, 0, 0, 0, 2000},
  {0, 0, 0, 0, 0, 0, 0, 2000},
  {0, 0, 0, 0, 0, 0, 0, 2000},
  {0, 0, 0, 0, 0, 0, 0, 2000},
  {0, 0, 0, 0, 0, 0, 0, 2000},
  {0, 0, 0, 0, 0, 0, 0, 2000},
  {0, 0, 0, 0, 0, 0, 0, 2000},
  {0, 0, 0, 0, 0, 0, 0, 2000},
  {0, 0, 0, 0, 0, 0, 0, 2000},
  {0, 0, 0, 0, 0, 0, 0, 2000},
  {0, 0, 0, 0, 0, 0, 0, 2000},
  {0, 0, 0, 0, 0, 0, 0, 2000},
  {0, 0, 0, 0, 0, 0, 0, 2000},
  {0, 0, 0, 0, 0, 0, 0, 2000},
  {0, 0, 0, 0, 0, 0, 0, 2000},
  {0, 0, 0, 0, 0, 0, 0, 2000},
  {0, 0, 0, 0, 0, 0, 0, 2000},
  {0, 0, 0, 0, 0, 0, 0, 2000},
  {0, 0, 0, 0, 0, 0, 0, 2000},
  {0, 0, 0, 0, 0, 0, 0, 2000},
  {0, 0, 0, 0, 0, 0, 0, 2000},
  {0, 0, 0, 0, 0, 0, 0, 2000},
  {0, 0, 0, 0, 0, 0, 0, 2000},
  {0, 0, 0, 0, 0, 0, 0, 2000},
  {0, 0, 0, 0, 0, 0, 0, 2000},
  {0, 0, 0, 0, 0, 0, 0, 2000},
  {0, 0, 0, 0, 0, 0, 0, 2000},
  {0, 0, 0, 0, 0, 0, 0, 2000},
  {0, 0, 0, 0, 0, 0, 0, 2000},
  {0, 0, 0, 0, 0, 0, 0, 2000},
  {0, 0, 0, 0, 0, 0, 0, 2000},
  {0, 0, 0, 0, 0, 0, 0, 2000},
  {0, 0, 0, 0, 0, 0, 0, 2000},
  {0, 0, 0, 0, 0, 0, 0, 2000},
  {0, 0, 0, 0, 0, 0, 0, 2000},
  {0, 0, 0, 0, 0, 0, 0, 2000},
  {0, 0, 0, 0, 0, 0, 0, 2000},
  {0, 0, 0, 0, 0, 0, 0, 2000},
  {0, 0, 0, 0, 0, 0, 0, 2000},
  {0, 0, 0, 0, 0, 0, 0, 2000},
  {0, 0, 0, 0, 0, 0, 0, 2000},
  {0, 0, 0, 0, 0, 0, 0, 2000},
  {0, 0, 0, 0, 0, 0, 0, 2000},
  {0, 0, 0, 0, 0, 0, 0, 2000},
  {0, 0, 0, 0, 0, 0, 0, 2000},
  {0, 0, 0, 0, 0, 0, 0, 2000},
  {0, 0, 0, 0, 0, 0, 0, 2000},
  {0, 0, 0, 0, 0, 0, 0, 2000},
  {0, 0, 0, 0, 0, 0, 0, 2000},
  {0, 0, 0, 0, 0, 0, 0, 2000},
  {0, 0, 0, 0, 0, 0, 0, 2000},
  {0, 0, 0, 0, 0, 0, 0, 2000},
  {0, 0, 0, 0, 0, 0, 0, 2000},
  {0, 0, 0, 0, 0, 0, 0, 2000},
  {0, 0, 0, 0, 0, 0, 0, 2000},
  {0, 0, 0, 0, 0, 0, 0, 2000},
  {0, 0, 0, 0, 0, 0, 0, 2000},
  {0, 0, 0, 0, 0, 0, 0, 2000},
  {0, 0, 0, 0, 0, 0, 0, 2000},
  {0, 0, 0, 0, 0, 0, 0, 2000},
  {0, 0, 0, 0, 0, 0, 0, 2000},
  {0, 0, 0, 0, 0, 0, 0, 2000},
  {0, 0, 0, 0, 0, 0, 0, 2000},
  {0, 0, 0, 0, 0, 0, 0, 2000},
  {0, 0, 0, 0, 0, 0, 0, 2000},
  {0, 0, 0, 0, 0, 0, 0, 2000},
  {0, 0, 0, 0, 0, 0, 0, 2000},
  {0, 0, 0, 0, 0, 0, 0, 2000},
  {0, 0, 0, 0, 0, 0, 0, 2000},
  {0, 0, 0, 0, 0, 0, 0, 2000},
  {0, 0, 0, 0, 0, 0, 0, 2000},
  {0, 0, 0, 0, 0, 0, 0, 2000},
  {0, 0, 0, 0, 0, 0, 0, 2000},
  {0, 0, 0, 0, 0, 0, 0, 2000},
  {0, 0, 0, 0, 0, 0, 0, 2000},
  {0, 0, 0, 0, 0, 0, 0, 2000},
  {0, 0, 0, 0, 0, 0, 0, 2000},
  {0, 0, 0, 0, 0, 0, 0, 2000},
  {0, 0, 0, 0, 0, 0, 0, 2000},
  {0, 0, 0, 0, 0, 0, 0, 2000},
  {0, 0, 0, 0, 0, 0, 0, 2000},
  {0, 0, 0, 0, 0, 0, 0, 2000},
  {0, 0, 0, 0, 0, 0, 0, 2000},
  {0, 0, 0, 0, 0, 0, 0, 2000},
  {0, 0, 0, 0, 0, 0, 0, 2000},
  {0, 0, 0, 0, 0, 0, 0, 2000},
  {0, 0, 0, 0, 0, 0, 0, 2000},
  {0, 0, 0, 0, 0, 0, 0, 2000},
  {0, 0, 0, 0, 0, 0, 0, 2000},
  {0, 0, 0, 0, 0, 0, 0, 2000},
  {0, 0, 0, 0, 0, 0, 0, 2000},
  {0, 0, 0, 0, 0, 0, 0, 2000},
  {0, 0, 0, 0, 0, 0, 0, 2000},
  {0, 0, 0, 0, 0, 0, 0, 2000},
  {0, 0, 0, 0, 0, 0, 0, 2000},
  {0, 0, 0, 0, 0, 0, 0, 2000},
  {0, 0, 0, 0, 0, 0, 0, 2000},
  {0, 0, 0, 0, 0, 0, 0, 2000},
  {0, 0, 0, 0, 0, 0, 0, 2000},
  {0, 0, 0, 0, 0, 0, 0, 2000},
  {0, 0, 0, 0, 0, 0, 0, 2000},
  {0, 0, 0, 0, 0, 0, 0, 2000},
  {0, 0, 0, 0, 0, 0, 0, 2000},
  {0, 0, 0, 0, 0, 0, 0, 2000},
  {0, 0, 0, 0, 0, 0, 0, 2000},
  {0, 0, 0, 0, 0, 0, 0, 2000},
  {0, 0, 0, 0, 0, 0, 0, 2000},
  {0, 0, 0, 0, 0, 0, 0, 2000},
  {0, 0, 0, 0, 0, 0, 0, 2000},
  {0, 0, 0, 0, 0, 0, 0, 2000},
  {0, 0, 0, 0, 0, 0, 0, 2000},
  {0, 0, 0, 0, 0, 0, 0, 2000},
  {0, 0, 0, 0, 0, 0, 0, 2000},
  {0, 0, 0, 0, 0, 0, 0, 2000},
  {0, 0, 0, 0, 0, 0, 0, 2000},
  {0, 0, 0, 0, 0, 0, 0, 2000},
  {0, 0, 0, 0, 0, 0, 0, 2000},
  {0, 0, 0, 0, 0, 0, 0, 2000},
  {0, 0, 0, 0, 0, 0, 0, 2000},
  {0, 0, 0, 0, 0, 0, 0, 2000},
  {0, 0, 0, 0, 0, 0, 0, 2000},
  {0, 0, 0, 0, 0, 0, 0, 2000},
  {0, 0, 0, 0, 0, 0, 0, 2000},
  {0, 0, 0, 0, 0, 0, 0, 2000},
  {0, 0, 0, 0, 0, 0, 0, 2000},
  {0, 0, 0, 0, 0, 0, 0, 2000},
  {0, 0, 0, 0, 0, 0, 0, 2000},
  {0, 0, 0, 0, 0, 0, 0, 2000},
  {0, 0, 0, 0, 0, 0, 0, 2000},
  {0, 0, 0, 0, 0, 0, 0, 2000},
  {0, 0, 0, 0, 0, 0, 0, 2000},
  {0, 0, 0, 0, 0, 0, 0, 2000},
  {0, 0, 0, 0, 0, 0, 0, 2000},
  {0, 0, 0, 0, 0, 0, 0, 2000},
  {0, 0, 0, 0, 0, 0, 0, 2000},
  {0, 0, 0, 0, 0, 0, 0, 2000},
  {0, 0, 0, 0, 0, 0, 0, 2000},
  {0, 0, 0, 0, 0, 0, 0, 2000},
  {0, 0, 0, 0, 0, 0, 0, 2000},
  {0, 0, 0, 0, 0, 0, 0, 2000},
  {0, 0, 0, 0, 0, 0, 0, 2000},
  {0, 0, 0, 0, 0, 0, 0, 2000},
  {0, 0, 0, 0, 0, 0, 0, 2000},
  {0, 0, 0, 0, 0, 0, 0, 2000},
  {0, 0, 0, 0, 0, 0, 0, 2000},
  {0, 0, 0, 0, 0, 0, 0, 2000},
  {0, 0, 0, 0, 0, 0, 0, 2000},
  {0, 0, 0, 0, 0, 0, 0, 2000},
  {0, 0, 0, 0, 0, 0, 0, 2000},
  {0, 0, 0, 0, 0, 0, 0, 2000},
  {0, 0, 0, 0, 0, 0, 0, 2000},
  {0, 0, 0, 0, 0, 0, 0, 2000},
  {0, 0, 0, 0, 0, 0, 0, 2000},
  {0, 0, 0, 0, 0, 0, 0, 2000},
  {0, 0, 0, 0, 0, 0, 0, 2000},
  {0, 0, 0, 0, 0, 0, 0, 2000},
  {0, 0, 0, 0, 0, 0, 0, 2000},
  {0, 0, 0, 0, 0, 0, 0, 2000},
  {0, 0, 0, 0, 0, 0, 0, 2000},
  {0, 0, 0, 0, 0, 0, 0, 2000},
  {0, 0, 0, 0, 0, 0, 0, 2000},
  {0, 0, 0, 0, 0, 0, 0, 2000},
  {0, 0, 0, 0, 0, 0, 0, 2000},
  {0, 0, 0, 0, 0, 0, 0, 2000},
  {0, 0, 0, 0, 0, 0, 0, 2000},
  {0, 0, 0, 0, 0, 0, 0, 2000},
  {0, 0, 0, 0, 0, 0, 0, 2000},
  {0, 0, 0, 0, 0, 0, 0, 2000},
  {0, 0, 0, 0, 0, 0, 0, 2000},
  {0, 0, 0, 0, 0, 0, 0, 2000},
  {0, 0, 0, 0, 0, 0, 0, 2000},
  {0, 0, 0, 0, 0, 0, 0, 2000},
  {0, 0, 0, 0, 0, 0, 0, 2000},
  {0, 0, 0, 0, 0, 0, 0, 2000},
  {0, 0, 0, 0, 0, 0, 0, 2000},
  {0, 0, 0, 0, 0, 0, 0, 2000},
  {0, 0, 0, 0, 0, 0, 0, 2000},
  {0, 0, 0, 0, 0, 0, 0, 2000},
  {0, 0, 0, 0, 0, 0, 0, 2000},
  {0, 0, 0, 0, 0, 0, 0, 2000},
  {0, 0, 0, 0, 0, 0, 0, 2000},
  {0, 0, 0, 0, 0, 0, 0, 2000},
  {0, 0, 0, 0, 0, 0, 0, 2000},
  {0, 0, 0, 0, 0, 0, 0, 2000},
  {0, 0, 0, 0, 0, 0, 0, 2000},
  {0, 0, 0, 0, 0, 0, 0, 2000},
  {0, 0, 0, 0, 0, 0, 0, 2000},
  {0, 0, 0, 0, 0, 0, 0, 2000},
  {0, 0, 0, 0, 0, 0, 0, 2000},
  {0, 0, 0, 0, 0, 0, 0, 2000},
  {0, 0, 0, 0, 0, 0, 0, 2000},
  {0, 0, 0, 0, 0, 0, 0, 2000},
  {0, 0, 0, 0, 0, 0, 0, 2000},
  {0, 0, 0, 0, 0, 0, 0, 2000},
  {0, 0, 0, 0, 0, 0, 0, 2000},
  {0, 0, 0, 0, 0, 0, 0, 2000},
  {0, 0, 0, 0, 0, 0, 0, 2000},
  {0, 0, 0, 0, 0, 0, 0, 2000},
  {0, 0, 0, 0, 0, 0, 0, 2000},
  {0, 0, 0, 0, 0, 0, 0, 2000},
  {0, 0, 0, 0, 0, 0, 0, 2000},
  {0, 0, 0, 0, 0, 0, 0, 2000},
  {0, 0, 0, 0, 0, 0, 0, 2000},
  {0, 0, 0, 0, 0, 0, 0, 2000},
  {0, 0, 0, 0, 0, 0, 0, 2000},
  {0, 0, 0, 0, 0, 0, 0, 2000},
  {0, 0, 0, 0, 0, 0, 0, 2000},
  {0, 0, 0, 0, 0, 0, 0, 2000},
  {0, 0, 0, 0, 0, 0, 0, 2000},
  {0, 0, 0, 0, 0, 0, 0, 2000},
  {0, 0, 0, 0, 0, 0, 0, 2000},
  {0, 0, 0, 0, 0, 0, 0, 2000},
  {0, 0, 0, 0, 0, 0, 0, 2000},
  {0, 0, 0, 0, 0, 0, 0, 2000},
  {0, 0, 0, 0, 0, 0, 0, 2000},
  {0, 0, 0, 0, 0, 0, 0, 2000},
  {0, 0, 0, 0, 0, 0, 0, 2000},
  {0, 0, 0, 0, 0, 0, 0, 2000},
  {0, 0, 0, 0, 0, 0, 0, 2000},
  {0, 0, 0, 0, 0, 0, 0, 2000},
  {0, 0, 0, 0, 0, 0, 0, 2000},
  {0, 0, 0, 0, 0, 0, 0, 2000},
  {0, 0, 0, 0, 0, 0, 0, 2000},
  {0, 0, 0, 0, 0, 0, 0, 2000},
  {0, 0, 0, 0, 0, 0, 0, 2000},
  {0, 0, 0, 0, 0, 0, 0, 2000},
  {0, 0, 0, 0, 0, 0, 0, 2000},
  {0, 0, 0, 0, 0, 0, 0, 2000},
  {0, 0, 0, 0, 0, 0, 0, 2000},
  {0, 0, 0, 0, 0, 0, 0, 2000},
  {0, 0, 0, 0, 0, 0, 0, 2000},
  {0, 0, 0, 0, 0, 0, 0, 2000},
  {0, 0, 0, 0, 0, 0, 0, 2000},
  {0, 0, 0, 0, 0, 0, 0, 2000},
  {0, 0, 0, 0, 0, 0, 0, 2000},
  {0, 0, 0, 0, 0, 0, 0, 2000},
  {0, 0, 0, 0, 0, 0, 0, 2000},
  {0, 0, 0, 0, 0, 0, 0, 2000},
  {0, 0, 0, 0, 0, 0, 0, 2000},
  {0, 0, 0, 0, 0, 0, 0, 2000},
  {0, 0, 0, 0, 0, 0, 0, 2000},
  {0, 0, 0, 0, 0, 0, 0, 2000},
  {0, 0, 0, 0, 0, 0, 0, 2000},
  {0, 0, 0, 0, 0, 0, 0, 2000},
  {0, 0, 0, 0, 0, 0, 0, 2000},
  {0, 0, 0, 0, 0, 0, 0, 2000},
  {0, 0, 0, 0, 0, 0, 0, 2000},
  {0, 0, 0, 0, 0, 0, 0, 2000},
  {0, 0, 0, 0, 0, 0, 0, 2000},
  {0, 0, 0, 0, 0, 0, 0, 2000},
  {0, 0, 0, 0, 0, 0, 0, 2000},
  {0, 0, 0, 0, 0, 0, 0, 2000},
  {0, 0, 0, 0, 0, 0, 0, 2000},
  {0, 0, 0, 0, 0, 0, 0, 2000},
  {0, 0, 0, 0, 0, 0, 0, 2000},
  {0, 0, 0, 0, 0, 0, 0, 2000},
  {0, 0, 0, 0, 0, 0, 0, 2000},
  {0, 0, 0, 0, 0, 0, 0, 2000},
  {0, 0, 0, 0, 0, 0, 0, 2000},
  {0, 0, 0, 0, 0, 0, 0, 2000},
  {0, 0, 0, 0, 0, 0, 0, 2000},
  {0, 0, 0, 0, 0, 0, 0, 2000},
  {0, 0, 0, 0, 0, 0, 0, 2000},
  {0, 0, 0, 0, 0, 0, 0, 2000},
  {0, 0, 0, 0, 0, 0, 0, 2000},
  {0, 0, 0, 0, 0, 0, 0, 2000},
  {0, 0, 0, 0, 0, 0, 0, 2000},
  {0, 0, 0, 0, 0, 0, 0, 2000},
  {0, 0, 0, 0, 0, 0, 0, 2000},
  {0, 0, 0, 0, 0, 0, 0, 2000},
  {0, 0, 0, 0, 0, 0, 0, 2000},
  {0, 0, 0, 0, 0, 0, 0, 2000},
  {0, 0, 0, 0, 0, 0, 0, 2000},
  {0, 0, 0, 0, 0, 0, 0, 2000},
  {0, 0, 0, 0, 0, 0, 0, 2000},
  {0, 0, 0, 0, 0, 0, 0, 2000},
  {0, 0, 0, 0, 0, 0, 0, 2000},
  {0, 0, 0, 0, 0, 0, 0, 2000},
  {0, 0, 0, 0, 0, 0, 0, 2000},
  {0, 0, 0, 0, 0, 0, 0, 2000},
  {0, 0, 0, 0, 0, 0, 0, 2000},
  {0, 0, 0, 0, 0, 0, 0, 2000},
  {0, 0, 0, 0, 0, 0, 0, 2000},
  {0, 0, 0, 0, 0, 0, 0, 2000},
  {0, 0, 0, 0, 0, 0, 0, 2000},
  {0, 0, 0, 0, 0, 0, 0, 2000},
  {0, 0, 0, 0, 0, 0, 0, 2000},
  {0, 0, 0, 0, 0, 0, 0, 2000},
  {0, 0, 0, 0, 0, 0, 0, 2000},
  {0, 0, 0, 0, 0, 0, 0, 2000},
  {0, 0, 0, 0, 0, 0, 0, 2000},
  {0, 0, 0, 0, 0, 0, 0, 2000},
  {0, 0, 0, 0, 0, 0, 0, 2000},
  {0, 0, 0, 0, 0, 0, 0, 2000},
  {0, 0, 0, 0, 0, 0, 0, 2000},
  {0, 0, 0, 0, 0, 0, 0, 2000},
  {0, 0, 0, 0, 0, 0, 0, 2000},
  {0, 0, 0, 0, 0, 0, 0, 2000},
  {0, 0, 0, 0, 0, 0, 0, 2000},
  {0, 0, 0, 0, 0, 0, 0, 2000},
  {0, 0, 0, 0, 0, 0, 0, 2000},
  {0, 0, 0, 0, 0, 0, 0, 2000},
  {0, 0, 0, 0, 0, 0, 0, 2000},
  {0, 0, 0, 0, 0, 0, 0, 2000},
  {0, 0, 0, 0, 0, 0, 0, 2000},
  {0, 0, 0, 0, 0, 0, 0, 2000},
  {0, 0, 0, 0, 0, 0, 0, 2000},
  {0, 0, 0, 0, 0, 0, 0, 2000},
  {0, 0, 0, 0, 0, 0, 0, 2000},
  {0, 0, 0, 0, 0, 0, 0, 2000},
  {0, 0, 0, 0, 0, 0, 0, 2000},
  {0, 0, 0, 0, 0, 0, 0, 2000},
  {0, 0, 0, 0, 0, 0, 0, 2000},
  {0, 0, 0, 0, 0, 0, 0, 2000},
  {0, 0, 0, 0, 0, 0, 0, 2000},
  {0, 0, 0, 0, 0, 0, 0, 2000},
  {0, 0, 0, 0, 0, 0, 0, 2000},
  {0, 0, 0, 0, 0, 0, 0, 2000},
  {0, 0, 0, 0, 0, 0, 0, 2000},
  {0, 0, 0, 0, 0, 0, 0, 2000},
  {0, 0, 0, 0, 0, 0, 0, 2000},
  {0, 0, 0, 0, 0, 0, 0, 2000},
  {0, 0, 0, 0, 0, 0, 0, 2000},
  {0, 0, 0, 0, 0, 0, 0, 2000},
  {0, 0, 0, 0, 0, 0, 0, 2000},
  {0, 0, 0, 0, 0, 0, 0, 2000},
  {0, 0, 0, 0, 0, 0, 0, 2000},
  {0, 0, 0, 0, 0, 0, 0, 2000},
  {0, 0, 0, 0, 0, 0, 0, 2000},
  {0, 0, 0, 0, 0, 0, 0, 2000},
  {0, 0, 0, 0, 0, 0, 0, 2000},
  {0, 0, 0, 0, 0, 0, 0, 2000},
  {0, 0, 0, 0, 0, 0, 0, 2000},
  {0, 0, 0, 0, 0, 0, 0, 2000},
  {0, 0, 0, 0, 0, 0, 0, 2000},
  {0, 0, 0, 0, 0, 0, 0, 2000},
  {0, 0, 0, 0, 0, 0, 0, 2000},
  {0, 0, 0, 0, 0, 0, 0, 2000},
  {0, 0, 0, 0, 0, 0, 0, 2000},
  {0, 0, 0, 0, 0, 0, 0, 2000},
  {0, 0, 0, 0, 0, 0, 0, 2000},
  {0, 0, 0, 0, 0, 0, 0, 2000},
  {0, 0, 0, 0, 0, 0, 0, 2000},
  {0, 0, 0, 0, 0, 0, 0, 2000},
  {0, 0, 0, 0, 0, 0, 0, 2000},
  {0, 0, 0, 0, 0, 0, 0, 2000},
  {0, 0, 0, 0, 0, 0, 0, 2000},
  {0, 0, 0, 0, 0, 0, 0, 2000},
  {0, 0, 0, 0, 0, 0, 0, 2000},
  {0, 0, 0, 0, 0, 0, 0, 2000},
  {0, 0, 0, 0, 0, 0, 0, 2000},
  {0, 0, 0, 0, 0, 0, 0, 2000},
  {0, 0, 0, 0, 0, 0, 0, 2000},
  {0, 0, 0, 0, 0, 0, 0, 2000},
  {0, 0, 0, 0, 0, 0, 0, 2000},
  {0, 0, 0, 0, 0, 0, 0, 2000},
  {0, 0, 0, 0, 0, 0, 0, 2000},
  {0, 0, 0, 0, 0, 0, 0, 2000},
  {0, 0, 0, 0, 0, 0, 0, 2000},
  {0, 0, 0, 0, 0, 0, 0, 2000},
  {0, 0, 0, 0, 0, 0, 0, 2000},
  {0, 0, 0, 0, 0, 0, 0, 2000},
  {0, 0, 0, 0, 0, 0, 0, 2000},
  {0, 0, 0, 0, 0, 0, 0, 2000},
  {0, 0, 0, 0, 0, 0, 0, 2000},
  {0, 0, 0, 0, 0, 0, 0, 2000},
  {0, 0, 0, 0, 0, 0, 0, 2000},
  {0, 0, 0, 0, 0, 0, 0, 2000},
  {0, 0, 0, 0, 0, 0, 0, 2000},
  {0, 0, 0, 0, 0, 0, 0, 2000},
  {0, 0, 0, 0, 0, 0, 0, 2000},
  {0, 0, 0, 0, 0, 0, 0, 2000},
  {0, 0, 0, 0, 0, 0, 0, 2000},
  {0, 0, 0, 0, 0, 0, 0, 2000},
  {0, 0, 0, 0, 0, 0, 0, 2000},
  {0, 0, 0, 0, 0, 0, 0, 2000},
  {0, 0, 0, 0, 0, 0, 0, 2000},
  {0, 0, 0, 0, 0, 0, 0, 2000},
  {0, 0, 0, 0, 0, 0, 0, 2000},
  {0, 0, 0, 0, 0, 0, 0, 2000},
  {0, 0, 0, 0, 0, 0, 0, 2000},
  {0, 0, 0, 0, 0, 0, 0, 2000},
  {0, 0, 0, 0, 0, 0, 0, 2000},
  {0, 0, 0, 0, 0, 0, 0, 2000},
  {0, 0, 0, 0, 0, 0, 0, 2000},
  {0, 0, 0, 0, 0, 0, 0, 2000},
  {0, 0, 0, 0, 0, 0, 0, 2000},
  {0, 0, 0, 0, 0, 0, 0, 2000},
  {0, 0, 0, 0, 0, 0, 0, 2000},
  {0, 0, 0, 0, 0, 0, 0, 2000},
  {0, 0, 0, 0, 0, 0, 0, 2000},
  {0, 0, 0, 0, 0, 0, 0, 2000},
  {0, 0, 0, 0, 0, 0, 0, 2000},
  {0, 0, 0, 0, 0, 0, 0, 2000},
  {0, 0, 0, 0, 0, 0, 0, 2000},
  {0, 0, 0, 0, 0, 0, 0, 2000},
  {0, 0, 0, 0, 0, 0, 0, 2000},
  {0, 0, 0, 0, 0, 0, 0, 2000},
  {0, 0, 0, 0, 0, 0, 0, 2000},
  {0, 0, 0, 0, 0, 0, 0, 2000},
  {0, 0, 0, 0, 0, 0, 0, 2000},
  {0, 0, 0, 0, 0, 0, 0, 2000},
  {0, 0, 0, 0, 0, 0, 0, 2000},
  {0, 0, 0, 0, 0, 0, 0, 2000},
  {0, 0, 0, 0, 0, 0, 0, 2000},
  {0, 0, 0, 0, 0, 0, 0, 2000},
  {0, 0, 0, 0, 0, 0, 0, 2000},
  {0, 0, 0, 0, 0, 0, 0, 2000},
  {0, 0, 0, 0, 0, 0, 0, 2000},
  {0, 0, 0, 0, 0, 0, 0, 2000},
  {0, 0, 0, 0, 0, 0, 0, 2000},
  {0, 0, 0, 0, 0, 0, 0, 2000},
  {0, 0, 0, 0, 0, 0, 0, 2000},
  {0, 0, 0, 0, 0, 0, 0, 2000},
  {0, 0, 0, 0, 0, 0, 0, 2000},
  {0, 0, 0, 0, 0, 0, 0, 2000},
  {0, 0, 0, 0, 0, 0, 0, 2000},
  {0, 0, 0, 0, 0, 0, 0, 2000},
  {0, 0, 0, 0, 0, 0, 0, 2000},
  {0, 0, 0, 0, 0, 0, 0, 2000},
  {0, 0, 0, 0, 0, 0, 0, 2000},
  {0, 0, 0, 0, 0, 0, 0, 2000},
  {0, 0, 0, 0, 0, 0, 0, 2000},
  {0, 0, 0, 0, 0, 0, 0, 2000},
  {0, 0, 0, 0, 0, 0, 0, 2000},
  {0, 0, 0, 0, 0, 0, 0, 2000},
  {0, 0, 0, 0, 0, 0, 0, 2000},
  {0, 0, 0, 0, 0, 0, 0, 2000},
  {0, 0, 0, 0, 0, 0, 0, 2000},
  {0, 0, 0, 0, 0, 0, 0, 2000},
  {0, 0, 0, 0, 0, 0, 0, 2000},
  {0, 0, 0, 0, 0, 0, 0, 2000},
  {0, 0, 0, 0, 0, 0, 0, 2000},
  {0, 0, 0, 0, 0, 0, 0, 2000},
  {0, 0, 0, 0, 0, 0, 0, 2000},
  {0, 0, 0, 0, 0, 0, 0, 2000},
  {0, 0, 0, 0, 0, 0, 0, 2000},
  {0, 0, 0, 0, 0, 0, 0, 2000},
  {0, 0, 0, 0, 0, 0, 0, 2000},
  {0, 0, 0, 0, 0, 0, 0, 2000},
  {0, 0, 0, 0, 0, 0, 0, 2000},
  {0, 0, 0, 0, 0, 0, 0, 2000},
  {0, 0, 0, 0, 0, 0, 0, 2000},
  {0, 0, 0, 0, 0, 0, 0, 2000},
  {0, 0, 0, 0, 0, 0, 0, 2000},
  {0, 0, 0, 0, 0, 0, 0, 2000},
  {0, 0, 0, 0, 0, 0, 0, 2000},
  {0, 0, 0, 0, 0, 0, 0, 2000},
  {0, 0, 0, 0, 0, 0, 0, 2000},
  {0, 0, 0, 0, 0, 0, 0, 2000},
  {0, 0, 0, 0, 0, 0, 0, 2000},
  {0, 0, 0, 0, 0, 0, 0, 2000},
  {0, 0, 0, 0, 0, 0, 0, 2000},
  {0, 0, 0, 0, 0, 0, 0, 2000},
  {0, 0, 0, 0, 0, 0, 0, 2000},
  {0, 0, 0, 0, 0, 0, 0, 2000},
  {0, 0, 0, 0, 0, 0, 0, 2000},
  {0, 0, 0, 0, 0, 0, 0, 2000},
  {0, 0, 0, 0, 0, 0, 0, 2000},
  {0, 0, 0, 0, 0, 0, 0, 2000},
  {0, 0, 0, 0, 0, 0, 0, 2000},
  {0, 0, 0, 0, 0, 0, 0, 2000},
  {0, 0, 0, 0, 0, 0, 0, 2000},
  {0, 0, 0, 0, 0, 0, 0, 2000},
  {0, 0, 0, 0, 0, 0, 0, 2000},
  {0, 0, 0, 0, 0, 0, 0, 2000},
  {0, 0, 0, 0, 0, 0, 0, 2000},
  {0, 0, 0, 0, 0, 0, 0, 2000},
  {0, 0, 0, 0, 0, 0, 0, 2000},
  {0, 0, 0, 0, 0, 0, 0, 2000},
  {0, 0, 0, 0, 0, 0, 0, 2000},
  {0, 0, 0, 0, 0, 0, 0, 2000},
  {0, 0, 0, 0, 0, 0, 0, 2000},
  {0, 0, 0, 0, 0, 0, 0, 2000},
  {0, 0, 0, 0, 0, 0, 0, 2000},
  {0, 0, 0, 0, 0, 0, 0, 2000},
  {0, 0, 0, 0, 0, 0, 0, 2000},
  {0, 0, 0, 0, 0, 0, 0, 2000},
  {0, 0, 0, 0, 0, 0, 0, 2000},
  {0, 0, 0, 0, 0, 0, 0, 2000},
  {0, 0, 0, 0, 0, 0, 0, 2000},
  {0, 0, 0, 0, 0, 0, 0, 2000},
  {0, 0, 0, 0, 0, 0, 0, 2000},
  {0, 0, 0, 0, 0, 0, 0, 2000},
  {0, 0, 0, 0, 0, 0, 0, 2000},
  {0, 0, 0, 0, 0, 0, 0, 2000},
  {0, 0, 0, 0, 0, 0, 0, 2000},
  {0, 0, 0, 0, 0, 0, 0, 2000},
  {0, 0, 0, 0, 0, 0, 0, 2000},
  {0, 0, 0, 0, 0, 0, 0, 2000},
  {0, 0, 0, 0, 0, 0, 0, 2000},
  {0, 0, 0, 0, 0, 0, 0, 2000},
  {0, 0, 0, 0, 0, 0, 0, 2000},
  {0, 0, 0, 0, 0, 0, 0, 2000},
  {0, 0, 0, 0, 0, 0, 0, 2000},
  {0, 0, 0, 0, 0, 0, 0, 2000},
  {0, 0, 0, 0, 0, 0, 0, 2000},
  {0, 0, 0, 0, 0, 0, 0, 2000},
  {0, 0, 0, 0, 0, 0, 0, 2000},
  {0, 0, 0, 0, 0, 0, 0, 2000},
  {0, 0, 0, 0, 0, 0, 0, 2000},
  {0, 0, 0, 0, 0, 0, 0, 2000},
  {0, 0, 0, 0, 0, 0, 0, 2000},
  {0, 0, 0, 0, 0, 0, 0, 2000},
  {0, 0, 0, 0, 0, 0, 0, 2000},
  {0, 0, 0, 0, 0, 0, 0, 2000},
  {0, 0, 0, 0, 0, 0, 0, 2000},
  {0, 0, 0, 0, 0, 0, 0, 2000},
  {0, 0, 0, 0, 0, 0, 0, 2000},
  {0, 0, 0, 0, 0, 0, 0, 2000},
  {0, 0, 0, 0, 0, 0, 0, 2000},
  {0, 0, 0, 0, 0, 0, 0, 2000},
  {0, 0, 0, 0, 0, 0, 0, 2000},
  {0, 0, 0, 0, 0, 0, 0, 2000},
  {0, 0, 0, 0, 0, 0, 0, 2000},
  {0, 0, 0, 0, 0, 0, 0, 2000},
  {0, 0, 0, 0, 0, 0, 0, 2000},
  {0, 0, 0, 0, 0, 0, 0, 2000},
  {0, 0, 0, 0, 0, 0, 0, 2000},
  {0, 0, 0, 0, 0, 0, 0, 2000},
  {0, 0, 0, 0, 0, 0, 0, 2000},
  {0, 0, 0, 0, 0, 0, 0, 2000},
  {0, 0, 0, 0, 0, 0, 0, 2000},
  {0, 0, 0, 0, 0, 0, 0, 2000},
  {0, 0, 0, 0, 0, 0, 0, 2000},
  {0, 0, 0, 0, 0, 0, 0, 2000},
  {0, 0, 0, 0, 0, 0, 0, 2000},
  {0, 0, 0, 0, 0, 0, 0, 2000},
  {0, 0, 0, 0, 0, 0, 0, 2000},
  {0, 0, 0, 0, 0, 0, 0, 2000},
  {0, 0, 0, 0, 0, 0, 0, 2000},
  {0, 0, 0, 0, 0, 0, 0, 2000},
  {0, 0, 0, 0, 0, 0, 0, 2000},
  {0, 0, 0, 0, 0, 0, 0, 2000},
  {0, 0, 0, 0, 0, 0, 0, 2000},
  {0, 0, 0, 0, 0, 0, 0, 2000},
  {0, 0, 0, 0, 0, 0, 0, 2000},
  {0, 0, 0, 0, 0, 0, 0, 2000},
  {0, 0, 0, 0, 0, 0, 0, 2000},
  {0, 0, 0, 0, 0, 0, 0, 2000},
  {0, 0, 0, 0, 0, 0, 0, 2000},
  {0, 0, 0, 0, 0, 0, 0, 2000},
  {0, 0, 0, 0, 0, 0, 0, 2000},
  {0, 0, 0, 0, 0, 0, 0, 2000},
  {0, 0, 0, 0, 0, 0, 0, 2000},
  {0, 0, 0, 0, 0, 0, 0, 2000},
  {0, 0, 0, 0, 0, 0, 0, 2000},
  {0, 0, 0, 0, 0, 0, 0, 2000},
  {0, 0, 0, 0, 0, 0, 0, 2000},
  {0, 0, 0, 0, 0, 0, 0, 2000},
  {0, 0, 0, 0, 0, 0, 0, 2000},
  {0, 0, 0, 0, 0, 0, 0, 2000},
  {0, 0, 0, 0, 0, 0, 0, 2000},
  {0, 0, 0, 0, 0, 0, 0, 2000},
  {0, 0, 0, 0, 0, 0, 0, 2000},
  {0, 0, 0, 0, 0, 0, 0, 2000},
  {0, 0, 0, 0, 0, 0, 0, 2000},
  {0, 0, 0, 0, 0, 0, 0, 2000},
  {0, 0, 0, 0, 0, 0, 0, 2000},
  {0, 0, 0, 0, 0, 0, 0, 2000},
  {0, 0, 0, 0, 0, 0, 0, 2000},
  {0, 0, 0, 0, 0, 0, 0, 2000},
  {0, 0, 0, 0, 0, 0, 0, 2000},
  {0, 0, 0, 0, 0, 0, 0, 2000},
  {0, 0, 0, 0, 0, 0, 0, 2000},
  {0, 0, 0, 0, 0, 0, 0, 2000},
  {0, 0, 0, 0, 0, 0, 0, 2000},
  {0, 0, 0, 0, 0, 0, 0, 2000},
  {0, 0, 0, 0, 0, 0, 0, 2000},
  {0, 0, 0, 0, 0, 0, 0, 2000},
  {0, 0, 0, 0, 0, 0, 0, 2000},
  {0, 0, 0, 0, 0, 0, 0, 2000},
  {0, 0, 0, 0, 0, 0, 0, 2000},
  {0, 0, 0, 0, 0, 0, 0, 2000},
  {0, 0, 0, 0, 0, 0, 0, 2000},
  {0, 0, 0, 0, 0, 0, 0, 2000},
  {0, 0, 0, 0, 0, 0, 0, 2000},
  {0, 0, 0, 0, 0, 0, 0, 2000},
  {0, 0, 0, 0, 0, 0, 0, 2000},
  {0, 0, 0, 0, 0, 0, 0, 2000},
  {0, 0, 0, 0, 0, 0, 0, 2000},
  {0, 0, 0, 0, 0, 0, 0, 2000},
  {0, 0, 0, 0, 0, 0, 0, 2000},
  {0, 0, 0, 0, 0, 0, 0, 2000},
  {0, 0, 0, 0, 0, 0, 0, 2000},
  {0, 0, 0, 0, 0, 0, 0, 2000},
  {0, 0, 0, 0, 0, 0, 0, 2000},
  {0, 0, 0, 0, 0, 0, 0, 2000},
  {0, 0, 0, 0, 0, 0, 0, 2000},
  {0, 0, 0, 0, 0, 0, 0, 2000},
  {0, 0, 0, 0, 0, 0, 0, 2000},
  {0, 0, 0, 0, 0, 0, 0, 2000},
  {0, 0, 0, 0, 0, 0, 0, 2000},
  {0, 0, 0, 0, 0, 0, 0, 2000},
  {0, 0, 0, 0, 0, 0, 0, 2000},
  {0, 0, 0, 0, 0, 0, 0, 2000},
  {0, 0, 0, 0, 0, 0, 0, 2000},
  {0, 0, 0, 0, 0, 0, 0, 2000},
  {0, 0, 0, 0, 0, 0, 0, 2000},
  {0, 0, 0, 0, 0, 0, 0, 2000},
  {0, 0, 0, 0, 0, 0, 0, 2000},
  {0, 0, 0, 0, 0, 0, 0, 2000},
  {0, 0, 0, 0, 0, 0, 0, 2000},
  {0, 0, 0, 0, 0, 0, 0, 2000},
  {0, 0, 0, 0, 0, 0, 0, 2000},
  {0, 0, 0, 0, 0, 0, 0, 2000},
  {0, 0, 0, 0, 0, 0, 0, 2000},
  {0, 0, 0, 0, 0, 0, 0, 2000},
  {0, 0, 0, 0, 0, 0, 0, 2000},
  {0, 0, 0, 0, 0, 0, 0, 2000},
  {0, 0, 0, 0, 0, 0, 0, 2000},
  {0, 0, 0, 0, 0, 0, 0, 2000},
  {0, 0, 0, 0, 0, 0, 0, 2000},
  {0, 0, 0, 0, 0, 0, 0, 2000},
  {0, 0, 0, 0, 0, 0, 0, 2000},
  {0, 0, 0, 0, 0, 0, 0, 2000},
  {0, 0, 0, 0, 0, 0, 0, 2000},
  {0, 0, 0, 0, 0, 0, 0, 2000},
  {0, 0, 0, 0, 0, 0, 0, 2000},
  {0, 0, 0, 0, 0, 0, 0, 2000},
  {0, 0, 0, 0, 0, 0, 0, 2000},
  {0, 0, 0, 0, 0, 0, 0, 2000},
  {0, 0, 0, 0, 0, 0, 0, 2000},
  {0, 0, 0, 0, 0, 0, 0, 2000},
  {0, 0, 0, 0, 0, 0, 0, 2000},
  {0, 0, 0, 0, 0, 0, 0, 2000},
  {0, 0, 0, 0, 0, 0, 0, 2000},
  {0, 0, 0, 0, 0, 0, 0, 2000},
  {0, 0, 0, 0, 0, 0, 0, 2000},
  {0, 0, 0, 0, 0, 0, 0, 2000},
  {0, 0, 0, 0, 0, 0, 0, 2000},
  {0, 0, 0, 0, 0, 0, 0, 2000},
  {0, 0, 0, 0, 0, 0, 0, 2000},
  {0, 0, 0, 0, 0, 0, 0, 2000},
  {0, 0, 0, 0, 0, 0, 0, 2000},
  {0, 0, 0, 0, 0, 0, 0, 2000},
  {0, 0, 0, 0, 0, 0, 0, 2000},
  {0, 0, 0, 0, 0, 0, 0, 2000},
  {0, 0, 0, 0, 0, 0, 0, 2000},
  {0, 0, 0, 0, 0, 0, 0, 2000},
  {0, 0, 0, 0, 0, 0, 0, 2000},
  {0, 0, 0, 0, 0, 0, 0, 2000},
  {0, 0, 0, 0, 0, 0, 0, 2000},
  {0, 0, 0, 0, 0, 0, 0, 2000},
  {0, 0, 0, 0, 0, 0, 0, 2000},
  {0, 0, 0, 0, 0, 0, 0, 2000},
  {0, 0, 0, 0, 0, 0, 0, 2000},
  {0, 0, 0, 0, 0, 0, 0, 2000},
  {0, 0, 0, 0, 0, 0, 0, 2000},
  {0, 0, 0, 0, 0, 0, 0, 2000},
  {0, 0, 0, 0, 0, 0, 0, 2000},
  {0, 0, 0, 0, 0, 0, 0, 2000},
  {0, 0, 0, 0, 0, 0, 0, 2000},
  {0, 0, 0, 0, 0, 0, 0, 2000},
  {0, 0, 0, 0, 0, 0, 0, 2000},
  {0, 0, 0, 0, 0, 0, 0, 2000},
  {0, 0, 0, 0, 0, 0, 0, 2000},
  {0, 0, 0, 0, 0, 0, 0, 2000},
  {0, 0, 0, 0, 0, 0, 0, 2000},
  {0, 0, 0, 0, 0, 0, 0, 2000},
  {0, 0, 0, 0, 0, 0, 0, 2000},
  {0, 0, 0, 0, 0, 0, 0, 2000},
  {0, 0, 0, 0, 0, 0, 0, 2000},
  {0, 0, 0, 0, 0, 0, 0, 2000},
  {0, 0, 0, 0, 0, 0, 0, 2000},
  {0, 0, 0, 0, 0, 0, 0, 2000},
  {0, 0, 0, 0, 0, 0, 0, 2000},
  {0, 0, 0, 0, 0, 0, 0, 2000},
  {0, 0, 0, 0, 0, 0, 0, 2000},
  {0, 0, 0, 0, 0, 0, 0, 2000},
  {0, 0, 0, 0, 0, 0, 0, 2000},
  {0, 0, 0, 0, 0, 0, 0, 2000},
  {0, 0, 0, 0, 0, 0, 0, 2000},
  {0, 0, 0, 0, 0, 0, 0, 2000},
  {0, 0, 0, 0, 0, 0, 0, 2000},
  {0, 0, 0, 0, 0, 0, 0, 2000},
  {0, 0, 0, 0, 0, 0, 0, 2000},
  {0, 0, 0, 0, 0, 0, 0, 2000},
  {0, 0, 0, 0, 0, 0, 0, 2000},
  {0, 0, 0, 0, 0, 0, 0, 2000},
  {0, 0, 0, 0, 0, 0, 0, 2000},
  {0, 0, 0, 0, 0, 0, 0, 2000},
  {0, 0, 0, 0, 0, 0, 0, 2000},
  {0, 0, 0, 0, 0, 0, 0, 2000},
  {0, 0, 0, 0, 0, 0, 0, 2000},
  {0, 0, 0, 0, 0, 0, 0, 2000},
  {0, 0, 0, 0, 0, 0, 0, 2000},
  {0, 0, 0, 0, 0, 0, 0, 2000},
  {0, 0, 0, 0, 0, 0, 0, 2000},
  {0, 0, 0, 0, 0, 0, 0, 2000},
  {0, 0, 0, 0, 0, 0, 0, 2000},
  {0, 0, 0, 0, 0, 0, 0, 2000},
  {0, 0, 0, 0, 0, 0, 0, 2000},
  {0, 0, 0, 0, 0, 0, 0, 2000},
  {0, 0, 0, 0, 0, 0, 0, 2000},
  {0, 0, 0, 0, 0, 0, 0, 2000},
  {0, 0, 0, 0, 0, 0, 0, 2000},
  {0, 0, 0, 0, 0, 0, 0, 2000},
  {0, 0, 0, 0, 0, 0, 0, 2000},
  {0, 0, 0, 0, 0, 0, 0, 2000},
  {0, 0, 0, 0, 0, 0, 0, 2000},
  {0, 0, 0, 0, 0, 0, 0, 2000},
  {0, 0, 0, 0, 0, 0, 0, 2000},
  {0, 0, 0, 0, 0, 0, 0, 2000},
  {0, 0, 0, 0, 0, 0, 0, 2000},
  {0, 0, 0, 0, 0, 0, 0, 2000},
  {0, 0, 0, 0, 0, 0, 0, 2000},
  {0, 0, 0, 0, 0, 0, 0, 2000},
  {0, 0, 0, 0, 0, 0, 0, 2000},
  {0, 0, 0, 0, 0, 0, 0, 2000},
  {0, 0, 0, 0, 0, 0, 0, 2000},
  {0, 0, 0, 0, 0, 0, 0, 2000},
  {0, 0, 0, 0, 0, 0, 0, 2000},
  {0, 0, 0, 0, 0, 0, 0, 2000},
  {0, 0, 0, 0, 0, 0, 0, 2000},
  {0, 0, 0, 0, 0, 0, 0, 2000},
  {0, 0, 0, 0, 0, 0, 0, 2000},
  {0, 0, 0, 0, 0, 0, 0, 2000},
  {0, 0, 0, 0, 0, 0, 0, 2000},
  {0, 0, 0, 0, 0, 0, 0, 2000},
  {0, 0, 0, 0, 0, 0, 0, 2000},
  {0, 0, 0, 0, 0, 0, 0, 2000},
  {0, 0, 0, 0, 0, 0, 0, 2000},
  {0, 0, 0, 0, 0, 0, 0, 2000},
  {0, 0, 0, 0, 0, 0, 0, 2000},
  {0, 0, 0, 0, 0, 0, 0, 2000},
  {0, 0, 0, 0, 0, 0, 0, 2000},
  {0, 0, 0, 0, 0, 0, 0, 2000},
  {0, 0, 0, 0, 0, 0, 0, 2000},
  {0, 0, 0, 0, 0, 0, 0, 2000},
  {0, 0, 0, 0, 0, 0, 0, 2000},
  {0, 0, 0, 0, 0, 0, 0, 2000},
  {0, 0, 0, 0, 0, 0, 0, 2000},
  {0, 0, 0, 0, 0, 0, 0, 2000},
  {0, 0, 0, 0, 0, 0, 0, 2000},
  {0, 0, 0, 0, 0, 0, 0, 2000},
  {0, 0, 0, 0, 0, 0, 0, 2000},
  {0, 0, 0, 0, 0, 0, 0, 2000},
  {0, 0, 0, 0, 0, 0, 0, 2000},
  {0, 0, 0, 0, 0, 0, 0, 2000},
  {0, 0, 0, 0, 0, 0, 0, 2000},
  {0, 0, 0, 0, 0, 0, 0, 2000},
  {0, 0, 0, 0, 0, 0, 0, 2000},
  {0, 0, 0, 0, 0, 0, 0, 2000},
  {0, 0, 0, 0, 0, 0, 0, 2000},
  {0, 0, 0, 0, 0, 0, 0, 2000},
  {0, 0, 0, 0, 0, 0, 0, 2000},
  {0, 0, 0, 0, 0, 0, 0, 2000},
  {0, 0, 0, 0, 0, 0, 0, 2000},
  {0, 0, 0, 0, 0, 0, 0, 2000},
  {0, 0, 0, 0, 0, 0, 0, 2000},
  {0, 0, 0, 0, 0, 0, 0, 2000},
  {0, 0, 0, 0, 0, 0, 0, 2000},
  {0, 0, 0, 0, 0, 0, 0, 2000},
  {0, 0, 0, 0, 0, 0, 0, 2000},
  {0, 0, 0, 0, 0, 0, 0, 2000},
  {0, 0, 0, 0, 0, 0, 0, 2000},
  {0, 0, 0, 0, 0, 0, 0, 2000},
  {0, 0, 0, 0, 0, 0, 0, 2000},
  {0, 0, 0, 0, 0, 0, 0, 2000},
  {0, 0, 0, 0, 0, 0, 0, 2000},
  {0, 0, 0, 0, 0, 0, 0, 2000},
  {0, 0, 0, 0, 0, 0, 0, 2000},
  {0, 0, 0, 0, 0, 0, 0, 2000},
  {0, 0, 0, 0, 0, 0, 0, 2000},
  {0, 0, 0, 0, 0, 0, 0, 2000},
  {0, 0, 0, 0, 0, 0, 0, 2000},
  {0, 0, 0, 0, 0, 0, 0, 2000},
  {0, 0, 0, 0, 0, 0, 0, 2000},
  {0, 0, 0, 0, 0, 0, 0, 2000},
  {0, 0, 0, 0, 0, 0, 0, 2000},
  {0, 0, 0, 0, 0, 0, 0, 2000},
  {0, 0, 0, 0, 0, 0, 0, 2000},
  {0, 0, 0, 0, 0, 0, 0, 2000},
  {0, 0, 0, 0, 0, 0, 0, 2000},
  {0, 0, 0, 0, 0, 0, 0, 2000},
  {0, 0, 0, 0, 0, 0, 0, 2000},
  {0, 0, 0, 0, 0, 0, 0, 2000},
  {0, 0, 0, 0, 0, 0, 0, 2000},
  {0, 0, 0, 0, 0, 0, 0, 2000},
  {0, 0, 0, 0, 0, 0, 0, 2000},
  {0, 0, 0, 0, 0, 0, 0, 2000},
  {0, 0, 0, 0, 0, 0, 0, 2000},
  {0, 0, 0, 0, 0, 0, 0, 2000},
  {0, 0, 0, 0, 0, 0, 0, 2000},
  {0, 0, 0, 0, 0, 0, 0, 2000},
  {0, 0, 0, 0, 0, 0, 0, 2000},
  {0, 0, 0, 0, 0, 0, 0, 2000},
  {0, 0, 0, 0, 0, 0, 0, 2000},
  {0, 0, 0, 0, 0, 0, 0, 2000},
  {0, 0, 0, 0, 0, 0, 0, 2000},
  {0, 0, 0, 0, 0, 0, 0, 2000},
  {0, 0, 0, 0, 0, 0, 0, 2000},
  {0, 0, 0, 0, 0, 0, 0, 2000},
  {0, 0, 0, 0, 0, 0, 0, 2000},
  {0, 0, 0, 0, 0, 0, 0, 2000},
  {0, 0, 0, 0, 0, 0, 0, 2000},
  {0, 0, 0, 0, 0, 0, 0, 2000},
  {0, 0, 0, 0, 0, 0, 0, 2000},
  {0, 0, 0, 0, 0, 0, 0, 2000},
  {0, 0, 0, 0, 0, 0, 0, 2000},
  {0, 0, 0, 0, 0, 0, 0, 2000},
  {0, 0, 0, 0, 0, 0, 0, 2000},
  {0, 0, 0, 0, 0, 0, 0, 2000},
  {0, 0, 0, 0, 0, 0, 0, 2000},
  {0, 0, 0, 0, 0, 0, 0, 2000},
  {0, 0, 0, 0, 0, 0, 0, 2000},
  {0, 0, 0, 0, 0, 0, 0, 2000},
  {0, 0, 0, 0, 0, 0, 0, 2000},
  {0, 0, 0, 0, 0, 0, 0, 2000},
  {0, 0, 0, 0, 0, 0, 0, 2000},
  {0, 0, 0, 0, 0, 0, 0, 2000},
  {0, 0, 0, 0, 0, 0, 0, 2000},
  {0, 0, 0, 0, 0, 0, 0, 2000},
  {0, 0, 0, 0, 0, 0, 0, 2000},
  {0, 0, 0, 0, 0, 0, 0, 2000},
  {0, 0, 0, 0, 0, 0, 0, 2000},
  {0, 0, 0, 0, 0, 0, 0, 2000},
  {0, 0, 0, 0, 0, 0, 0, 2000},
  {0, 0, 0, 0, 0, 0, 0, 2000},
  {0, 0, 0, 0, 0, 0, 0, 2000},
  {0, 0, 0, 0, 0, 0, 0, 2000},
  {0, 0, 0, 0, 0, 0, 0, 2000},
  {0, 0, 0, 0, 0, 0, 0, 2000},
  {0, 0, 0, 0, 0, 0, 0, 2000},
  {0, 0, 0, 0, 0, 0, 0, 2000},
  {0, 0, 0, 0, 0, 0, 0, 2000},
  {0, 0, 0, 0, 0, 0, 0, 2000},
  {0, 0, 0, 0, 0, 0, 0, 2000},
  {0, 0, 0, 0, 0, 0, 0, 2000},
  {0, 0, 0, 0, 0, 0, 0, 2000},
  {0, 0, 0, 0, 0, 0, 0, 2000},
  {0, 0, 0, 0, 0, 0, 0, 2000},
  {0, 0, 0, 0, 0, 0, 0, 2000},
  {0, 0, 0, 0, 0, 0, 0, 2000},
  {0, 0, 0, 0, 0, 0, 0, 2000},
  {0, 0, 0, 0, 0, 0, 0, 2000},
  {0, 0, 0, 0, 0, 0, 0, 2000},
  {0, 0, 0, 0, 0, 0, 0, 2000},
  {0, 0, 0, 0, 0, 0, 0, 2000},
  {0, 0, 0, 0, 0, 0, 0, 2000},
  {0, 0, 0, 0, 0, 0, 0, 2000},
  {0, 0, 0, 0, 0, 0, 0, 2000},
  {0, 0, 0, 0, 0, 0, 0, 2000},
  {0, 0, 0, 0, 0, 0, 0, 2000},
  {0, 0, 0, 0, 0, 0, 0, 2000},
  {0, 0, 0, 0, 0, 0, 0, 2000},
  {0, 0, 0, 0, 0, 0, 0, 2000},
  {0, 0, 0, 0, 0, 0, 0, 2000},
  {0, 0, 0, 0, 0, 0, 0, 2000},
  {0, 0, 0, 0, 0, 0, 0, 2000},
  {0, 0, 0, 0, 0, 0, 0, 2000},
  {0, 0, 0, 0, 0, 0, 0, 2000},
  {0, 0, 0, 0, 0, 0, 0, 2000},
  {0, 0, 0, 0, 0, 0, 0, 2000},
  {0, 0, 0, 0, 0, 0, 0, 2000},
  {0, 0, 0, 0, 0, 0, 0, 2000},
  {0, 0, 0, 0, 0, 0, 0, 2000},
  {0, 0, 0, 0, 0, 0, 0, 2000},
  {0, 0, 0, 0, 0, 0, 0, 2000},
  {0, 0, 0, 0, 0, 0, 0, 2000},
  {0, 0, 0, 0, 0, 0, 0, 2000},
  {0, 0, 0, 0, 0, 0, 0, 2000},
  {0, 0, 0, 0, 0, 0, 0, 2000},
  {0, 0, 0, 0, 0, 0, 0, 2000},
  {0, 0, 0, 0, 0, 0, 0, 2000},
  {0, 0, 0, 0, 0, 0, 0, 2000},
  {0, 0, 0, 0, 0, 0, 0, 2000},
  {0, 0, 0, 0, 0, 0, 0, 2000},
  {0, 0, 0, 0, 0, 0, 0, 2000},
  {0, 0, 0, 0, 0, 0, 0, 2000},
  {0, 0, 0, 0, 0, 0, 0, 2000},
  {0, 0, 0, 0, 0, 0, 0, 2000},
  {0, 0, 0, 0, 0, 0, 0, 2000},
  {0, 0, 0, 0, 0, 0, 0, 2000},
  {0, 0, 0, 0, 0, 0, 0, 2000},
  {0, 0, 0, 0, 0, 0, 0, 2000},
  {0, 0, 0, 0, 0, 0, 0, 2000},
  {0, 0, 0, 0, 0, 0, 0, 2000},
  {0, 0, 0, 0, 0, 0, 0, 2000},
  {0, 0, 0, 0, 0, 0, 0, 2000},
  {0, 0, 0, 0, 0, 0, 0, 2000},
  {0, 0, 0, 0, 0, 0, 0, 2000},
  {0, 0, 0, 0, 0, 0, 0, 2000},
  {0, 0, 0, 0, 0, 0, 0, 2000},
  {0, 0, 0, 0, 0, 0, 0, 2000},
  {0, 0, 0, 0, 0, 0, 0, 2000},
  {0, 0, 0, 0, 0, 0, 0, 2000},
  {0, 0, 0, 0, 0, 0, 0, 2000},
  {0, 0, 0, 0, 0, 0, 0, 2000},
  {0, 0, 0, 0, 0, 0, 0, 2000},
  {0, 0, 0, 0, 0, 0, 0, 2000},
  {0, 0, 0, 0, 0, 0, 0, 2000},
  {0, 0, 0, 0, 0, 0, 0, 2000},
  {0, 0, 0, 0, 0, 0, 0, 2000},
  {0, 0, 0, 0, 0, 0, 0, 2000},
  {0, 0, 0, 0, 0, 0, 0, 2000},
  {0, 0, 0, 0, 0, 0, 0, 2000},
  {0, 0, 0, 0, 0, 0, 0, 2000},
  {0, 0, 0, 0, 0, 0, 0, 2000},
  {0, 0, 0, 0, 0, 0, 0, 2000},
  {0, 0, 0, 0, 0, 0, 0, 2000},
  {0, 0, 0, 0, 0, 0, 0, 2000},
  {0, 0, 0, 0, 0, 0, 0, 2000},
  {0, 0, 0, 0, 0, 0, 0, 2000},
  {0, 0, 0, 0, 0, 0, 0, 2000},
  {0, 0, 0, 0, 0, 0, 0, 2000},
  {0, 0, 0, 0, 0, 0, 0, 2000},
  {0, 0, 0, 0, 0, 0, 0, 2000},
  {0, 0, 0, 0, 0, 0, 0, 2000},
  {0, 0, 0, 0, 0, 0, 0, 2000},
  {0, 0, 0, 0, 0, 0, 0, 2000},
  {0, 0, 0, 0, 0, 0, 0, 2000},
  {0, 0, 0, 0, 0, 0, 0, 2000},
  {0, 0, 0, 0, 0, 0, 0, 2000},
  {0, 0, 0, 0, 0, 0, 0, 2000},
  {0, 0, 0, 0, 0, 0, 0, 2000},
  {0, 0, 0, 0, 0, 0, 0, 2000},
  {0, 0, 0, 0, 0, 0, 0, 2000},
  {0, 0, 0, 0, 0, 0, 0, 2000},
  {0, 0, 0, 0, 0, 0, 0, 2000},
  {0, 0, 0, 0, 0, 0, 0, 2000},
  {0, 0, 0, 0, 0, 0, 0, 2000},
  {0, 0, 0, 0, 0, 0, 0, 2000},
  {0, 0, 0, 0, 0, 0, 0, 2000},
  {0, 0, 0, 0, 0, 0, 0, 2000},
  {0, 0, 0, 0, 0, 0, 0, 2000},
  {0, 0, 0, 0, 0, 0, 0, 2000},
  {0, 0, 0, 0, 0, 0, 0, 2000},
  {0, 0, 0, 0, 0, 0, 0, 2000},
  {0, 0, 0, 0, 0, 0, 0, 2000},
  {0, 0, 0, 0, 0, 0, 0, 2000},
  {0, 0, 0, 0, 0, 0, 0, 2000},
  {0, 0, 0, 0, 0, 0, 0, 2000},
  {0, 0, 0, 0, 0, 0, 0, 2000},
  {0, 0, 0, 0, 0, 0, 0, 2000},
  {0, 0, 0, 0, 0, 0, 0, 2000},
  {0, 0, 0, 0, 0, 0, 0, 2000},
  {0, 0, 0, 0, 0, 0, 0, 2000},
  {0, 0, 0, 0, 0, 0, 0, 2000},
  {0, 0, 0, 0, 0, 0, 0, 2000},
  {0, 0, 0, 0, 0, 0, 0, 2000},
  {0, 0, 0, 0, 0, 0, 0, 2000},
  {0, 0, 0, 0, 0, 0, 0, 2000},
  {0, 0, 0, 0, 0, 0, 0, 2000},
  {0, 0, 0, 0, 0, 0, 0, 2000},
  {0, 0, 0, 0, 0, 0, 0, 2000},
  {0, 0, 0, 0, 0, 0, 0, 2000},
  {0, 0, 0, 0, 0, 0, 0, 2000},
  {0, 0, 0, 0, 0, 0, 0, 2000},
  {0, 0, 0, 0, 0, 0, 0, 2000},
  {0, 0, 0, 0, 0, 0, 0, 2000},
  {0, 0, 0, 0, 0, 0, 0, 2000},
  {0, 0, 0, 0, 0, 0, 0, 2000},
  {0, 0, 0, 0, 0, 0, 0, 2000},
  {0, 0, 0, 0, 0, 0, 0, 2000},
  {0, 0, 0, 0, 0, 0, 0, 2000},
  {0, 0, 0, 0, 0, 0, 0, 2000},
  {0, 0, 0, 0, 0, 0, 0, 2000},
  {0, 0, 0, 0, 0, 0, 0, 2000},
  {0, 0, 0, 0, 0, 0, 0, 2000},
  {0, 0, 0, 0, 0, 0, 0, 2000},
  {0, 0, 0, 0, 0, 0, 0, 2000},
  {0, 0, 0, 0, 0, 0, 0, 2000},
  {0, 0, 0, 0, 0, 0, 0, 2000},
  {0, 0, 0, 0, 0, 0, 0, 2000},
  {0, 0, 0, 0, 0, 0, 0, 2000},
  {0, 0, 0, 0, 0, 0, 0, 2000},
  {0, 0, 0, 0, 0, 0, 0, 2000},
  {0, 0, 0, 0, 0, 0, 0, 2000},
  {0, 0, 0, 0, 0, 0, 0, 2000},
  {0, 0, 0, 0, 0, 0, 0, 2000},
  {0, 0, 0, 0, 0, 0, 0, 2000},
  {0, 0, 0, 0, 0, 0, 0, 2000},
  {0, 0, 0, 0, 0, 0, 0, 2000},
  {0, 0, 0, 0, 0, 0, 0, 2000},
  {0, 0, 0, 0, 0, 0, 0, 2000},
  {0, 0, 0, 0, 0, 0, 0, 2000},
  {0, 0, 0, 0, 0, 0, 0, 2000},
  {0, 0, 0, 0, 0, 0, 0, 2000},
  {0, 0, 0, 0, 0, 0, 0, 2000},
  {0, 0, 0, 0, 0, 0, 0, 2000},
  {0, 0, 0, 0, 0, 0, 0, 2000},
  {0, 0, 0, 0, 0, 0, 0, 2000},
  {0, 0, 0, 0, 0, 0, 0, 2000},
  {0, 0, 0, 0, 0, 0, 0, 2000},
  {0, 0, 0, 0, 0, 0, 0, 2000},
  {0, 0, 0, 0, 0, 0, 0, 2000},
  {0, 0, 0, 0, 0, 0, 0, 2000},
  {0, 0, 0, 0, 0, 0, 0, 2000},
  {0, 0, 0, 0, 0, 0, 0, 2000},
  {0, 0, 0, 0, 0, 0, 0, 2000},
  {0, 0, 0, 0, 0, 0, 0, 2000},
  {0, 0, 0, 0, 0, 0, 0, 2000},
  {0, 0, 0, 0, 0, 0, 0, 2000},
  {0, 0, 0, 0, 0, 0, 0, 2000},
  {0, 0, 0, 0, 0, 0, 0, 2000},
  {0, 0, 0, 0, 0, 0, 0, 2000},
  {0, 0, 0, 0, 0, 0, 0, 2000},
  {0, 0, 0, 0, 0, 0, 0, 2000},
  {0, 0, 0, 0, 0, 0, 0, 2000},
  {0, 0, 0, 0, 0, 0, 0, 2000},
  {0, 0, 0, 0, 0, 0, 0, 2000},
  {0, 0, 0, 0, 0, 0, 0, 2000},
  {0, 0, 0, 0, 0, 0, 0, 2000},
  {0, 0, 0, 0, 0, 0, 0, 2000},
  {0, 0, 0, 0, 0, 0, 0, 2000},
  {0, 0, 0, 0, 0, 0, 0, 2000},
  {0, 0, 0, 0, 0, 0, 0, 2000},
  {0, 0, 0, 0, 0, 0, 0, 2000},
  {0, 0, 0, 0, 0, 0, 0, 2000},
  {0, 0, 0, 0, 0, 0, 0, 2000},
  {0, 0, 0, 0, 0, 0, 0, 2000},
  {0, 0, 0, 0, 0, 0, 0, 2000},
  {0, 0, 0, 0, 0, 0, 0, 2000},
  {0, 0, 0, 0, 0, 0, 0, 2000},
  {0, 0, 0, 0, 0, 0, 0, 2000},
  {0, 0, 0, 0, 0, 0, 0, 2000},
  {0, 0, 0, 0, 0, 0, 0, 2000},
  {0, 0, 0, 0, 0, 0, 0, 2000},
  {0, 0, 0, 0, 0, 0, 0, 2000},
  {0, 0, 0, 0, 0, 0, 0, 2000},
  {0, 0, 0, 0, 0, 0, 0, 2000},
  {0, 0, 0, 0, 0, 0, 0, 2000},
  {0, 0, 0, 0, 0, 0, 0, 2000},
  {0, 0, 0, 0, 0, 0, 0, 2000},
  {0, 0, 0, 0, 0, 0, 0, 2000},
  {0, 0, 0, 0, 0, 0, 0, 2000},
  {0, 0, 0, 0, 0, 0, 0, 2000},
  {0, 0, 0, 0, 0, 0, 0, 2000},
  {0, 0, 0, 0, 0, 0, 0, 2000},
  {0, 0, 0, 0, 0, 0, 0, 2000},
  {0, 0, 0, 0, 0, 0, 0, 2000},
  {0, 0, 0, 0, 0, 0, 0, 2000},
  {0, 0, 0, 0, 0, 0, 0, 2000},
  {0, 0, 0, 0, 0, 0, 0, 2000},
  {0, 0, 0, 0, 0, 0, 0, 2000},
  {0, 0, 0, 0, 0, 0, 0, 2000},
  {0, 0, 0, 0, 0, 0, 0, 2000},
  {0, 0, 0, 0, 0, 0, 0, 2000},
  {0, 0, 0, 0, 0, 0, 0, 2000},
  {0, 0, 0, 0, 0, 0, 0, 2000},
  {0, 0, 0, 0, 0, 0, 0, 2000},
  {0, 0, 0, 0, 0, 0, 0, 2000},
  {0, 0, 0, 0, 0, 0, 0, 2000},
  {0, 0, 0, 0, 0, 0, 0, 2000},
  {0, 0, 0, 0, 0, 0, 0, 2000},
  {0, 0, 0, 0, 0, 0, 0, 2000},
  {0, 0, 0, 0, 0, 0, 0, 2000},
  {0, 0, 0, 0, 0, 0, 0, 2000},
  {0, 0, 0, 0, 0, 0, 0, 2000},
  {0, 0, 0, 0, 0, 0, 0, 2000},
  {0, 0, 0, 0, 0, 0, 0, 2000},
  {0, 0, 0, 0, 0, 0, 0, 2000},
  {0, 0, 0, 0, 0, 0, 0, 2000},
  {0, 0, 0, 0, 0, 0, 0, 2000},
  {0, 0, 0, 0, 0, 0, 0, 2000},
  {0, 0, 0, 0, 0, 0, 0, 2000},
  {0, 0, 0, 0, 0, 0, 0, 2000},
  {0, 0, 0, 0, 0, 0, 0, 2000},
  {0, 0, 0, 0, 0, 0, 0, 2000},
  {0, 0, 0, 0, 0, 0, 0, 2000},
  {0, 0, 0, 0, 0, 0, 0, 2000},
  {0, 0, 0, 0, 0, 0, 0, 2000},
  {0, 0, 0, 0, 0, 0, 0, 2000},
  {0, 0, 0, 0, 0, 0, 0, 2000},
  {0, 0, 0, 0, 0, 0, 0, 2000},
  {0, 0, 0, 0, 0, 0, 0, 2000},
  {0, 0, 0, 0, 0, 0, 0, 2000},
  {0, 0, 0, 0, 0, 0, 0, 2000},
  {0, 0, 0, 0, 0, 0, 0, 2000},
  {0, 0, 0, 0, 0, 0, 0, 2000},
  {0, 0, 0, 0, 0, 0, 0, 2000},
  {0, 0, 0, 0, 0, 0, 0, 2000},
  {0, 0, 0, 0, 0, 0, 0, 2000},
  {0, 0, 0, 0, 0, 0, 0, 2000},
  {0, 0, 0, 0, 0, 0, 0, 2000},
  {0, 0, 0, 0, 0, 0, 0, 2000},
  {0, 0, 0, 0, 0, 0, 0, 2000},
  {0, 0, 0, 0, 0, 0, 0, 2000},
  {0, 0, 0, 0, 0, 0, 0, 2000},
  {0, 0, 0, 0, 0, 0, 0, 2000},
  {0, 0, 0, 0, 0, 0, 0, 2000},
  {0, 0, 0, 0, 0, 0, 0, 2000},
  {0, 0, 0, 0, 0, 0, 0, 2000},
  {0, 0, 0, 0, 0, 0, 0, 2000},
  {0, 0, 0, 0, 0, 0, 0, 2000},
  {0, 0, 0, 0, 0, 0, 0, 2000},
  {0, 0, 0, 0, 0, 0, 0, 2000},
  {0, 0, 0, 0, 0, 0, 0, 2000},
  {0, 0, 0, 0, 0, 0, 0, 2000},
  {0, 0, 0, 0, 0, 0, 0, 2000},
  {0, 0, 0, 0, 0, 0, 0, 2000},
  {0, 0, 0, 0, 0, 0, 0, 2000},
  {0, 0, 0, 0, 0, 0, 0, 2000},
  {0, 0, 0, 0, 0, 0, 0, 2000},
  {0, 0, 0, 0, 0, 0, 0, 2000},
  {0, 0, 0, 0, 0, 0, 0, 2000},
  {0, 0, 0, 0, 0, 0, 0, 2000},
  {0, 0, 0, 0, 0, 0, 0, 2000},
  {0, 0, 0, 0, 0, 0, 0, 2000},
  {0, 0, 0, 0, 0, 0, 0, 2000},
  {0, 0, 0, 0, 0, 0, 0, 2000},
  {0, 0, 0, 0, 0, 0, 0, 2000},
  {0, 0, 0, 0, 0, 0, 0, 2000},
  {0, 0, 0, 0, 0, 0, 0, 2000},
  {0, 0, 0, 0, 0, 0, 0, 2000},
  {0, 0, 0, 0, 0, 0, 0, 2000},
  {0, 0, 0, 0, 0, 0, 0, 2000},
  {0, 0, 0, 0, 0, 0, 0, 2000},
  {0, 0, 0, 0, 0, 0, 0, 2000},
  {0, 0, 0, 0, 0, 0, 0, 2000},
  {0, 0, 0, 0, 0, 0, 0, 2000},
  {0, 0, 0, 0, 0, 0, 0, 2000},
  {0, 0, 0, 0, 0, 0, 0, 2000},
  {0, 0, 0, 0, 0, 0, 0, 2000},
  {0, 0, 0, 0, 0, 0, 0, 2000},
  {0, 0, 0, 0, 0, 0, 0, 2000},
  {0, 0, 0, 0, 0, 0, 0, 2000},
  {0, 0, 0, 0, 0, 0, 0, 2000},
  {0, 0, 0, 0, 0, 0, 0, 2000},
  {0, 0, 0, 0, 0, 0, 0, 2000},
  {0, 0, 0, 0, 0, 0, 0, 2000},
  {0, 0, 0, 0, 0, 0, 0, 2000},
  {0, 0, 0, 0, 0, 0, 0, 2000},
  {0, 0, 0, 0, 0, 0, 0, 2000},
  {0, 0, 0, 0, 0, 0, 0, 2000},
  {0, 0, 0, 0, 0, 0, 0, 2000},
  {0, 0, 0, 0, 0, 0, 0, 2000},
  {0, 0, 0, 0, 0, 0, 0, 2000},
  {0, 0, 0, 0, 0, 0, 0, 2000},
  {0, 0, 0, 0, 0, 0, 0, 2000},
  {0, 0, 0, 0, 0, 0, 0, 2000},
  {0, 0, 0, 0, 0, 0, 0, 2000},
  {0, 0, 0, 0, 0, 0, 0, 2000},
  {0, 0, 0, 0, 0, 0, 0, 2000},
  {0, 0, 0, 0, 0, 0, 0, 2000},
  {0, 0, 0, 0, 0, 0, 0, 2000},
  {0, 0, 0, 0, 0, 0, 0, 2000},
  {0, 0, 0, 0, 0, 0, 0, 2000},
  {0, 0, 0, 0, 0, 0, 0, 2000},
  {0, 0, 0, 0, 0, 0, 0, 2000},
  {0, 0, 0, 0, 0, 0, 0, 2000},
  {0, 0, 0, 0, 0, 0, 0, 2000},
  {0, 0, 0, 0, 0, 0, 0, 2000},
  {0, 0, 0, 0, 0, 0, 0, 2000},
  {0, 0, 0, 0, 0, 0, 0, 2000},
  {0, 0, 0, 0, 0, 0, 0, 2000},
  {0, 0, 0, 0, 0, 0, 0, 2000},
  {0, 0, 0, 0, 0, 0, 0, 2000},
  {0, 0, 0, 0, 0, 0, 0, 2000},
  {0, 0, 0, 0, 0, 0, 0, 2000},
  {0, 0, 0, 0, 0, 0, 0, 2000},
  {0, 0, 0, 0, 0, 0, 0, 2000},
  {0, 0, 0, 0, 0, 0, 0, 2000},
  {0, 0, 0, 0, 0, 0, 0, 2000},
  {0, 0, 0, 0, 0, 0, 0, 2000},
  {0, 0, 0, 0, 0, 0, 0, 2000},
  {0, 0, 0, 0, 0, 0, 0, 2000},
  {0, 0, 0, 0, 0, 0, 0, 2000},
  {0, 0, 0, 0, 0, 0, 0, 2000},
  {0, 0, 0, 0, 0, 0, 0, 2000},
  {0, 0, 0, 0, 0, 0, 0, 2000},
  {0, 0, 0, 0, 0, 0, 0, 2000},
  {0, 0, 0, 0, 0, 0, 0, 2000},
  {0, 0, 0, 0, 0, 0, 0, 2000},
  {0, 0, 0, 0, 0, 0, 0, 2000},
  {0, 0, 0, 0, 0, 0, 0, 2000},
  {0, 0, 0, 0, 0, 0, 0, 2000},
  {0, 0, 0, 0, 0, 0, 0, 2000},
  {0, 0, 0, 0, 0, 0, 0, 2000},
  {0, 0, 0, 0, 0, 0, 0, 2000},
  {0, 0, 0, 0, 0, 0, 0, 2000},
  {0, 0, 0, 0, 0, 0, 0, 2000},
  {0, 0, 0, 0, 0, 0, 0, 2000},
  {0, 0, 0, 0, 0, 0, 0, 2000},
  {0, 0, 0, 0, 0, 0, 0, 2000},
  {0, 0, 0, 0, 0, 0, 0, 2000},
  {0, 0, 0, 0, 0, 0, 0, 2000},
  {0, 0, 0, 0, 0, 0, 0, 2000},
  {0, 0, 0, 0, 0, 0, 0, 2000},
  {0, 0, 0, 0, 0, 0, 0, 2000},
  {0, 0, 0, 0, 0, 0, 0, 2000},
  {0, 0, 0, 0, 0, 0, 0, 2000},
  {0, 0, 0, 0, 0, 0, 0, 2000},
  {0, 0, 0, 0, 0, 0, 0, 2000},
  {0, 0, 0, 0, 0, 0, 0, 2000},
  {0, 0, 0, 0, 0, 0, 0, 2000},
  {0, 0, 0, 0, 0, 0, 0, 2000},
  {0, 0, 0, 0, 0, 0, 0, 2000},
  {0, 0, 0, 0, 0, 0, 0, 2000},
  {0, 0, 0, 0, 0, 0, 0, 2000},
  {0, 0, 0, 0, 0, 0, 0, 2000},
  {0, 0, 0, 0, 0, 0, 0, 2000},
  {0, 0, 0, 0, 0, 0, 0, 2000},
  {0, 0, 0, 0, 0, 0, 0, 2000},
  {0, 0, 0, 0, 0, 0, 0, 2000},
  {0, 0, 0, 0, 0, 0, 0, 2000},
  {0, 0, 0, 0, 0, 0, 0, 2000},
  {0, 0, 0, 0, 0, 0, 0, 2000},
  {0, 0, 0, 0, 0, 0, 0, 2000},
  {0, 0, 0, 0, 0, 0, 0, 2000},
  {0, 0, 0, 0, 0, 0, 0, 2000},
  {0, 0, 0, 0, 0, 0, 0, 2000},
  {0, 0, 0, 0, 0, 0, 0, 2000},
  {0, 0, 0, 0, 0, 0, 0, 2000},
  {0, 0, 0, 0, 0, 0, 0, 2000},
  {0, 0, 0, 0, 0, 0, 0, 2000},
  {0, 0, 0, 0, 0, 0, 0, 2000},
  {0, 0, 0, 0, 0, 0, 0, 2000},
  {0, 0, 0, 0, 0, 0, 0, 2000},
  {0, 0, 0, 0, 0, 0, 0, 2000},
  {0, 0, 0, 0, 0, 0, 0, 2000},
  {0, 0, 0, 0, 0, 0, 0, 2000},
  {0, 0, 0, 0, 0, 0, 0, 2000},
  {0, 0, 0, 0, 0, 0, 0, 2000},
  {0, 0, 0, 0, 0, 0, 0, 2000},
  {0, 0, 0, 0, 0, 0, 0, 2000},
  {0, 0, 0, 0, 0, 0, 0, 2000},
  {0, 0, 0, 0, 0, 0, 0, 2000},
  {0, 0, 0, 0, 0, 0, 0, 2000},
  {0, 0, 0, 0, 0, 0, 0, 2000},
  {0, 0, 0, 0, 0, 0, 0, 2000},
  {0, 0, 0, 0, 0, 0, 0, 2000},
  {0, 0, 0, 0, 0, 0, 0, 2000},
  {0, 0, 0, 0, 0, 0, 0, 2000},
  {0, 0, 0, 0, 0, 0, 0, 2000},
  {0, 0, 0, 0, 0, 0, 0, 2000},
  {0, 0, 0, 0, 0, 0, 0, 2000},
  {0, 0, 0, 0, 0, 0, 0, 2000},
  {0, 0, 0, 0, 0, 0, 0, 2000},
  {0, 0, 0, 0, 0, 0, 0, 2000},
  {0, 0, 0, 0, 0, 0, 0, 2000},
  {0, 0, 0, 0, 0, 0, 0, 2000},
  {0, 0, 0, 0, 0, 0, 0, 2000},
  {0, 0, 0, 0, 0, 0, 0, 2000},
  {0, 0, 0, 0, 0, 0, 0, 2000},
  {0, 0, 0, 0, 0, 0, 0, 2000},
  {0, 0, 0, 0, 0, 0, 0, 2000},
  {0, 0, 0, 0, 0, 0, 0, 2000},
  {0, 0, 0, 0, 0, 0, 0, 2000},
  {0, 0, 0, 0, 0, 0, 0, 2000},
  {0, 0, 0, 0, 0, 0, 0, 2000},
  {0, 0, 0, 0, 0, 0, 0, 2000},
  {0, 0, 0, 0, 0, 0, 0, 2000},
  {0, 0, 0, 0, 0, 0, 0, 2000},
  {0, 0, 0, 0, 0, 0, 0, 2000},
  {0, 0, 0, 0, 0, 0, 0, 2000},
  {0, 0, 0, 0, 0, 0, 0, 2000},
  {0, 0, 0, 0, 0, 0, 0, 2000},
  {0, 0, 0, 0, 0, 0, 0, 2000},
  {0, 0, 0, 0, 0, 0, 0, 2000},
  {0, 0, 0, 0, 0, 0, 0, 2000},
  {0, 0, 0, 0, 0, 0, 0, 2000},
  {0, 0, 0, 0, 0, 0, 0, 2000},
  {0, 0, 0, 0, 0, 0, 0, 2000},
  {0, 0, 0, 0, 0, 0, 0, 2000},
  {0, 0, 0, 0, 0, 0, 0, 2000},
  {0, 0, 0, 0, 0, 0, 0, 2000},
  {0, 0, 0, 0, 0, 0, 0, 2000},
  {0, 0, 0, 0, 0, 0, 0, 2000},
  {0, 0, 0, 0, 0, 0, 0, 2000},
  {0, 0, 0, 0, 0, 0, 0, 2000},
  {0, 0, 0, 0, 0, 0, 0, 2000},
  {0, 0, 0, 0, 0, 0, 0, 2000},
  {0, 0, 0, 0, 0, 0, 0, 2000},
  {0, 0, 0, 0, 0, 0, 0, 2000},
  {0, 0, 0, 0, 0, 0, 0, 2000},
  {0, 0, 0, 0, 0, 0, 0, 2000},
  {0, 0, 0, 0, 0, 0, 0, 2000},
  {0, 0, 0, 0, 0, 0, 0, 2000},
  {0, 0, 0, 0, 0, 0, 0, 2000},
  {0, 0, 0, 0, 0, 0, 0, 2000},
  {0, 0, 0, 0, 0, 0, 0, 2000},
  {0, 0, 0, 0, 0, 0, 0, 2000},
  {0, 0, 0, 0, 0, 0, 0, 2000},
  {0, 0, 0, 0, 0, 0, 0, 2000},
  {0, 0, 0, 0, 0, 0, 0, 2000},
  {0, 0, 0, 0, 0, 0, 0, 2000},
  {0, 0, 0, 0, 0, 0, 0, 2000},
  {0, 0, 0, 0, 0, 0, 0, 2000},
  {0, 0, 0, 0, 0, 0, 0, 2000},
  {0, 0, 0, 0, 0, 0, 0, 2000},
  {0, 0, 0, 0, 0, 0, 0, 2000},
  {0, 0, 0, 0, 0, 0, 0, 2000},
  {0, 0, 0, 0, 0, 0, 0, 2000},
  {0, 0, 0, 0, 0, 0, 0, 2000},
  {0, 0, 0, 0, 0, 0, 0, 2000},
  {0, 0, 0, 0, 0, 0, 0, 2000},
  {0, 0, 0, 0, 0, 0, 0, 2000},
  {0, 0, 0, 0, 0, 0, 0, 2000},
  {0, 0, 0, 0, 0, 0, 0, 2000},
  {0, 0, 0, 0, 0, 0, 0, 2000},
  {0, 0, 0, 0, 0, 0, 0, 2000},
  {0, 0, 0, 0, 0, 0, 0, 2000},
  {0, 0, 0, 0, 0, 0, 0, 2000},
  {0, 0, 0, 0, 0, 0, 0, 2000},
  {0, 0, 0, 0, 0, 0, 0, 2000},
  {0, 0, 0, 0, 0, 0, 0, 2000},
  {0, 0, 0, 0, 0, 0, 0, 2000},
  {0, 0, 0, 0, 0, 0, 0, 2000},
  {0, 0, 0, 0, 0, 0, 0, 2000},
  {0, 0, 0, 0, 0, 0, 0, 2000},
  {0, 0, 0, 0, 0, 0, 0, 2000},
  {0, 0, 0, 0, 0, 0, 0, 2000},
  {0, 0, 0, 0, 0, 0, 0, 2000},
  {0, 0, 0, 0, 0, 0, 0, 2000},
  {0, 0, 0, 0, 0, 0, 0, 2000},
  {0, 0, 0, 0, 0, 0, 0, 2000},
  {0, 0, 0, 0, 0, 0, 0, 2000},
  {0, 0, 0, 0, 0, 0, 0, 2000},
  {0, 0, 0, 0, 0, 0, 0, 2000},
  {0, 0, 0, 0, 0, 0, 0, 2000},
  {0, 0, 0, 0, 0, 0, 0, 2000},
  {0, 0, 0, 0, 0, 0, 0, 2000},
  {0, 0, 0, 0, 0, 0, 0, 2000},
  {0, 0, 0, 0, 0, 0, 0, 2000},
  {0, 0, 0, 0, 0, 0, 0, 2000},
  {0, 0, 0, 0, 0, 0, 0, 2000},
  {0, 0, 0, 0, 0, 0, 0, 2000},
  {0, 0, 0, 0, 0, 0, 0, 2000},
  {0, 0, 0, 0, 0, 0, 0, 2000},
  {0, 0, 0, 0, 0, 0, 0, 2000},
  {0, 0, 0, 0, 0, 0, 0, 2000},
  {0, 0, 0, 0, 0, 0, 0, 2000},
  {0, 0, 0, 0, 0, 0, 0, 2000},
  {0, 0, 0, 0, 0, 0, 0, 2000},
  {0, 0, 0, 0, 0, 0, 0, 2000},
  {0, 0, 0, 0, 0, 0, 0, 2000},
  {0, 0, 0, 0, 0, 0, 0, 2000},
  {0, 0, 0, 0, 0, 0, 0, 2000},
  {0, 0, 0, 0, 0, 0, 0, 2000},
  {0, 0, 0, 0, 0, 0, 0, 2000},
  {0, 0, 0, 0, 0, 0, 0, 2000},
  {0, 0, 0, 0, 0, 0, 0, 2000},
  {0, 0, 0, 0, 0, 0, 0, 2000},
  {0, 0, 0, 0, 0, 0, 0, 2000},
  {0, 0, 0, 0, 0, 0, 0, 2000},
  {0, 0, 0, 0, 0, 0, 0, 2000},
  {0, 0, 0, 0, 0, 0, 0, 2000},
  {0, 0, 0, 0, 0, 0, 0, 2000},
  {0, 0, 0, 0, 0, 0, 0, 2000},
  {0, 0, 0, 0, 0, 0, 0, 2000},
  {0, 0, 0, 0, 0, 0, 0, 2000},
  {0, 0, 0, 0, 0, 0, 0, 2000},
  {0, 0, 0, 0, 0, 0, 0, 2000},
  {0, 0, 0, 0, 0, 0, 0, 2000},
  {0, 0, 0, 0, 0, 0, 0, 2000},
  {0, 0, 0, 0, 0, 0, 0, 2000},
  {0, 0, 0, 0, 0, 0, 0, 2000},
  {0, 0, 0, 0, 0, 0, 0, 2000},
  {0, 0, 0, 0, 0, 0, 0, 2000},
  {0, 0, 0, 0, 0, 0, 0, 2000},
  {0, 0, 0, 0, 0, 0, 0, 2000},
  {0, 0, 0, 0, 0, 0, 0, 2000},
  {0, 0, 0, 0, 0, 0, 0, 2000},
  {0, 0, 0, 0, 0, 0, 0, 2000},
  {0, 0, 0, 0, 0, 0, 0, 2000},
  {0, 0, 0, 0, 0, 0, 0, 2000},
  {0, 0, 0, 0, 0, 0, 0, 2000},
  {0, 0, 0, 0, 0, 0, 0, 2000},
  {0, 0, 0, 0, 0, 0, 0, 2000},
  {0, 0, 0, 0, 0, 0, 0, 2000},
  {0, 0, 0, 0, 0, 0, 0, 2000},
  {0, 0, 0, 0, 0, 0, 0, 2000},
  {0, 0, 0, 0, 0, 0, 0, 2000},
  {0, 0, 0, 0, 0, 0, 0, 2000},
  {0, 0, 0, 0, 0, 0, 0, 2000},
  {0, 0, 0, 0, 0, 0, 0, 2000},
  {0, 0, 0, 0, 0, 0, 0, 2000},
  {0, 0, 0, 0, 0, 0, 0, 2000},
  {0, 0, 0, 0, 0, 0, 0, 2000},
  {0, 0, 0, 0, 0, 0, 0, 2000},
  {0, 0, 0, 0, 0, 0, 0, 2000},
  {0, 0, 0, 0, 0, 0, 0, 2000},
  {0, 0, 0, 0, 0, 0, 0, 2000},
  {0, 0, 0, 0, 0, 0, 0, 2000},
  {0, 0, 0, 0, 0, 0, 0, 2000},
  {0, 0, 0, 0, 0, 0, 0, 2000},
  {0, 0, 0, 0, 0, 0, 0, 2000},
  {0, 0, 0, 0, 0, 0, 0, 2000},
  {0, 0, 0, 0, 0, 0, 0, 2000},
  {0, 0, 0, 0, 0, 0, 0, 2000},
  {0, 0, 0, 0, 0, 0, 0, 2000},
  {0, 0, 0, 0, 0, 0, 0, 2000},
  {0, 0, 0, 0, 0, 0, 0, 2000},
  {0, 0, 0, 0, 0, 0, 0, 2000},
  {0, 0, 0, 0, 0, 0, 0, 2000},
  {0, 0, 0, 0, 0, 0, 0, 2000},
  {0, 0, 0, 0, 0, 0, 0, 2000},
  {0, 0, 0, 0, 0, 0, 0, 2000},
  {0, 0, 0, 0, 0, 0, 0, 2000},
  {0, 0, 0, 0, 0, 0, 0, 2000},
  {0, 0, 0, 0, 0, 0, 0, 2000},
  {0, 0, 0, 0, 0, 0, 0, 2000},
  {0, 0, 0, 0, 0, 0, 0, 2000},
  {0, 0, 0, 0, 0, 0, 0, 2000},
  {0, 0, 0, 0, 0, 0, 0, 2000},
  {0, 0, 0, 0, 0, 0, 0, 2000},
  {0, 0, 0, 0, 0, 0, 0, 2000},
  {0, 0, 0, 0, 0, 0, 0, 2000},
  {0, 0, 0, 0, 0, 0, 0, 2000},
  {0, 0, 0, 0, 0, 0, 0, 2000},
  {0, 0, 0, 0, 0, 0, 0, 2000},
  {0, 0, 0, 0, 0, 0, 0, 2000},
  {0, 0, 0, 0, 0, 0, 0, 2000},
  {0, 0, 0, 0, 0, 0, 0, 2000},
  {0, 0, 0, 0, 0, 0, 0, 2000},
  {0, 0, 0, 0, 0, 0, 0, 2000},
  {0, 0, 0, 0, 0, 0, 0, 2000},
  {0, 0, 0, 0, 0, 0, 0, 2000},
  {0, 0, 0, 0, 0, 0, 0, 2000},
  {0, 0, 0, 0, 0, 0, 0, 2000},
  {0, 0, 0, 0, 0, 0, 0, 2000},
  {0, 0, 0, 0, 0, 0, 0, 2000},
  {0, 0, 0, 0, 0, 0, 0, 2000},
  {0, 0, 0, 0, 0, 0, 0, 2000},
  {0, 0, 0, 0, 0, 0, 0, 2000},
  {0, 0, 0, 0, 0, 0, 0, 2000},
  {0, 0, 0, 0, 0, 0, 0, 2000},
  {0, 0, 0, 0, 0, 0, 0, 2000},
  {0, 0, 0, 0, 0, 0, 0, 2000},
  {0, 0, 0, 0, 0, 0, 0, 2000},
  {0, 0, 0, 0, 0, 0, 0, 2000},
  {0, 0, 0, 0, 0, 0, 0, 2000},
  {0, 0, 0, 0, 0, 0, 0, 2000},
  {0, 0, 0, 0, 0, 0, 0, 2000},
  {0, 0, 0, 0, 0, 0, 0, 2000},
  {0, 0, 0, 0, 0, 0, 0, 2000},
  {0, 0, 0, 0, 0, 0, 0, 2000},
  {0, 0, 0, 0, 0, 0, 0, 2000},
  {0, 0, 0, 0, 0, 0, 0, 2000},
  {0, 0, 0, 0, 0, 0, 0, 2000},
  {0, 0, 0, 0, 0, 0, 0, 2000},
  {0, 0, 0, 0, 0, 0, 0, 2000},
  {0, 0, 0, 0, 0, 0, 0, 2000},
  {0, 0, 0, 0, 0, 0, 0, 2000},
  {0, 0, 0, 0, 0, 0, 0, 2000},
  {0, 0, 0, 0, 0, 0, 0, 2000},
  {0, 0, 0, 0, 0, 0, 0, 2000},
  {0, 0, 0, 0, 0, 0, 0, 2000},
  {0, 0, 0, 0, 0, 0, 0, 2000},
  {0, 0, 0, 0, 0, 0, 0, 2000},
  {0, 0, 0, 0, 0, 0, 0, 2000},
  {0, 0, 0, 0, 0, 0, 0, 2000},
  {0, 0, 0, 0, 0, 0, 0, 2000},
  {0, 0, 0, 0, 0, 0, 0, 2000},
  {0, 0, 0, 0, 0, 0, 0, 2000},
  {0, 0, 0, 0, 0, 0, 0, 2000},
  {0, 0, 0, 0, 0, 0, 0, 2000},
  {0, 0, 0, 0, 0, 0, 0, 2000},
  {0, 0, 0, 0, 0, 0, 0, 2000},
  {0, 0, 0, 0, 0, 0, 0, 2000},
  {0, 0, 0, 0, 0, 0, 0, 2000},
  {0, 0, 0, 0, 0, 0, 0, 2000},
  {0, 0, 0, 0, 0, 0, 0, 2000},
  {0, 0, 0, 0, 0, 0, 0, 2000},
  {0, 0, 0, 0, 0, 0, 0, 2000},
  {0, 0, 0, 0, 0, 0, 0, 2000},
  {0, 0, 0, 0, 0, 0, 0, 2000},
  {0, 0, 0, 0, 0, 0, 0, 2000},
  {0, 0, 0, 0, 0, 0, 0, 2000},
  {0, 0, 0, 0, 0, 0, 0, 2000},
  {0, 0, 0, 0, 0, 0, 0, 2000},
  {0, 0, 0, 0, 0, 0, 0, 2000},
  {0, 0, 0, 0, 0, 0, 0, 2000},
  {0, 0, 0, 0, 0, 0, 0, 2000},
  {0, 0, 0, 0, 0, 0, 0, 2000},
  {0, 0, 0, 0, 0, 0, 0, 2000},
  {0, 0, 0, 0, 0, 0, 0, 2000},
  {0, 0, 0, 0, 0, 0, 0, 2000},
  {0, 0, 0, 0, 0, 0, 0, 2000},
  {0, 0, 0, 0, 0, 0, 0, 2000},
  {0, 0, 0, 0, 0, 0, 0, 2000},
  {0, 0, 0, 0, 0, 0, 0, 2000},
  {0, 0, 0, 0, 0, 0, 0, 2000},
  {0, 0, 0, 0, 0, 0, 0, 2000},
  {0, 0, 0, 0, 0, 0, 0, 2000},
  {0, 0, 0, 0, 0, 0, 0, 2000},
  {0, 0, 0, 0, 0, 0, 0, 2000},
  {0, 0, 0, 0, 0, 0, 0, 2000},
  {0, 0, 0, 0, 0, 0, 0, 2000},
  {0, 0, 0, 0, 0, 0, 0, 2000},
  {0, 0, 0, 0, 0, 0, 0, 2000},
  {0, 0, 0, 0, 0, 0, 0, 2000},
  {0, 0, 0, 0, 0, 0, 0, 2000},
  {0, 0, 0, 0, 0, 0, 0, 2000},
  {0, 0, 0, 0, 0, 0, 0, 2000},
  {0, 0, 0, 0, 0, 0, 0, 2000},
  {0, 0, 0, 0, 0, 0, 0, 2000},
  {0, 0, 0, 0, 0, 0, 0, 2000},
  {0, 0, 0, 0, 0, 0, 0, 2000},
  {0, 0, 0, 0, 0, 0, 0, 2000},
  {0, 0, 0, 0, 0, 0, 0, 2000},
  {0, 0, 0, 0, 0, 0, 0, 2000},
  {0, 0, 0, 0, 0, 0, 0, 2000},
  {0, 0, 0, 0, 0, 0, 0, 2000},
  {0, 0, 0, 0, 0, 0, 0, 2000},
  {0, 0, 0, 0, 0, 0, 0, 2000},
  {0, 0, 0, 0, 0, 0, 0, 2000},
  {0, 0, 0, 0, 0, 0, 0, 2000},
  {0, 0, 0, 0, 0, 0, 0, 2000},
  {0, 0, 0, 0, 0, 0, 0, 2000},
  {0, 0, 0, 0, 0, 0, 0, 2000},
  {0, 0, 0, 0, 0, 0, 0, 2000},
  {0, 0, 0, 0, 0, 0, 0, 2000},
  {0, 0, 0, 0, 0, 0, 0, 2000},
  {0, 0, 0, 0, 0, 0, 0, 2000},
  {0, 0, 0, 0, 0, 0, 0, 2000},
  {0, 0, 0, 0, 0, 0, 0, 2000},
  {0, 0, 0, 0, 0, 0, 0, 2000},
  {0, 0, 0, 0, 0, 0, 0, 2000},
  {0, 0, 0, 0, 0, 0, 0, 2000},
  {0, 0, 0, 0, 0, 0, 0, 2000},
  {0, 0, 0, 0, 0, 0, 0, 2000},
  {0, 0, 0, 0, 0, 0, 0, 2000},
  {0, 0, 0, 0, 0, 0, 0, 2000},
  {0, 0, 0, 0, 0, 0, 0, 2000},
  {0, 0, 0, 0, 0, 0, 0, 2000},
  {0, 0, 0, 0, 0, 0, 0, 2000},
  {0, 0, 0, 0, 0, 0, 0, 2000},
  {0, 0, 0, 0, 0, 0, 0, 2000},
  {0, 0, 0, 0, 0, 0, 0, 2000},
  {0, 0, 0, 0, 0, 0, 0, 2000},
  {0, 0, 0, 0, 0, 0, 0, 2000},
  {0, 0, 0, 0, 0, 0, 0, 2000},
  {0, 0, 0, 0, 0, 0, 0, 2000},
  {0, 0, 0, 0, 0, 0, 0, 2000},
  {0, 0, 0, 0, 0, 0, 0, 2000},
  {0, 0, 0, 0, 0, 0, 0, 2000},
  {0, 0, 0, 0, 0, 0, 0, 2000},
  {0, 0, 0, 0, 0, 0, 0, 2000},
  {0, 0, 0, 0, 0, 0, 0, 2000},
  {0, 0, 0, 0, 0, 0, 0, 2000},
  {0, 0, 0, 0, 0, 0, 0, 2000},
  {0, 0, 0, 0, 0, 0, 0, 2000},
  {0, 0, 0, 0, 0, 0, 0, 2000},
  {0, 0, 0, 0, 0, 0, 0, 2000},
  {0, 0, 0, 0, 0, 0, 0, 2000},
  {0, 0, 0, 0, 0, 0, 0, 2000},
  {0, 0, 0, 0, 0, 0, 0, 2000},
  {0, 0, 0, 0, 0, 0, 0, 2000},
  {0, 0, 0, 0, 0, 0, 0, 2000},
  {0, 0, 0, 0, 0, 0, 0, 2000},
  {0, 0, 0, 0, 0, 0, 0, 2000},
  {0, 0, 0, 0, 0, 0, 0, 2000},
  {0, 0, 0, 0, 0, 0, 0, 2000},
  {0, 0, 0, 0, 0, 0, 0, 2000},
  {0, 0, 0, 0, 0, 0, 0, 2000},
  {0, 0, 0, 0, 0, 0, 0, 2000},
  {0, 0, 0, 0, 0, 0, 0, 2000},
  {0, 0, 0, 0, 0, 0, 0, 2000},
  {0, 0, 0, 0, 0, 0, 0, 2000},
  {0, 0, 0, 0, 0, 0, 0, 2000},
  {0, 0, 0, 0, 0, 0, 0, 2000},
  {0, 0, 0, 0, 0, 0, 0, 2000},
  {0, 0, 0, 0, 0, 0, 0, 2000},
  {0, 0, 0, 0, 0, 0, 0, 2000},
  {0, 0, 0, 0, 0, 0, 0, 2000},
  {0, 0, 0, 0, 0, 0, 0, 2000},
  {0, 0, 0, 0, 0, 0, 0, 2000},
  {0, 0, 0, 0, 0, 0, 0, 2000},
  {0, 0, 0, 0, 0, 0, 0, 2000},
  {0, 0, 0, 0, 0, 0, 0, 2000},
  {0, 0, 0, 0, 0, 0, 0, 2000},
  {0, 0, 0, 0, 0, 0, 0, 2000},
  {0, 0, 0, 0, 0, 0, 0, 2000},
  {0, 0, 0, 0, 0, 0, 0, 2000},
  {0, 0, 0, 0, 0, 0, 0, 2000},
  {0, 0, 0, 0, 0, 0, 0, 2000},
  {0, 0, 0, 0, 0, 0, 0, 2000},
  {0, 0, 0, 0, 0, 0, 0, 2000},
  {0, 0, 0, 0, 0, 0, 0, 2000},
  {0, 0, 0, 0, 0, 0, 0, 2000},
  {0, 0, 0, 0, 0, 0, 0, 2000},
  {0, 0, 0, 0, 0, 0, 0, 2000},
  {0, 0, 0, 0, 0, 0, 0, 2000},
  {0, 0, 0, 0, 0, 0, 0, 2000},
  {0, 0, 0, 0, 0, 0, 0, 2000},
  {0, 0, 0, 0, 0, 0, 0, 2000},
  {0, 0, 0, 0, 0, 0, 0, 2000},
  {0, 0, 0, 0, 0, 0, 0, 2000},
  {0, 0, 0, 0, 0, 0, 0, 2000},
  {0, 0, 0, 0, 0, 0, 0, 2000},
  {0, 0, 0, 0, 0, 0, 0, 2000},
  {0, 0, 0, 0, 0, 0, 0, 2000},
  {0, 0, 0, 0, 0, 0, 0, 2000},
  {0, 0, 0, 0, 0, 0, 0, 2000},
  {0, 0, 0, 0, 0, 0, 0, 2000},
  {0, 0, 0, 0, 0, 0, 0, 2000},
  {0, 0, 0, 0, 0, 0, 0, 2000},
  {0, 0, 0, 0, 0, 0, 0, 2000},
  {0, 0, 0, 0, 0, 0, 0, 2000},
  {0, 0, 0, 0, 0, 0, 0, 2000},
  {0, 0, 0, 0, 0, 0, 0, 2000},
  {0, 0, 0, 0, 0, 0, 0, 2000},
  {0, 0, 0, 0, 0, 0, 0, 2000},
  {0, 0, 0, 0, 0, 0, 0, 2000},
  {0, 0, 0, 0, 0, 0, 0, 2000},
  {0, 0, 0, 0, 0, 0, 0, 2000},
  {0, 0, 0, 0, 0, 0, 0, 2000},
  {0, 0, 0, 0, 0, 0, 0, 2000},
  {0, 0, 0, 0, 0, 0, 0, 2000},
  {0, 0, 0, 0, 0, 0, 0, 2000},
  {0, 0, 0, 0, 0, 0, 0, 2000},
  {0, 0, 0, 0, 0, 0, 0, 2000},
  {0, 0, 0, 0, 0, 0, 0, 2000},
  {0, 0, 0, 0, 0, 0, 0, 2000},
  {0, 0, 0, 0, 0, 0, 0, 2000},
  {0, 0, 0, 0, 0, 0, 0, 2000},
  {0, 0, 0, 0, 0, 0, 0, 2000},
  {0, 0, 0, 0, 0, 0, 0, 2000},
  {0, 0, 0, 0, 0, 0, 0, 2000},
  {0, 0, 0, 0, 0, 0, 0, 2000},
  {0, 0, 0, 0, 0, 0, 0, 2000},
  {0, 0, 0, 0, 0, 0, 0, 2000},
  {0, 0, 0, 0, 0, 0, 0, 2000},
  {0, 0, 0, 0, 0, 0, 0, 2000},
  {0, 0, 0, 0, 0, 0, 0, 2000},
  {0, 0, 0, 0, 0, 0, 0, 2000},
  {0, 0, 0, 0, 0, 0, 0, 2000},
  {0, 0, 0, 0, 0, 0, 0, 2000},
  {0, 0, 0, 0, 0, 0, 0, 2000},
  {0, 0, 0, 0, 0, 0, 0, 2000},
  {0, 0, 0, 0, 0, 0, 0, 2000},
  {0, 0, 0, 0, 0, 0, 0, 2000},
  {0, 0, 0, 0, 0, 0, 0, 2000},
  {0, 0, 0, 0, 0, 0, 0, 2000},
  {0, 0, 0, 0, 0, 0, 0, 2000},
  {0, 0, 0, 0, 0, 0, 0, 2000},
  {0, 0, 0, 0, 0, 0, 0, 2000},
  {0, 0, 0, 0, 0, 0, 0, 2000},
  {0, 0, 0, 0, 0, 0, 0, 2000},
  {0, 0, 0, 0, 0, 0, 0, 2000},
  {0, 0, 0, 0, 0, 0, 0, 2000},
  {0, 0, 0, 0, 0, 0, 0, 2000},
  {0, 0, 0, 0, 0, 0, 0, 2000},
  {0, 0, 0, 0, 0, 0, 0, 2000},
  {0, 0, 0, 0, 0, 0, 0, 2000},
  {0, 0, 0, 0, 0, 0, 0, 2000},
  {0, 0, 0, 0, 0, 0, 0, 2000},
  {0, 0, 0, 0, 0, 0, 0, 2000},
  {0, 0, 0, 0, 0, 0, 0, 2000},
  {0, 0, 0, 0, 0, 0, 0, 2000},
  {0, 0, 0, 0, 0, 0, 0, 2000},
  {0, 0, 0, 0, 0, 0, 0, 2000},
  {0, 0, 0, 0, 0, 0, 0, 2000},
  {0, 0, 0, 0, 0, 0, 0, 2000},
  {0, 0, 0, 0, 0, 0, 0, 2000},
  {0, 0, 0, 0, 0, 0, 0, 2000},
  {0, 0, 0, 0, 0, 0, 0, 2000},
  {0, 0, 0, 0, 0, 0, 0, 2000},
  {0, 0, 0, 0, 0, 0, 0, 2000},
  {0, 0, 0, 0, 0, 0, 0, 2000},
  {0, 0, 0, 0, 0, 0, 0, 2000},
  {0, 0, 0, 0, 0, 0, 0, 2000},
  {0, 0, 0, 0, 0, 0, 0, 2000},
  {0, 0, 0, 0, 0, 0, 0, 2000},
  {0, 0, 0, 0, 0, 0, 0, 2000},
  {0, 0, 0, 0, 0, 0, 0, 2000},
  {0, 0, 0, 0, 0, 0, 0, 2000},
  {0, 0, 0, 0, 0, 0, 0, 2000},
  {0, 0, 0, 0, 0, 0, 0, 2000},
  {0, 0, 0, 0, 0, 0, 0, 2000},
  {0, 0, 0, 0, 0, 0, 0, 2000},
  {0, 0, 0, 0, 0, 0, 0, 2000},
  {0, 0, 0, 0, 0, 0, 0, 2000},
  {0, 0, 0, 0, 0, 0, 0, 2000},
  {0, 0, 0, 0, 0, 0, 0, 2000},
  {0, 0, 0, 0, 0, 0, 0, 2000},
  {0, 0, 0, 0, 0, 0, 0, 2000},
  {0, 0, 0, 0, 0, 0, 0, 2000},
  {0, 0, 0, 0, 0, 0, 0, 2000},
  {0, 0, 0, 0, 0, 0, 0, 2000},
  {0, 0, 0, 0, 0, 0, 0, 2000},
  {0, 0, 0, 0, 0, 0, 0, 2000},
  {0, 0, 0, 0, 0, 0, 0, 2000},
  {0, 0, 0, 0, 0, 0, 0, 2000},
  {0, 0, 0, 0, 0, 0, 0, 2000},
  {0, 0, 0, 0, 0, 0, 0, 2000},
  {0, 0, 0, 0, 0, 0, 0, 2000},
  {0, 0, 0, 0, 0, 0, 0, 2000},
  {0, 0, 0, 0, 0, 0, 0, 2000},
  {0, 0, 0, 0, 0, 0, 0, 2000},
  {0, 0, 0, 0, 0, 0, 0, 2000},
  {0, 0, 0, 0, 0, 0, 0, 2000},
  {0, 0, 0, 0, 0, 0, 0, 2000},
  {0, 0, 0, 0, 0, 0, 0, 2000},
  {0, 0, 0, 0, 0, 0, 0, 2000},
  {0, 0, 0, 0, 0, 0, 0, 2000},
  {0, 0, 0, 0, 0, 0, 0, 2000},
  {0, 0, 0, 0, 0, 0, 0, 2000},
  {0, 0, 0, 0, 0, 0, 0, 2000},
  {0, 0, 0, 0, 0, 0, 0, 2000},
  {0, 0, 0, 0, 0, 0, 0, 2000},
  {0, 0, 0, 0, 0, 0, 0, 2000},
  {0, 0, 0, 0, 0, 0, 0, 2000},
  {0, 0, 0, 0, 0, 0, 0, 2000},
  {0, 0, 0, 0, 0, 0, 0, 2000},
  {0, 0, 0, 0, 0, 0, 0, 2000},
  {0, 0, 0, 0, 0, 0, 0, 2000},
  {0, 0, 0, 0, 0, 0, 0, 2000},
  {0, 0, 0, 0, 0, 0, 0, 2000},
  {0, 0, 0, 0, 0, 0, 0, 2000},
  {0, 0, 0, 0, 0, 0, 0, 2000},
  {0, 0, 0, 0, 0, 0, 0, 2000},
  {0, 0, 0, 0, 0, 0, 0, 2000},
  {0, 0, 0, 0, 0, 0, 0, 2000},
  {0, 0, 0, 0, 0, 0, 0, 2000},
  {0, 0, 0, 0, 0, 0, 0, 2000},
  {0, 0, 0, 0, 0, 0, 0, 2000},
  {0, 0, 0, 0, 0, 0, 0, 2000},
  {0, 0, 0, 0, 0, 0, 0, 2000},
  {0, 0, 0, 0, 0, 0, 0, 2000},
  {0, 0, 0, 0, 0, 0, 0, 2000},
  {0, 0, 0, 0, 0, 0, 0, 2000},
  {0, 0, 0, 0, 0, 0, 0, 2000},
  {0, 0, 0, 0, 0, 0, 0, 2000},
  {0, 0, 0, 0, 0, 0, 0, 2000},
  {0, 0, 0, 0, 0, 0, 0, 2000},
  {0, 0, 0, 0, 0, 0, 0, 2000},
  {0, 0, 0, 0, 0, 0, 0, 2000},
  {0, 0, 0, 0, 0, 0, 0, 2000},
  {0, 0, 0, 0, 0, 0, 0, 2000},
  {0, 0, 0, 0, 0, 0, 0, 2000},
  {0, 0, 0, 0, 0, 0, 0, 2000},
  {0, 0, 0, 0, 0, 0, 0, 2000},
  {0, 0, 0, 0, 0, 0, 0, 2000},
  {0, 0, 0, 0, 0, 0, 0, 2000},
  {0, 0, 0, 0, 0, 0, 0, 2000},
  {0, 0, 0, 0, 0, 0, 0, 2000},
  {0, 0, 0, 0, 0, 0, 0, 2000},
  {0, 0, 0, 0, 0, 0, 0, 2000},
  {0, 0, 0, 0, 0, 0, 0, 2000},
  {0, 0, 0, 0, 0, 0, 0, 2000},
  {0, 0, 0, 0, 0, 0, 0, 2000},
  {0, 0, 0, 0, 0, 0, 0, 2000},
  {0, 0, 0, 0, 0, 0, 0, 2000},
  {0, 0, 0, 0, 0, 0, 0, 2000},
  {0, 0, 0, 0, 0, 0, 0, 2000},
  {0, 0, 0, 0, 0, 0, 0, 2000},
  {0, 0, 0, 0, 0, 0, 0, 2000},
  {0, 0, 0, 0, 0, 0, 0, 2000},
  {0, 0, 0, 0, 0, 0, 0, 2000},
  {0, 0, 0, 0, 0, 0, 0, 2000},
  {0, 0, 0, 0, 0, 0, 0, 2000},
  {0, 0, 0, 0, 0, 0, 0, 2000},
  {0, 0, 0, 0, 0, 0, 0, 2000},
  {0, 0, 0, 0, 0, 0, 0, 2000},
  {0, 0, 0, 0, 0, 0, 0, 2000},
  {0, 0, 0, 0, 0, 0, 0, 2000},
  {0, 0, 0, 0, 0, 0, 0, 2000},
  {0, 0, 0, 0, 0, 0, 0, 2000},
  {0, 0, 0, 0, 0, 0, 0, 2000},
  {0, 0, 0, 0, 0, 0, 0, 2000},
  {0, 0, 0, 0, 0, 0, 0, 2000},
  {0, 0, 0, 0, 0, 0, 0, 2000},
  {0, 0, 0, 0, 0, 0, 0, 2000},
  {0, 0, 0, 0, 0, 0, 0, 2000},
  {0, 0, 0, 0, 0, 0, 0, 2000},
  {0, 0, 0, 0, 0, 0, 0, 2000},
  {0, 0, 0, 0, 0, 0, 0, 2000},
  {0, 0, 0, 0, 0, 0, 0, 2000},
  {0, 0, 0, 0, 0, 0, 0, 2000},
  {0, 0, 0, 0, 0, 0, 0, 2000},
  {0, 0, 0, 0, 0, 0, 0, 2000},
  {0, 0, 0, 0, 0, 0, 0, 2000},
  {0, 0, 0, 0, 0, 0, 0, 2000},
  {0, 0, 0, 0, 0, 0, 0, 2000},
  {0, 0, 0, 0, 0, 0, 0, 2000},
  {0, 0, 0, 0, 0, 0, 0, 2000},
  {0, 0, 0, 0, 0, 0, 0, 2000},
  {0, 0, 0, 0, 0, 0, 0, 2000},
  {0, 0, 0, 0, 0, 0, 0, 2000},
  {0, 0, 0, 0, 0, 0, 0, 2000},
  {0, 0, 0, 0, 0, 0, 0, 2000},
  {0, 0, 0, 0, 0, 0, 0, 2000},
  {0, 0, 0, 0, 0, 0, 0, 2000},
  {0, 0, 0, 0, 0, 0, 0, 2000},
  {0, 0, 0, 0, 0, 0, 0, 2000},
  {0, 0, 0, 0, 0, 0, 0, 2000},
  {0, 0, 0, 0, 0, 0, 0, 2000},
  {0, 0, 0, 0, 0, 0, 0, 2000},
  {0, 0, 0, 0, 0, 0, 0, 2000},
  {0, 0, 0, 0, 0, 0, 0, 2000},
  {0, 0, 0, 0, 0, 0, 0, 2000},
  {0, 0, 0, 0, 0, 0, 0, 2000},
  {0, 0, 0, 0, 0, 0, 0, 2000},
  {0, 0, 0, 0, 0, 0, 0, 2000},
  {0, 0, 0, 0, 0, 0, 0, 2000},
  {0, 0, 0, 0, 0, 0, 0, 2000},
  {0, 0, 0, 0, 0, 0, 0, 2000},
  {0, 0, 0, 0, 0, 0, 0, 2000},
  {0, 0, 0, 0, 0, 0, 0, 2000},
  {0, 0, 0, 0, 0, 0, 0, 2000},
  {0, 0, 0, 0, 0, 0, 0, 2000},
  {0, 0, 0, 0, 0, 0, 0, 2000},
  {0, 0, 0, 0, 0, 0, 0, 2000},
  {0, 0, 0, 0, 0, 0, 0, 2000},
  {0, 0, 0, 0, 0, 0, 0, 2000},
  {0, 0, 0, 0, 0, 0, 0, 2000},
  {0, 0, 0, 0, 0, 0, 0, 2000},
  {0, 0, 0, 0, 0, 0, 0, 2000},
  {0, 0, 0, 0, 0, 0, 0, 2000},
  {0, 0, 0, 0, 0, 0, 0, 2000},
  {0, 0, 0, 0, 0, 0, 0, 2000},
  {0, 0, 0, 0, 0, 0, 0, 2000},
  {0, 0, 0, 0, 0, 0, 0, 2000},
  {0, 0, 0, 0, 0, 0, 0, 2000},
  {0, 0, 0, 0, 0, 0, 0, 2000},
  {0, 0, 0, 0, 0, 0, 0, 2000},
  {0, 0, 0, 0, 0, 0, 0, 2000},
  {0, 0, 0, 0, 0, 0, 0, 2000},
  {0, 0, 0, 0, 0, 0, 0, 2000},
  {0, 0, 0, 0, 0, 0, 0, 2000},
  {0, 0, 0, 0, 0, 0, 0, 2000},
  {0, 0, 0, 0, 0, 0, 0, 2000},
  {0, 0, 0, 0, 0, 0, 0, 2000},
  {0, 0, 0, 0, 0, 0, 0, 2000},
  {0, 0, 0, 0, 0, 0, 0, 2000},
  {0, 0, 0, 0, 0, 0, 0, 2000},
  {0, 0, 0, 0, 0, 0, 0, 2000},
  {0, 0, 0, 0, 0, 0, 0, 2000},
  {0, 0, 0, 0, 0, 0, 0, 2000},
  {0, 0, 0, 0, 0, 0, 0, 2000},
  {0, 0, 0, 0, 0, 0, 0, 2000},
  {0, 0, 0, 0, 0, 0, 0, 2000},
  {0, 0, 0, 0, 0, 0, 0, 2000},
  {0, 0, 0, 0, 0, 0, 0, 2000},
  {0, 0, 0, 0, 0, 0, 0, 2000},
  {0, 0, 0, 0, 0, 0, 0, 2000},
  {0, 0, 0, 0, 0, 0, 0, 2000},
  {0, 0, 0, 0, 0, 0, 0, 2000},
  {0, 0, 0, 0, 0, 0, 0, 2000},
  {0, 0, 0, 0, 0, 0, 0, 2000},
  {0, 0, 0, 0, 0, 0, 0, 2000},
  {0, 0, 0, 0, 0, 0, 0, 2000},
  {0, 0, 0, 0, 0, 0, 0, 2000},
  {0, 0, 0, 0, 0, 0, 0, 2000},
  {0, 0, 0, 0, 0, 0, 0, 2000},
  {0, 0, 0, 0, 0, 0, 0, 2000},
  {0, 0, 0, 0, 0, 0, 0, 2000},
  {0, 0, 0, 0, 0, 0, 0, 2000},
  {0, 0, 0, 0, 0, 0, 0, 2000},
  {0, 0, 0, 0, 0, 0, 0, 2000},
  {0, 0, 0, 0, 0, 0, 0, 2000},
  {0, 0, 0, 0, 0, 0, 0, 2000},
  {0, 0, 0, 0, 0, 0, 0, 2000},
  {0, 0, 0, 0, 0, 0, 0, 2000},
  {0, 0, 0, 0, 0, 0, 0, 2000},
  {0, 0, 0, 0, 0, 0, 0, 2000},
  {0, 0, 0, 0, 0, 0, 0, 2000},
  {0, 0, 0, 0, 0, 0, 0, 2000},
  {0, 0, 0, 0, 0, 0, 0, 2000},
  {0, 0, 0, 0, 0, 0, 0, 2000},
  {0, 0, 0, 0, 0, 0, 0, 2000},
  {0, 0, 0, 0, 0, 0, 0, 2000},
  {0, 0, 0, 0, 0, 0, 0, 2000},
  {0, 0, 0, 0, 0, 0, 0, 2000},
  {0, 0, 0, 0, 0, 0, 0, 2000},
  {0, 0, 0, 0, 0, 0, 0, 2000},
  {0, 0, 0, 0, 0, 0, 0, 2000},
  {0, 0, 0, 0, 0, 0, 0, 2000},
  {0, 0, 0, 0, 0, 0, 0, 2000},
  {0, 0, 0, 0, 0, 0, 0, 2000},
  {0, 0, 0, 0, 0, 0, 0, 2000},
  {0, 0, 0, 0, 0, 0, 0, 2000},
  {0, 0, 0, 0, 0, 0, 0, 2000},
  {0, 0, 0, 0, 0, 0, 0, 2000},
  {0, 0, 0, 0, 0, 0, 0, 2000},
  {0, 0, 0, 0, 0, 0, 0, 2000},
  {0, 0, 0, 0, 0, 0, 0, 2000},
  {0, 0, 0, 0, 0, 0, 0, 2000},
  {0, 0, 0, 0, 0, 0, 0, 2000},
  {0, 0, 0, 0, 0, 0, 0, 2000},
  {0, 0, 0, 0, 0, 0, 0, 2000},
  {0, 0, 0, 0, 0, 0, 0, 2000},
  {0, 0, 0, 0, 0, 0, 0, 2000},
  {0, 0, 0, 0, 0, 0, 0, 2000},
  {0, 0, 0, 0, 0, 0, 0, 2000},
  {0, 0, 0, 0, 0, 0, 0, 2000},
  {0, 0, 0, 0, 0, 0, 0, 2000},
  {0, 0, 0, 0, 0, 0, 0, 2000},
  {0, 0, 0, 0, 0, 0, 0, 2000},
  {0, 0, 0, 0, 0, 0, 0, 2000},
  {0, 0, 0, 0, 0, 0, 0, 2000},
  {0, 0, 0, 0, 0, 0, 0, 2000},
  {0, 0, 0, 0, 0, 0, 0, 2000},
  {0, 0, 0, 0, 0, 0, 0, 2000},
  {0, 0, 0, 0, 0, 0, 0, 2000},
  {0, 0, 0, 0, 0, 0, 0, 2000},
  {0, 0, 0, 0, 0, 0, 0, 2000},
  {0, 0, 0, 0, 0, 0, 0, 2000},
  {0, 0, 0, 0, 0, 0, 0, 2000},
  {0, 0, 0, 0, 0, 0, 0, 2000},
  {0, 0, 0, 0, 0, 0, 0, 2000},
  {0, 0, 0, 0, 0, 0, 0, 2000},
  {0, 0, 0, 0, 0, 0, 0, 2000},
  {0, 0, 0, 0, 0, 0, 0, 2000},
  {0, 0, 0, 0, 0, 0, 0, 2000},
  {0, 0, 0, 0, 0, 0, 0, 2000},
  {0, 0, 0, 0, 0, 0, 0, 2000},
  {0, 0, 0, 0, 0, 0, 0, 2000},
  {0, 0, 0, 0, 0, 0, 0, 2000},
  {0, 0, 0, 0, 0, 0, 0, 2000},
  {0, 0, 0, 0, 0, 0, 0, 2000},
  {0, 0, 0, 0, 0, 0, 0, 2000},
  {0, 0, 0, 0, 0, 0, 0, 2000},
  {0, 0, 0, 0, 0, 0, 0, 2000},
  {0, 0, 0, 0, 0, 0, 0, 2000},
  {0, 0, 0, 0, 0, 0, 0, 2000},
  {0, 0, 0, 0, 0, 0, 0, 2000},
  {0, 0, 0, 0, 0, 0, 0, 2000},
  {0, 0, 0, 0, 0, 0, 0, 2000},
  {0, 0, 0, 0, 0, 0, 0, 2000},
  {0, 0, 0, 0, 0, 0, 0, 2000},
  {0, 0, 0, 0, 0, 0, 0, 2000},
  {0, 0, 0, 0, 0, 0, 0, 2000},
  {0, 0, 0, 0, 0, 0, 0, 2000},
  {0, 0, 0, 0, 0, 0, 0, 2000},
  {0, 0, 0, 0, 0, 0, 0, 2000},
  {0, 0, 0, 0, 0, 0, 0, 2000},
  {0, 0, 0, 0, 0, 0, 0, 2000},
  {0, 0, 0, 0, 0, 0, 0, 2000},
  {0, 0, 0, 0, 0, 0, 0, 2000},
  {0, 0, 0, 0, 0, 0, 0, 2000},
  {0, 0, 0, 0, 0, 0, 0, 2000},
  {0, 0, 0, 0, 0, 0, 0, 2000},
  {0, 0, 0, 0, 0, 0, 0, 2000},
  {0, 0, 0, 0, 0, 0, 0, 2000},
  {0, 0, 0, 0, 0, 0, 0, 2000},
  {0, 0, 0, 0, 0, 0, 0, 2000},
  {0, 0, 0, 0, 0, 0, 0, 2000},
  {0, 0, 0, 0, 0, 0, 0, 2000},
  {0, 0, 0, 0, 0, 0, 0, 2000},
  {0, 0, 0, 0, 0, 0, 0, 2000},
  {0, 0, 0, 0, 0, 0, 0, 2000},
  {0, 0, 0, 0, 0, 0, 0, 2000},
  {0, 0, 0, 0, 0, 0, 0, 2000},
  {0, 0, 0, 0, 0, 0, 0, 2000},
  {0, 0, 0, 0, 0, 0, 0, 2000},
  {0, 0, 0, 0, 0, 0, 0, 2000},
  {0, 0, 0, 0, 0, 0, 0, 2000},
  {0, 0, 0, 0, 0, 0, 0, 2000},
  {0, 0, 0, 0, 0, 0, 0, 2000},
  {0, 0, 0, 0, 0, 0, 0, 2000},
  {0, 0, 0, 0, 0, 0, 0, 2000},
  {0, 0, 0, 0, 0, 0, 0, 2000},
  {0, 0, 0, 0, 0, 0, 0, 2000},
  {0, 0, 0, 0, 0, 0, 0, 2000},
  {0, 0, 0, 0, 0, 0, 0, 2000},
  {0, 0, 0, 0, 0, 0, 0, 2000},
  {0, 0, 0, 0, 0, 0, 0, 2000},
  {0, 0, 0, 0, 0, 0, 0, 2000},
  {0, 0, 0, 0, 0, 0, 0, 2000},
  {0, 0, 0, 0, 0, 0, 0, 2000},
  {0, 0, 0, 0, 0, 0, 0, 2000},
  {0, 0, 0, 0, 0, 0, 0, 2000},
  {0, 0, 0, 0, 0, 0, 0, 2000},
  {0, 0, 0, 0, 0, 0, 0, 2000},
  {0, 0, 0, 0, 0, 0, 0, 2000},
  {0, 0, 0, 0, 0, 0, 0, 2000},
  {0, 0, 0, 0, 0, 0, 0, 2000},
  {0, 0, 0, 0, 0, 0, 0, 2000},
  {0, 0, 0, 0, 0, 0, 0, 2000},
  {0, 0, 0, 0, 0, 0, 0, 2000},
  {0, 0, 0, 0, 0, 0, 0, 2000},
  {0, 0, 0, 0, 0, 0, 0, 2000},
  {0, 0, 0, 0, 0, 0, 0, 2000},
  {0, 0, 0, 0, 0, 0, 0, 2000},
  {0, 0, 0, 0, 0, 0, 0, 2000},
  {0, 0, 0, 0, 0, 0, 0, 2000},
  {0, 0, 0, 0, 0, 0, 0, 2000},
  {0, 0, 0, 0, 0, 0, 0, 2000},
  {0, 0, 0, 0, 0, 0, 0, 2000},
  {0, 0, 0, 0, 0, 0, 0, 2000},
  {0, 0, 0, 0, 0, 0, 0, 2000},
  {0, 0, 0, 0, 0, 0, 0, 2000},
  {0, 0, 0, 0, 0, 0, 0, 2000},
  {0, 0, 0, 0, 0, 0, 0, 2000},
  {0, 0, 0, 0, 0, 0, 0, 2000},
  {0, 0, 0, 0, 0, 0, 0, 2000},
  {0, 0, 0, 0, 0, 0, 0, 2000},
  {0, 0, 0, 0, 0, 0, 0, 2000},
  {0, 0, 0, 0, 0, 0, 0, 2000},
  {0, 0, 0, 0, 0, 0, 0, 2000},
  {0, 0, 0, 0, 0, 0, 0, 2000},
  {0, 0, 0, 0, 0, 0, 0, 2000},
  {0, 0, 0, 0, 0, 0, 0, 2000},
  {0, 0, 0, 0, 0, 0, 0, 2000},
  {0, 0, 0, 0, 0, 0, 0, 2000},
  {0, 0, 0, 0, 0, 0, 0, 2000},
  {0, 0, 0, 0, 0, 0, 0, 2000},
  {0, 0, 0, 0, 0, 0, 0, 2000},
  {0, 0, 0, 0, 0, 0, 0, 2000},
  {0, 0, 0, 0, 0, 0, 0, 2000},
  {0, 0, 0, 0, 0, 0, 0, 2000},
  {0, 0, 0, 0, 0, 0, 0, 2000},
  {0, 0, 0, 0, 0, 0, 0, 2000},
  {0, 0, 0, 0, 0, 0, 0, 2000},
  {0, 0, 0, 0, 0, 0, 0, 2000},
  {0, 0, 0, 0, 0, 0, 0, 2000},
  {0, 0, 0, 0, 0, 0, 0, 2000},
  {0, 0, 0, 0, 0, 0, 0, 2000},
  {0, 0, 0, 0, 0, 0, 0, 2000},
  {0, 0, 0, 0, 0, 0, 0, 2000},
  {0, 0, 0, 0, 0, 0, 0, 2000},
  {0, 0, 0, 0, 0, 0, 0, 2000},
  {0, 0, 0, 0, 0, 0, 0, 2000},
  {0, 0, 0, 0, 0, 0, 0, 2000},
  {0, 0, 0, 0, 0, 0, 0, 2000},
  {0, 0, 0, 0, 0, 0, 0, 2000},
  {0, 0, 0, 0, 0, 0, 0, 2000},
  {0, 0, 0, 0, 0, 0, 0, 2000},
  {0, 0, 0, 0, 0, 0, 0, 2000},
  {0, 0, 0, 0, 0, 0, 0, 2000},
  {0, 0, 0, 0, 0, 0, 0, 2000},
  {0, 0, 0, 0, 0, 0, 0, 2000},
  {0, 0, 0, 0, 0, 0, 0, 2000},
  {0, 0, 0, 0, 0, 0, 0, 2000},
  {0, 0, 0, 0, 0, 0, 0, 2000},
  {0, 0, 0, 0, 0, 0, 0, 2000},
  {0, 0, 0, 0, 0, 0, 0, 2000},
  {0, 0, 0, 0, 0, 0, 0, 2000},
  {0, 0, 0, 0, 0, 0, 0, 2000},
  {0, 0, 0, 0, 0, 0, 0, 2000},
  {0, 0, 0, 0, 0, 0, 0, 2000},
  {0, 0, 0, 0, 0, 0, 0, 2000},
  {0, 0, 0, 0, 0, 0, 0, 2000},
  {0, 0, 0, 0, 0, 0, 0, 2000},
  {0, 0, 0, 0, 0, 0, 0, 2000},
  {0, 0, 0, 0, 0, 0, 0, 2000},
  {0, 0, 0, 0, 0, 0, 0, 2000},
  {0, 0, 0, 0, 0, 0, 0, 2000},
  {0, 0, 0, 0, 0, 0, 0, 2000},
  {0, 0, 0, 0, 0, 0, 0, 2000},
  {0, 0, 0, 0, 0, 0, 0, 2000},
  {0, 0, 0, 0, 0, 0, 0, 2000},
  {0, 0, 0, 0, 0, 0, 0, 2000},
  {0, 0, 0, 0, 0, 0, 0, 2000},
  {0, 0, 0, 0, 0, 0, 0, 2000},
  {0, 0, 0, 0, 0, 0, 0, 2000},
  {0, 0, 0, 0, 0, 0, 0, 2000},
  {0, 0, 0, 0, 0, 0, 0, 2000},
  {0, 0, 0, 0, 0, 0, 0, 2000},
  {0, 0, 0, 0, 0, 0, 0, 2000},
  {0, 0, 0, 0, 0, 0, 0, 2000},
  {0, 0, 0, 0, 0, 0, 0, 2000},
  {0, 0, 0, 0, 0, 0, 0, 2000},
  {0, 0, 0, 0, 0, 0, 0, 2000},
  {0, 0, 0, 0, 0, 0, 0, 2000},
  {0, 0, 0, 0, 0, 0, 0, 2000},
  {0, 0, 0, 0, 0, 0, 0, 2000},
  {0, 0, 0, 0, 0, 0, 0, 2000},
  {0, 0, 0, 0, 0, 0, 0, 2000},
  {0, 0, 0, 0, 0, 0, 0, 2000},
  {0, 0, 0, 0, 0, 0, 0, 2000},
  {0, 0, 0, 0, 0, 0, 0, 2000},
  {0, 0, 0, 0, 0, 0, 0, 2000},
  {0, 0, 0, 0, 0, 0, 0, 2000},
  {0, 0, 0, 0, 0, 0, 0, 2000},
  {0, 0, 0, 0, 0, 0, 0, 2000},
  {0, 0, 0, 0, 0, 0, 0, 2000},
  {0, 0, 0, 0, 0, 0, 0, 2000},
  {0, 0, 0, 0, 0, 0, 0, 2000},
  {0, 0, 0, 0, 0, 0, 0, 2000},
  {0, 0, 0, 0, 0, 0, 0, 2000},
  {0, 0, 0, 0, 0, 0, 0, 2000},
  {0, 0, 0, 0, 0, 0, 0, 2000},
  {0, 0, 0, 0, 0, 0, 0, 2000},
  {0, 0, 0, 0, 0, 0, 0, 2000},
  {0, 0, 0, 0, 0, 0, 0, 2000},
  {0, 0, 0, 0, 0, 0, 0, 2000},
  {0, 0, 0, 0, 0, 0, 0, 2000},
  {0, 0, 0, 0, 0, 0, 0, 2000},
  {0, 0, 0, 0, 0, 0, 0, 2000},
  {0, 0, 0, 0, 0, 0, 0, 2000},
  {0, 0, 0, 0, 0, 0, 0, 2000},
  {0, 0, 0, 0, 0, 0, 0, 2000},
  {0, 0, 0, 0, 0, 0, 0, 2000},
  {0, 0, 0, 0, 0, 0, 0, 2000},
  {0, 0, 0, 0, 0, 0, 0, 2000},
  {0, 0, 0, 0, 0, 0, 0, 2000},
  {0, 0, 0, 0, 0, 0, 0, 2000},
  {0, 0, 0, 0, 0, 0, 0, 2000},
  {0, 0, 0, 0, 0, 0, 0, 2000},
  {0, 0, 0, 0, 0, 0, 0, 2000},
  {0, 0, 0, 0, 0, 0, 0, 2000},
  {0, 0, 0, 0, 0, 0, 0, 2000},
  {0, 0, 0, 0, 0, 0, 0, 2000},
  {0, 0, 0, 0, 0, 0, 0, 2000},
  {0, 0, 0, 0, 0, 0, 0, 2000},
  {0, 0, 0, 0, 0, 0, 0, 2000},
  {0, 0, 0, 0, 0, 0, 0, 2000},
  {0, 0, 0, 0, 0, 0, 0, 2000},
  {0, 0, 0, 0, 0, 0, 0, 2000},
  {0, 0, 0, 0, 0, 0, 0, 2000},
  {0, 0, 0, 0, 0, 0, 0, 2000},
  {0, 0, 0, 0, 0, 0, 0, 2000},
  {0, 0, 0, 0, 0, 0, 0, 2000},
  {0, 0, 0, 0, 0, 0, 0, 2000},
  {0, 0, 0, 0, 0, 0, 0, 2000},
  {0, 0, 0, 0, 0, 0, 0, 2000},
  {0, 0, 0, 0, 0, 0, 0, 2000},
  {0, 0, 0, 0, 0, 0, 0, 2000},
  {0, 0, 0, 0, 0, 0, 0, 2000},
  {0, 0, 0, 0, 0, 0, 0, 2000},
  {0, 0, 0, 0, 0, 0, 0, 2000},
  {0, 0, 0, 0, 0, 0, 0, 2000},
  {0, 0, 0, 0, 0, 0, 0, 2000},
  {0, 0, 0, 0, 0, 0, 0, 2000},
  {0, 0, 0, 0, 0, 0, 0, 2000},
  {0, 0, 0, 0, 0, 0, 0, 2000},
  {0, 0, 0, 0, 0, 0, 0, 2000},
  {0, 0, 0, 0, 0, 0, 0, 2000},
  {0, 0, 0, 0, 0, 0, 0, 2000},
  {0, 0, 0, 0, 0, 0, 0, 2000},
  {0, 0, 0, 0, 0, 0, 0, 2000},
  {0, 0, 0, 0, 0, 0, 0, 2000},
  {0, 0, 0, 0, 0, 0, 0, 2000},
  {0, 0, 0, 0, 0, 0, 0, 2000},
  {0, 0, 0, 0, 0, 0, 0, 2000},
  {0, 0, 0, 0, 0, 0, 0, 2000},
  {0, 0, 0, 0, 0, 0, 0, 2000},
  {0, 0, 0, 0, 0, 0, 0, 2000},
  {0, 0, 0, 0, 0, 0, 0, 2000},
  {0, 0, 0, 0, 0, 0, 0, 2000},
  {0, 0, 0, 0, 0, 0, 0, 2000},
  {0, 0, 0, 0, 0, 0, 0, 2000},
  {0, 0, 0, 0, 0, 0, 0, 2000},
  {0, 0, 0, 0, 0, 0, 0, 2000},
  {0, 0, 0, 0, 0, 0, 0, 2000},
  {0, 0, 0, 0, 0, 0, 0, 2000},
  {0, 0, 0, 0, 0, 0, 0, 2000},
  {0, 0, 0, 0, 0, 0, 0, 2000},
  {0, 0, 0, 0, 0, 0, 0, 2000},
  {0, 0, 0, 0, 0, 0, 0, 2000},
  {0, 0, 0, 0, 0, 0, 0, 2000},
  {0, 0, 0, 0, 0, 0, 0, 2000},
  {0, 0, 0, 0, 0, 0, 0, 2000},
  {0, 0, 0, 0, 0, 0, 0, 2000},
  {0, 0, 0, 0, 0, 0, 0, 2000},
  {0, 0, 0, 0, 0, 0, 0, 2000},
  {0, 0, 0, 0, 0, 0, 0, 2000},
  {0, 0, 0, 0, 0, 0, 0, 2000},
  {0, 0, 0, 0, 0, 0, 0, 2000},
  {0, 0, 0, 0, 0, 0, 0, 2000},
  {0, 0, 0, 0, 0, 0, 0, 2000},
  {0, 0, 0, 0, 0, 0, 0, 2000},
  {0, 0, 0, 0, 0, 0, 0, 2000},
  {0, 0, 0, 0, 0, 0, 0, 2000},
  {0, 0, 0, 0, 0, 0, 0, 2000},
  {0, 0, 0, 0, 0, 0, 0, 2000},
  {0, 0, 0, 0, 0, 0, 0, 2000},
  {0, 0, 0, 0, 0, 0, 0, 2000},
  {0, 0, 0, 0, 0, 0, 0, 2000},
  {0, 0, 0, 0, 0, 0, 0, 2000},
  {0, 0, 0, 0, 0, 0, 0, 2000},
  {0, 0, 0, 0, 0, 0, 0, 2000},
  {0, 0, 0, 0, 0, 0, 0, 2000},
  {0, 0, 0, 0, 0, 0, 0, 2000},
  {0, 0, 0, 0, 0, 0, 0, 2000},
  {0, 0, 0, 0, 0, 0, 0, 2000},
  {0, 0, 0, 0, 0, 0, 0, 2000},
  {0, 0, 0, 0, 0, 0, 0, 2000},
  {0, 0, 0, 0, 0, 0, 0, 2000},
  {0, 0, 0, 0, 0, 0, 0, 2000},
  {0, 0, 0, 0, 0, 0, 0, 2000},
  {0, 0, 0, 0, 0, 0, 0, 2000},
  {0, 0, 0, 0, 0, 0, 0, 2000},
  {0, 0, 0, 0, 0, 0, 0, 2000},
  {0, 0, 0, 0, 0, 0, 0, 2000},
  {0, 0, 0, 0, 0, 0, 0, 2000},
  {0, 0, 0, 0, 0, 0, 0, 2000},
  {0, 0, 0, 0, 0, 0, 0, 2000},
  {0, 0, 0, 0, 0, 0, 0, 2000},
  {0, 0, 0, 0, 0, 0, 0, 2000},
  {0, 0, 0, 0, 0, 0, 0, 2000},
  {0, 0, 0, 0, 0, 0, 0, 2000},
  {0, 0, 0, 0, 0, 0, 0, 2000},
  {0, 0, 0, 0, 0, 0, 0, 2000},
  {0, 0, 0, 0, 0, 0, 0, 2000},
  {0, 0, 0, 0, 0, 0, 0, 2000},
  {0, 0, 0, 0, 0, 0, 0, 2000},
  {0, 0, 0, 0, 0, 0, 0, 2000},
  {0, 0, 0, 0, 0, 0, 0, 2000},
  {0, 0, 0, 0, 0, 0, 0, 2000},
  {0, 0, 0, 0, 0, 0, 0, 2000},
  {0, 0, 0, 0, 0, 0, 0, 2000},
  {0, 0, 0, 0, 0, 0, 0, 2000},
  {0, 0, 0, 0, 0, 0, 0, 2000},
  {0, 0, 0, 0, 0, 0, 0, 2000},
  {0, 0, 0, 0, 0, 0, 0, 2000},
  {0, 0, 0, 0, 0, 0, 0, 2000},
  {0, 0, 0, 0, 0, 0, 0, 2000},
  {0, 0, 0, 0, 0, 0, 0, 2000},
};
